2025-05-09 11:09:11 - __main__ - [INFO] Conectado al servidor!. Registrando equipo...
2025-05-09 11:09:11 - __main__ - [INFO] Registro enviado. Esperando respuesta...
2025-05-09 11:09:12 - __main__ - [INFO] El token del equipo es: TOKEN-2e476a2a-f69a-41c8-9a3d-deb491ce96cd
2025-05-09 11:09:13 - __main__ - [INFO] Tienes la pelota!
2025-05-09 11:09:13 - __main__ - [INFO] Accion enviada. Mensaje: mensaje_id='PATEAR' token='TOKEN-2e476a2a-f69a-41c8-9a3d-deb491ce96cd' datos={'x': 6, 'y': 0}
2025-05-09 11:09:19 - __main__ - [INFO] Reaccionar
2025-05-09 11:09:19 - utils - [INFO] Jugador mas cercano 9
2025-05-09 11:09:19 - __main__ - [INFO] Accion enviada. Mensaje: mensaje_id='CORRER' token='TOKEN-2e476a2a-f69a-41c8-9a3d-deb491ce96cd' datos={'movimientos': [{'jugador_numero': 9, 'x': 5, 'y': 6}]}
2025-05-09 11:09:19 - __main__ - [INFO] Reaccionar
2025-05-09 11:09:19 - utils - [INFO] Jugador mas cercano 9
2025-05-09 11:09:19 - __main__ - [INFO] Accion enviada. Mensaje: mensaje_id='CORRER' token='TOKEN-2e476a2a-f69a-41c8-9a3d-deb491ce96cd' datos={'movimientos': [{'jugador_numero': 9, 'x': 5, 'y': 6}]}
2025-05-09 11:09:20 - __main__ - [INFO] Tienes la pelota!
2025-05-09 11:09:20 - __main__ - [INFO] Accion enviada. Mensaje: mensaje_id='PATEAR' token='TOKEN-2e476a2a-f69a-41c8-9a3d-deb491ce96cd' datos={'x': 6, 'y': 0}
2025-05-09 11:09:20 - __main__ - [INFO] Tienes la pelota!
2025-05-09 11:09:20 - __main__ - [INFO] Accion enviada. Mensaje: mensaje_id='PATEAR' token='TOKEN-2e476a2a-f69a-41c8-9a3d-deb491ce96cd' datos={'x': 6, 'y': 0}
2025-05-09 11:09:21 - __main__ - [INFO] Reaccionar
2025-05-09 11:09:21 - utils - [INFO] Jugador mas cercano 9
2025-05-09 11:09:21 - __main__ - [INFO] Accion enviada. Mensaje: mensaje_id='MARCAR_ADVERSARIO' token='TOKEN-2e476a2a-f69a-41c8-9a3d-deb491ce96cd' datos={'jugador_numero': 9, 'adversario_numero': 6}
2025-05-09 11:09:21 - __main__ - [INFO] Reaccionar
2025-05-09 11:09:21 - utils - [INFO] Jugador mas cercano 9
2025-05-09 11:09:21 - __main__ - [INFO] Accion enviada. Mensaje: mensaje_id='CORRER' token='TOKEN-2e476a2a-f69a-41c8-9a3d-deb491ce96cd' datos={'movimientos': [{'jugador_numero': 9, 'x': 6, 'y': 2}]}
2025-05-09 11:09:21 - __main__ - [INFO] Reaccionar
2025-05-09 11:09:21 - utils - [INFO] Jugador mas cercano 9
2025-05-09 11:09:21 - __main__ - [INFO] Accion enviada. Mensaje: mensaje_id='CORRER' token='TOKEN-2e476a2a-f69a-41c8-9a3d-deb491ce96cd' datos={'movimientos': [{'jugador_numero': 9, 'x': 6, 'y': 2}]}
2025-05-09 11:09:21 - __main__ - [ERROR] Mensaje de error del servidor. Mensaje enviado: mensaje_id='CORRER' token='TOKEN-2e476a2a-f69a-41c8-9a3d-deb491ce96cd' datos={'movimientos': [{'jugador_numero': 9, 'x': 6, 'y': 2}]}, Mensaje recibido: mensaje_id='ERROR' datos={'descripcion': 'PATEAR no se puede ejecturar por no poseer la pelota.'}
2025-05-09 11:09:21 - mensajes - [ERROR] msg_id no interpretado. Data: {'mensaje_id': 'OCUPADO', 'datos': {'descripcion': 'El Servidor está ocupado en este momento. Intente más tarde.'}}
2025-05-09 11:09:21 - __main__ - [WARNING] Otro mensaje recibido. Mensaje enviado: 
Mensaje Enviado: mensaje_id='CORRER' token='TOKEN-2e476a2a-f69a-41c8-9a3d-deb491ce96cd' datos={'movimientos': [{'jugador_numero': 9, 'x': 6, 'y': 2}]}

Mensaje recibido: None
2025-05-09 11:09:22 - __main__ - [INFO] Reaccionar
2025-05-09 11:09:22 - utils - [INFO] Jugador mas cercano 9
2025-05-09 11:09:22 - __main__ - [INFO] Accion enviada. Mensaje: mensaje_id='CORRER' token='TOKEN-2e476a2a-f69a-41c8-9a3d-deb491ce96cd' datos={'movimientos': [{'jugador_numero': 9, 'x': 6, 'y': 2}]}
2025-05-09 11:09:22 - __main__ - [INFO] Reaccionar
2025-05-09 11:09:22 - utils - [INFO] Jugador mas cercano 9
2025-05-09 11:09:22 - __main__ - [INFO] Accion enviada. Mensaje: mensaje_id='CORRER' token='TOKEN-2e476a2a-f69a-41c8-9a3d-deb491ce96cd' datos={'movimientos': [{'jugador_numero': 9, 'x': 6, 'y': 2}]}
2025-05-09 11:09:22 - __main__ - [INFO] Tienes la pelota!
2025-05-09 11:09:22 - __main__ - [INFO] Accion enviada. Mensaje: mensaje_id='PATEAR' token='TOKEN-2e476a2a-f69a-41c8-9a3d-deb491ce96cd' datos={'x': 6, 'y': 0}
2025-05-09 11:09:22 - mensajes - [ERROR] msg_id no interpretado. Data: {'mensaje_id': 'OCUPADO', 'datos': {'descripcion': 'El Servidor está ocupado en este momento. Intente más tarde.'}}
2025-05-09 11:09:22 - __main__ - [WARNING] Otro mensaje recibido. Mensaje enviado: 
Mensaje Enviado: mensaje_id='PATEAR' token='TOKEN-2e476a2a-f69a-41c8-9a3d-deb491ce96cd' datos={'x': 6, 'y': 0}

Mensaje recibido: None
2025-05-09 11:09:27 - __main__ - [INFO] Tienes la pelota!
2025-05-09 11:09:27 - __main__ - [INFO] Accion enviada. Mensaje: mensaje_id='PATEAR' token='TOKEN-2e476a2a-f69a-41c8-9a3d-deb491ce96cd' datos={'x': 6, 'y': 0}
2025-05-09 11:09:27 - __main__ - [INFO] Reaccionar
2025-05-09 11:09:27 - utils - [INFO] Jugador mas cercano 9
2025-05-09 11:09:27 - __main__ - [INFO] Accion enviada. Mensaje: mensaje_id='MARCAR_ADVERSARIO' token='TOKEN-2e476a2a-f69a-41c8-9a3d-deb491ce96cd' datos={'jugador_numero': 9, 'adversario_numero': 1}
2025-05-09 11:09:27 - __main__ - [INFO] Tienes la pelota!
2025-05-09 11:09:27 - __main__ - [INFO] Accion enviada. Mensaje: mensaje_id='PATEAR' token='TOKEN-2e476a2a-f69a-41c8-9a3d-deb491ce96cd' datos={'x': 6, 'y': 0}
2025-05-09 11:09:27 - __main__ - [INFO] Tienes la pelota!
2025-05-09 11:09:27 - __main__ - [INFO] Accion enviada. Mensaje: mensaje_id='PATEAR' token='TOKEN-2e476a2a-f69a-41c8-9a3d-deb491ce96cd' datos={'x': 6, 'y': 0}
2025-05-09 11:09:27 - mensajes - [ERROR] msg_id no interpretado. Data: {'mensaje_id': 'OCUPADO', 'datos': {'descripcion': 'El Servidor está ocupado en este momento. Intente más tarde.'}}
2025-05-09 11:09:27 - __main__ - [WARNING] Otro mensaje recibido. Mensaje enviado: 
Mensaje Enviado: mensaje_id='PATEAR' token='TOKEN-2e476a2a-f69a-41c8-9a3d-deb491ce96cd' datos={'x': 6, 'y': 0}

Mensaje recibido: None
2025-05-09 11:09:37 - __main__ - [INFO] Tienes la pelota!
2025-05-09 11:09:37 - __main__ - [INFO] Accion enviada. Mensaje: mensaje_id='PATEAR' token='TOKEN-2e476a2a-f69a-41c8-9a3d-deb491ce96cd' datos={'x': 6, 'y': 0}
2025-05-09 11:09:37 - mensajes - [ERROR] msg_id no interpretado. Data: {'mensaje_id': 'GOL', 'destinatario': 'TOKEN-2e476a2a-f69a-41c8-9a3d-deb491ce96cd', 'datos': [{'id': 'equipo:TOKEN-2e476a2a-f69a-41c8-9a3d-deb491ce96cd', 'nombre': 'LANUS', 'formacion': '4-3-3', 'rol': 2, 'goles': 1, 'arco': [{'x': 5, 'y': 19}, {'x': 6, 'y': 19}, {'x': 7, 'y': 19}]}, {'tipo': 'cancha', 'id': 'cancha', 'equipo1': {'id': 'equipo:TOKEN-ec7dbb4a-779d-4982-a188-83cf09e272c0', 'nombre': 'PIÑEYRO', 'formacion': '4-4-2', 'rol': 1, 'goles': 0, 'arco': [{'x': 5, 'y': 0}, {'x': 6, 'y': 0}, {'x': 7, 'y': 0}]}, 'equipo2': {'id': 'equipo:TOKEN-2e476a2a-f69a-41c8-9a3d-deb491ce96cd', 'nombre': 'LANUS', 'formacion': '4-3-3', 'rol': 2, 'goles': 1, 'arco': [{'x': 5, 'y': 19}, {'x': 6, 'y': 19}, {'x': 7, 'y': 19}]}, 'sectores': [{'id': 253, 'x': 6, 'y': 19, 'ocupantes': [{'numero': 1, 'nombre': 'Marchesin', 'equipo_id': 'equipo:TOKEN-2e476a2a-f69a-41c8-9a3d-deb491ce96cd', 'sector_id': 253, 'tiene_la_pelota': False}]}, {'id': 209, 'x': 1, 'y': 16, 'ocupantes': [{'numero': 2, 'nombre': 'Rojo', 'equipo_id': 'equipo:TOKEN-2e476a2a-f69a-41c8-9a3d-deb491ce96cd', 'sector_id': 209, 'tiene_la_pelota': False}]}, {'id': 212, 'x': 4, 'y': 16, 'ocupantes': [{'numero': 3, 'nombre': 'Blanco', 'equipo_id': 'equipo:TOKEN-2e476a2a-f69a-41c8-9a3d-deb491ce96cd', 'sector_id': 212, 'tiene_la_pelota': False}]}, {'id': 216, 'x': 8, 'y': 16, 'ocupantes': [{'numero': 4, 'nombre': 'Advíncula', 'equipo_id': 'equipo:TOKEN-2e476a2a-f69a-41c8-9a3d-deb491ce96cd', 'sector_id': 216, 'tiene_la_pelota': False}]}, {'id': 219, 'x': 11, 'y': 16, 'ocupantes': [{'numero': 5, 'nombre': 'Blondel', 'equipo_id': 'equipo:TOKEN-2e476a2a-f69a-41c8-9a3d-deb491ce96cd', 'sector_id': 219, 'tiene_la_pelota': False}]}, {'id': 172, 'x': 3, 'y': 13, 'ocupantes': [{'numero': 6, 'nombre': 'Belmonte', 'equipo_id': 'equipo:TOKEN-2e476a2a-f69a-41c8-9a3d-deb491ce96cd', 'sector_id': 172, 'tiene_la_pelota': False}, {'numero': 10, 'nombre': 'Dangiolo', 'equipo_id': 'equipo:TOKEN-ec7dbb4a-779d-4982-a188-83cf09e272c0', 'es_el_crack': True, 'sector_id': 172, 'tiene_la_pelota': False}]}, {'id': 175, 'x': 6, 'y': 13, 'ocupantes': [{'numero': 7, 'nombre': 'Palacios', 'equipo_id': 'equipo:TOKEN-2e476a2a-f69a-41c8-9a3d-deb491ce96cd', 'sector_id': 175, 'tiene_la_pelota': False}]}, {'id': 178, 'x': 9, 'y': 13, 'ocupantes': [{'numero': 8, 'nombre': 'Delgado', 'equipo_id': 'equipo:TOKEN-2e476a2a-f69a-41c8-9a3d-deb491ce96cd', 'sector_id': 178, 'tiene_la_pelota': False}]}, {'id': 32, 'x': 6, 'y': 2, 'ocupantes': [{'numero': 9, 'nombre': 'Zenón', 'equipo_id': 'equipo:TOKEN-2e476a2a-f69a-41c8-9a3d-deb491ce96cd', 'sector_id': 32, 'tiene_la_pelota': False}, {'numero': 1, 'nombre': 'Mayer', 'equipo_id': 'equipo:TOKEN-ec7dbb4a-779d-4982-a188-83cf09e272c0', 'sector_id': 32, 'tiene_la_pelota': False}]}, {'id': 138, 'x': 8, 'y': 10, 'ocupantes': [{'numero': 10, 'nombre': 'Merentiel', 'equipo_id': 'equipo:TOKEN-2e476a2a-f69a-41c8-9a3d-deb491ce96cd', 'es_el_crack': True, 'sector_id': 138, 'tiene_la_pelota': False}]}, {'id': 134, 'x': 4, 'y': 10, 'ocupantes': [{'numero': 11, 'nombre': 'Cavani', 'equipo_id': 'equipo:TOKEN-2e476a2a-f69a-41c8-9a3d-deb491ce96cd', 'tiene_la_pelota': False, 'sector_id': 134}]}, {'id': 37, 'x': 11, 'y': 2, 'ocupantes': [{'numero': 2, 'nombre': 'Lagostena', 'equipo_id': 'equipo:TOKEN-ec7dbb4a-779d-4982-a188-83cf09e272c0', 'sector_id': 37, 'tiene_la_pelota': False}]}, {'id': 34, 'x': 8, 'y': 2, 'ocupantes': [{'numero': 3, 'nombre': 'Asteasuain', 'equipo_id': 'equipo:TOKEN-ec7dbb4a-779d-4982-a188-83cf09e272c0', 'sector_id': 34, 'tiene_la_pelota': False}]}, {'id': 30, 'x': 4, 'y': 2, 'ocupantes': [{'numero': 4, 'nombre': 'Diaz', 'equipo_id': 'equipo:TOKEN-ec7dbb4a-779d-4982-a188-83cf09e272c0', 'sector_id': 30, 'tiene_la_pelota': False}]}, {'id': 27, 'x': 1, 'y': 2, 'ocupantes': [{'numero': 5, 'nombre': 'Freire', 'equipo_id': 'equipo:TOKEN-ec7dbb4a-779d-4982-a188-83cf09e272c0', 'sector_id': 27, 'tiene_la_pelota': False}]}, {'id': 83, 'x': 5, 'y': 6, 'ocupantes': [{'numero': 6, 'nombre': 'Galli', 'equipo_id': 'equipo:TOKEN-ec7dbb4a-779d-4982-a188-83cf09e272c0', 'sector_id': 83, 'tiene_la_pelota': False}]}, {'id': 110, 'x': 6, 'y': 8, 'ocupantes': [{'numero': 7, 'nombre': 'Legaspi', 'equipo_id': 'equipo:TOKEN-ec7dbb4a-779d-4982-a188-83cf09e272c0', 'sector_id': 110, 'tiene_la_pelota': False}]}, {'id': 87, 'x': 9, 'y': 6, 'ocupantes': [{'numero': 8, 'nombre': 'Sabella', 'equipo_id': 'equipo:TOKEN-ec7dbb4a-779d-4982-a188-83cf09e272c0', 'sector_id': 87, 'tiene_la_pelota': False}]}, {'id': 81, 'x': 3, 'y': 6, 'ocupantes': [{'numero': 9, 'nombre': 'Tomsic', 'equipo_id': 'equipo:TOKEN-ec7dbb4a-779d-4982-a188-83cf09e272c0', 'sector_id': 81, 'tiene_la_pelota': False}]}, {'id': 125, 'x': 8, 'y': 9, 'ocupantes': [{'numero': 11, 'nombre': 'Dubinsky', 'equipo_id': 'equipo:TOKEN-ec7dbb4a-779d-4982-a188-83cf09e272c0', 'tiene_la_pelota': False, 'sector_id': 125}]}], 'ubicacion_pelota': {'id': 6, 'x': 6, 'y': 0, 'esta_la_pelota': True}, 'time_stamp': '1746799768949'}, {'tipo': 'cancha', 'id': 'cancha_formada', 'equipo1': {'id': 'equipo:TOKEN-ec7dbb4a-779d-4982-a188-83cf09e272c0', 'nombre': 'PIÑEYRO', 'formacion': '4-4-2', 'rol': 1, 'goles': 0, 'arco': [{'x': 5, 'y': 0}, {'x': 6, 'y': 0}, {'x': 7, 'y': 0}]}, 'equipo2': {'id': 'equipo:TOKEN-2e476a2a-f69a-41c8-9a3d-deb491ce96cd', 'nombre': 'LANUS', 'formacion': '4-3-3', 'rol': 2, 'goles': 1, 'arco': [{'x': 5, 'y': 19}, {'x': 6, 'y': 19}, {'x': 7, 'y': 19}]}, 'sectores': [{'id': 253, 'x': 6, 'y': 19, 'ocupantes': [{'numero': 1, 'nombre': 'Marchesin', 'equipo_id': 'equipo:TOKEN-2e476a2a-f69a-41c8-9a3d-deb491ce96cd', 'sector_id': 253}]}, {'id': 209, 'x': 1, 'y': 16, 'ocupantes': [{'numero': 2, 'nombre': 'Rojo', 'equipo_id': 'equipo:TOKEN-2e476a2a-f69a-41c8-9a3d-deb491ce96cd', 'sector_id': 209}]}, {'id': 212, 'x': 4, 'y': 16, 'ocupantes': [{'numero': 3, 'nombre': 'Blanco', 'equipo_id': 'equipo:TOKEN-2e476a2a-f69a-41c8-9a3d-deb491ce96cd', 'sector_id': 212}]}, {'id': 216, 'x': 8, 'y': 16, 'ocupantes': [{'numero': 4, 'nombre': 'Advíncula', 'equipo_id': 'equipo:TOKEN-2e476a2a-f69a-41c8-9a3d-deb491ce96cd', 'sector_id': 216}]}, {'id': 219, 'x': 11, 'y': 16, 'ocupantes': [{'numero': 5, 'nombre': 'Blondel', 'equipo_id': 'equipo:TOKEN-2e476a2a-f69a-41c8-9a3d-deb491ce96cd', 'sector_id': 219}]}, {'id': 172, 'x': 3, 'y': 13, 'ocupantes': [{'numero': 6, 'nombre': 'Belmonte', 'equipo_id': 'equipo:TOKEN-2e476a2a-f69a-41c8-9a3d-deb491ce96cd', 'sector_id': 172}]}, {'id': 175, 'x': 6, 'y': 13, 'ocupantes': [{'numero': 7, 'nombre': 'Palacios', 'equipo_id': 'equipo:TOKEN-2e476a2a-f69a-41c8-9a3d-deb491ce96cd', 'sector_id': 175}]}, {'id': 178, 'x': 9, 'y': 13, 'ocupantes': [{'numero': 8, 'nombre': 'Delgado', 'equipo_id': 'equipo:TOKEN-2e476a2a-f69a-41c8-9a3d-deb491ce96cd', 'sector_id': 178}]}, {'id': 136, 'x': 6, 'y': 10, 'ocupantes': [{'numero': 9, 'nombre': 'Zenón', 'equipo_id': 'equipo:TOKEN-2e476a2a-f69a-41c8-9a3d-deb491ce96cd', 'sector_id': 136}]}, {'id': 138, 'x': 8, 'y': 10, 'ocupantes': [{'numero': 10, 'nombre': 'Merentiel', 'equipo_id': 'equipo:TOKEN-2e476a2a-f69a-41c8-9a3d-deb491ce96cd', 'es_el_crack': True, 'sector_id': 138}]}, {'id': 134, 'x': 4, 'y': 10, 'ocupantes': [{'numero': 11, 'nombre': 'Cavani', 'equipo_id': 'equipo:TOKEN-2e476a2a-f69a-41c8-9a3d-deb491ce96cd', 'tiene_la_pelota': True, 'sector_id': 134}]}, {'id': 6, 'x': 6, 'y': 0, 'ocupantes': [{'numero': 1, 'nombre': 'Mayer', 'equipo_id': 'equipo:TOKEN-ec7dbb4a-779d-4982-a188-83cf09e272c0', 'sector_id': 6, 'tiene_la_pelota': False}]}, {'id': 37, 'x': 11, 'y': 2, 'ocupantes': [{'numero': 2, 'nombre': 'Lagostena', 'equipo_id': 'equipo:TOKEN-ec7dbb4a-779d-4982-a188-83cf09e272c0', 'sector_id': 37, 'tiene_la_pelota': False}]}, {'id': 34, 'x': 8, 'y': 2, 'ocupantes': [{'numero': 3, 'nombre': 'Asteasuain', 'equipo_id': 'equipo:TOKEN-ec7dbb4a-779d-4982-a188-83cf09e272c0', 'sector_id': 34, 'tiene_la_pelota': False}]}, {'id': 30, 'x': 4, 'y': 2, 'ocupantes': [{'numero': 4, 'nombre': 'Diaz', 'equipo_id': 'equipo:TOKEN-ec7dbb4a-779d-4982-a188-83cf09e272c0', 'sector_id': 30, 'tiene_la_pelota': False}]}, {'id': 27, 'x': 1, 'y': 2, 'ocupantes': [{'numero': 5, 'nombre': 'Freire', 'equipo_id': 'equipo:TOKEN-ec7dbb4a-779d-4982-a188-83cf09e272c0', 'sector_id': 27, 'tiene_la_pelota': False}]}, {'id': 71, 'x': 6, 'y': 5, 'ocupantes': [{'numero': 6, 'nombre': 'Galli', 'equipo_id': 'equipo:TOKEN-ec7dbb4a-779d-4982-a188-83cf09e272c0', 'sector_id': 71, 'tiene_la_pelota': False}]}, {'id': 110, 'x': 6, 'y': 8, 'ocupantes': [{'numero': 7, 'nombre': 'Legaspi', 'equipo_id': 'equipo:TOKEN-ec7dbb4a-779d-4982-a188-83cf09e272c0', 'sector_id': 110, 'tiene_la_pelota': False}]}, {'id': 87, 'x': 9, 'y': 6, 'ocupantes': [{'numero': 8, 'nombre': 'Sabella', 'equipo_id': 'equipo:TOKEN-ec7dbb4a-779d-4982-a188-83cf09e272c0', 'sector_id': 87, 'tiene_la_pelota': False}]}, {'id': 81, 'x': 3, 'y': 6, 'ocupantes': [{'numero': 9, 'nombre': 'Tomsic', 'equipo_id': 'equipo:TOKEN-ec7dbb4a-779d-4982-a188-83cf09e272c0', 'sector_id': 81, 'tiene_la_pelota': False}]}, {'id': 121, 'x': 4, 'y': 9, 'ocupantes': [{'numero': 10, 'nombre': 'Dangiolo', 'equipo_id': 'equipo:TOKEN-ec7dbb4a-779d-4982-a188-83cf09e272c0', 'es_el_crack': True, 'sector_id': 121, 'tiene_la_pelota': False}]}, {'id': 125, 'x': 8, 'y': 9, 'ocupantes': [{'numero': 11, 'nombre': 'Dubinsky', 'equipo_id': 'equipo:TOKEN-ec7dbb4a-779d-4982-a188-83cf09e272c0', 'tiene_la_pelota': True, 'sector_id': 125}]}], 'ubicacion_pelota': {'id': 121, 'x': 4, 'y': 9}, 'time_stamp': '1746799754648'}, {'tipo': 'reloj', 'reloj': 165690}]}
2025-05-09 11:09:37 - __main__ - [WARNING] Otro mensaje recibido. Mensaje enviado: 
Mensaje Enviado: mensaje_id='PATEAR' token='TOKEN-2e476a2a-f69a-41c8-9a3d-deb491ce96cd' datos={'x': 6, 'y': 0}

Mensaje recibido: None
2025-05-09 11:09:39 - __main__ - [INFO] Tienes la pelota!
2025-05-09 11:09:39 - __main__ - [INFO] Accion enviada. Mensaje: mensaje_id='PATEAR' token='TOKEN-2e476a2a-f69a-41c8-9a3d-deb491ce96cd' datos={'x': 6, 'y': 0}
2025-05-09 11:09:39 - __main__ - [INFO] Reaccionar
2025-05-09 11:09:39 - utils - [INFO] Jugador mas cercano 9
2025-05-09 11:09:39 - __main__ - [INFO] Accion enviada. Mensaje: mensaje_id='CORRER' token='TOKEN-2e476a2a-f69a-41c8-9a3d-deb491ce96cd' datos={'movimientos': [{'jugador_numero': 9, 'x': 5, 'y': 6}]}
2025-05-09 11:09:39 - __main__ - [INFO] Reaccionar
2025-05-09 11:09:39 - utils - [INFO] Jugador mas cercano 9
2025-05-09 11:09:39 - __main__ - [INFO] Accion enviada. Mensaje: mensaje_id='CORRER' token='TOKEN-2e476a2a-f69a-41c8-9a3d-deb491ce96cd' datos={'movimientos': [{'jugador_numero': 9, 'x': 5, 'y': 6}]}
2025-05-09 11:09:39 - mensajes - [ERROR] msg_id no interpretado. Data: {'mensaje_id': 'OCUPADO', 'datos': {'descripcion': 'El Servidor está ocupado en este momento. Intente más tarde.'}}
2025-05-09 11:09:39 - __main__ - [WARNING] Otro mensaje recibido. Mensaje enviado: 
Mensaje Enviado: mensaje_id='CORRER' token='TOKEN-2e476a2a-f69a-41c8-9a3d-deb491ce96cd' datos={'movimientos': [{'jugador_numero': 9, 'x': 5, 'y': 6}]}

Mensaje recibido: None
2025-05-09 11:09:40 - __main__ - [ERROR] Mensaje de error del servidor. Mensaje enviado: mensaje_id='CORRER' token='TOKEN-2e476a2a-f69a-41c8-9a3d-deb491ce96cd' datos={'movimientos': [{'jugador_numero': 9, 'x': 5, 'y': 6}]}, Mensaje recibido: mensaje_id='ERROR' datos={'descripcion': 'PATEAR no se puede ejecturar por no poseer la pelota.'}
2025-05-09 11:09:40 - __main__ - [INFO] Reaccionar
2025-05-09 11:09:40 - utils - [INFO] Jugador mas cercano 9
2025-05-09 11:09:40 - __main__ - [INFO] Accion enviada. Mensaje: mensaje_id='CORRER' token='TOKEN-2e476a2a-f69a-41c8-9a3d-deb491ce96cd' datos={'movimientos': [{'jugador_numero': 9, 'x': 5, 'y': 6}]}
2025-05-09 11:09:40 - __main__ - [INFO] Tienes la pelota!
2025-05-09 11:09:40 - __main__ - [INFO] Accion enviada. Mensaje: mensaje_id='PATEAR' token='TOKEN-2e476a2a-f69a-41c8-9a3d-deb491ce96cd' datos={'x': 6, 'y': 0}
2025-05-09 11:09:42 - __main__ - [INFO] Reaccionar
2025-05-09 11:09:42 - utils - [INFO] Jugador mas cercano 9
2025-05-09 11:09:42 - __main__ - [INFO] Accion enviada. Mensaje: mensaje_id='CORRER' token='TOKEN-2e476a2a-f69a-41c8-9a3d-deb491ce96cd' datos={'movimientos': [{'jugador_numero': 9, 'x': 5, 'y': 6}]}
2025-05-09 11:09:42 - __main__ - [INFO] Tienes la pelota!
2025-05-09 11:09:42 - __main__ - [INFO] Accion enviada. Mensaje: mensaje_id='PATEAR' token='TOKEN-2e476a2a-f69a-41c8-9a3d-deb491ce96cd' datos={'x': 6, 'y': 0}
2025-05-09 11:09:42 - __main__ - [INFO] Tienes la pelota!
2025-05-09 11:09:42 - __main__ - [INFO] Accion enviada. Mensaje: mensaje_id='PATEAR' token='TOKEN-2e476a2a-f69a-41c8-9a3d-deb491ce96cd' datos={'x': 6, 'y': 0}
2025-05-09 11:09:42 - __main__ - [INFO] Reaccionar
2025-05-09 11:09:42 - utils - [INFO] Jugador mas cercano 9
2025-05-09 11:09:42 - __main__ - [INFO] Accion enviada. Mensaje: mensaje_id='CORRER' token='TOKEN-2e476a2a-f69a-41c8-9a3d-deb491ce96cd' datos={'movimientos': [{'jugador_numero': 9, 'x': 7, 'y': 2}]}
2025-05-09 11:09:42 - mensajes - [ERROR] msg_id no interpretado. Data: {'mensaje_id': 'OCUPADO', 'datos': {'descripcion': 'El Servidor está ocupado en este momento. Intente más tarde.'}}
2025-05-09 11:09:42 - __main__ - [WARNING] Otro mensaje recibido. Mensaje enviado: 
Mensaje Enviado: mensaje_id='CORRER' token='TOKEN-2e476a2a-f69a-41c8-9a3d-deb491ce96cd' datos={'movimientos': [{'jugador_numero': 9, 'x': 7, 'y': 2}]}

Mensaje recibido: None
2025-05-09 11:09:43 - __main__ - [INFO] Reaccionar
2025-05-09 11:09:43 - utils - [INFO] Jugador mas cercano 9
2025-05-09 11:09:43 - __main__ - [INFO] Accion enviada. Mensaje: mensaje_id='CORRER' token='TOKEN-2e476a2a-f69a-41c8-9a3d-deb491ce96cd' datos={'movimientos': [{'jugador_numero': 9, 'x': 7, 'y': 2}]}
2025-05-09 11:09:43 - __main__ - [ERROR] Mensaje de error del servidor. Mensaje enviado: mensaje_id='CORRER' token='TOKEN-2e476a2a-f69a-41c8-9a3d-deb491ce96cd' datos={'movimientos': [{'jugador_numero': 9, 'x': 7, 'y': 2}]}, Mensaje recibido: mensaje_id='ERROR' datos={'descripcion': 'PATEAR no se puede ejecturar por no poseer la pelota.'}
2025-05-09 11:09:43 - __main__ - [INFO] Reaccionar
2025-05-09 11:09:43 - utils - [INFO] Jugador mas cercano 9
2025-05-09 11:09:43 - __main__ - [INFO] Accion enviada. Mensaje: mensaje_id='CORRER' token='TOKEN-2e476a2a-f69a-41c8-9a3d-deb491ce96cd' datos={'movimientos': [{'jugador_numero': 9, 'x': 7, 'y': 2}]}
2025-05-09 11:09:45 - __main__ - [INFO] Reaccionar
2025-05-09 11:09:45 - utils - [INFO] Jugador mas cercano 9
2025-05-09 11:09:45 - __main__ - [INFO] Accion enviada. Mensaje: mensaje_id='CORRER' token='TOKEN-2e476a2a-f69a-41c8-9a3d-deb491ce96cd' datos={'movimientos': [{'jugador_numero': 9, 'x': 7, 'y': 2}]}
2025-05-09 11:09:45 - __main__ - [INFO] Reaccionar
2025-05-09 11:09:45 - utils - [INFO] Jugador mas cercano 9
2025-05-09 11:09:45 - __main__ - [INFO] Accion enviada. Mensaje: mensaje_id='CORRER' token='TOKEN-2e476a2a-f69a-41c8-9a3d-deb491ce96cd' datos={'movimientos': [{'jugador_numero': 9, 'x': 7, 'y': 2}]}
2025-05-09 11:09:45 - __main__ - [INFO] Tienes la pelota!
2025-05-09 11:09:45 - __main__ - [INFO] Accion enviada. Mensaje: mensaje_id='PATEAR' token='TOKEN-2e476a2a-f69a-41c8-9a3d-deb491ce96cd' datos={'x': 6, 'y': 0}
2025-05-09 11:09:45 - __main__ - [INFO] Reaccionar
2025-05-09 11:09:45 - utils - [INFO] Jugador mas cercano 9
2025-05-09 11:09:45 - __main__ - [INFO] Accion enviada. Mensaje: mensaje_id='MARCAR_ADVERSARIO' token='TOKEN-2e476a2a-f69a-41c8-9a3d-deb491ce96cd' datos={'jugador_numero': 9, 'adversario_numero': 3}
2025-05-09 11:09:45 - mensajes - [ERROR] msg_id no interpretado. Data: {'mensaje_id': 'OCUPADO', 'datos': {'descripcion': 'El Servidor está ocupado en este momento. Intente más tarde.'}}
2025-05-09 11:09:45 - __main__ - [WARNING] Otro mensaje recibido. Mensaje enviado: 
Mensaje Enviado: mensaje_id='MARCAR_ADVERSARIO' token='TOKEN-2e476a2a-f69a-41c8-9a3d-deb491ce96cd' datos={'jugador_numero': 9, 'adversario_numero': 3}

Mensaje recibido: None
2025-05-09 11:09:46 - __main__ - [INFO] Reaccionar
2025-05-09 11:09:46 - utils - [INFO] Pelota en el aire.
2025-05-09 11:09:46 - utils - [INFO] Jugador mas cercano 9
2025-05-09 11:09:46 - __main__ - [INFO] Accion enviada. Mensaje: mensaje_id='CORRER' token='TOKEN-2e476a2a-f69a-41c8-9a3d-deb491ce96cd' datos={'movimientos': [{'jugador_numero': 9, 'x': 7, 'y': 2}]}
2025-05-09 11:09:46 - __main__ - [INFO] Reaccionar
2025-05-09 11:09:46 - utils - [INFO] Jugador mas cercano 9
2025-05-09 11:09:46 - __main__ - [INFO] Accion enviada. Mensaje: mensaje_id='CORRER' token='TOKEN-2e476a2a-f69a-41c8-9a3d-deb491ce96cd' datos={'movimientos': [{'jugador_numero': 9, 'x': 7, 'y': 5}]}
2025-05-09 11:09:46 - __main__ - [INFO] Tienes la pelota!
2025-05-09 11:09:46 - __main__ - [INFO] Accion enviada. Mensaje: mensaje_id='PATEAR' token='TOKEN-2e476a2a-f69a-41c8-9a3d-deb491ce96cd' datos={'x': 6, 'y': 0}
2025-05-09 11:09:46 - __main__ - [INFO] Tienes la pelota!
2025-05-09 11:09:46 - __main__ - [INFO] Accion enviada. Mensaje: mensaje_id='PATEAR' token='TOKEN-2e476a2a-f69a-41c8-9a3d-deb491ce96cd' datos={'x': 6, 'y': 0}
2025-05-09 11:09:46 - mensajes - [ERROR] msg_id no interpretado. Data: {'mensaje_id': 'OCUPADO', 'datos': {'descripcion': 'El Servidor está ocupado en este momento. Intente más tarde.'}}
2025-05-09 11:09:46 - __main__ - [WARNING] Otro mensaje recibido. Mensaje enviado: 
Mensaje Enviado: mensaje_id='PATEAR' token='TOKEN-2e476a2a-f69a-41c8-9a3d-deb491ce96cd' datos={'x': 6, 'y': 0}

Mensaje recibido: None
2025-05-09 11:09:48 - __main__ - [INFO] Reaccionar
2025-05-09 11:09:48 - utils - [INFO] Jugador mas cercano 9
2025-05-09 11:09:48 - __main__ - [INFO] Accion enviada. Mensaje: mensaje_id='MARCAR_ADVERSARIO' token='TOKEN-2e476a2a-f69a-41c8-9a3d-deb491ce96cd' datos={'jugador_numero': 9, 'adversario_numero': 3}
2025-05-09 11:09:48 - __main__ - [INFO] Tienes la pelota!
2025-05-09 11:09:48 - __main__ - [INFO] Accion enviada. Mensaje: mensaje_id='PATEAR' token='TOKEN-2e476a2a-f69a-41c8-9a3d-deb491ce96cd' datos={'x': 6, 'y': 0}
2025-05-09 11:09:48 - __main__ - [INFO] Reaccionar
2025-05-09 11:09:48 - utils - [INFO] Jugador mas cercano 9
2025-05-09 11:09:48 - __main__ - [INFO] Accion enviada. Mensaje: mensaje_id='MARCAR_ADVERSARIO' token='TOKEN-2e476a2a-f69a-41c8-9a3d-deb491ce96cd' datos={'jugador_numero': 9, 'adversario_numero': 6}
2025-05-09 11:09:48 - __main__ - [INFO] Reaccionar
2025-05-09 11:09:48 - utils - [INFO] Jugador mas cercano 9
2025-05-09 11:09:48 - __main__ - [INFO] Accion enviada. Mensaje: mensaje_id='MARCAR_ADVERSARIO' token='TOKEN-2e476a2a-f69a-41c8-9a3d-deb491ce96cd' datos={'jugador_numero': 9, 'adversario_numero': 3}
2025-05-09 11:09:48 - mensajes - [ERROR] msg_id no interpretado. Data: {'mensaje_id': 'OCUPADO', 'datos': {'descripcion': 'El Servidor está ocupado en este momento. Intente más tarde.'}}
2025-05-09 11:09:48 - __main__ - [WARNING] Otro mensaje recibido. Mensaje enviado: 
Mensaje Enviado: mensaje_id='MARCAR_ADVERSARIO' token='TOKEN-2e476a2a-f69a-41c8-9a3d-deb491ce96cd' datos={'jugador_numero': 9, 'adversario_numero': 3}

Mensaje recibido: None
2025-05-09 11:09:50 - __main__ - [INFO] Reaccionar
2025-05-09 11:09:50 - utils - [INFO] Pelota en el aire.
2025-05-09 11:09:50 - utils - [INFO] Jugador mas cercano 9
2025-05-09 11:09:50 - __main__ - [INFO] Accion enviada. Mensaje: mensaje_id='CORRER' token='TOKEN-2e476a2a-f69a-41c8-9a3d-deb491ce96cd' datos={'movimientos': [{'jugador_numero': 9, 'x': 7, 'y': 5}]}
2025-05-09 11:09:50 - __main__ - [INFO] Reaccionar
2025-05-09 11:09:50 - utils - [INFO] Jugador mas cercano 10
2025-05-09 11:09:50 - __main__ - [INFO] Accion enviada. Mensaje: mensaje_id='CORRER' token='TOKEN-2e476a2a-f69a-41c8-9a3d-deb491ce96cd' datos={'movimientos': [{'jugador_numero': 10, 'x': 7, 'y': 9}]}
2025-05-09 11:09:50 - __main__ - [INFO] Reaccionar
2025-05-09 11:09:50 - utils - [INFO] Jugador mas cercano 9
2025-05-09 11:09:50 - __main__ - [INFO] Accion enviada. Mensaje: mensaje_id='MARCAR_ADVERSARIO' token='TOKEN-2e476a2a-f69a-41c8-9a3d-deb491ce96cd' datos={'jugador_numero': 9, 'adversario_numero': 9}
2025-05-09 11:09:50 - __main__ - [ERROR] Mensaje de error del servidor. Mensaje enviado: mensaje_id='MARCAR_ADVERSARIO' token='TOKEN-2e476a2a-f69a-41c8-9a3d-deb491ce96cd' datos={'jugador_numero': 9, 'adversario_numero': 9}, Mensaje recibido: mensaje_id='ERROR' datos={'descripcion': 'PATEAR no se puede ejecturar por no poseer la pelota.'}
2025-05-09 11:09:50 - __main__ - [INFO] Reaccionar
2025-05-09 11:09:50 - utils - [INFO] Jugador mas cercano 9
2025-05-09 11:09:50 - __main__ - [INFO] Accion enviada. Mensaje: mensaje_id='MARCAR_ADVERSARIO' token='TOKEN-2e476a2a-f69a-41c8-9a3d-deb491ce96cd' datos={'jugador_numero': 9, 'adversario_numero': 9}
2025-05-09 11:09:50 - mensajes - [ERROR] msg_id no interpretado. Data: {'mensaje_id': 'OCUPADO', 'datos': {'descripcion': 'El Servidor está ocupado en este momento. Intente más tarde.'}}
2025-05-09 11:09:50 - __main__ - [WARNING] Otro mensaje recibido. Mensaje enviado: 
Mensaje Enviado: mensaje_id='MARCAR_ADVERSARIO' token='TOKEN-2e476a2a-f69a-41c8-9a3d-deb491ce96cd' datos={'jugador_numero': 9, 'adversario_numero': 9}

Mensaje recibido: None
2025-05-09 11:09:52 - __main__ - [INFO] Reaccionar
2025-05-09 11:09:52 - utils - [INFO] Jugador mas cercano 9
2025-05-09 11:09:52 - __main__ - [INFO] Accion enviada. Mensaje: mensaje_id='MARCAR_ADVERSARIO' token='TOKEN-2e476a2a-f69a-41c8-9a3d-deb491ce96cd' datos={'jugador_numero': 9, 'adversario_numero': 3}
2025-05-09 11:09:52 - __main__ - [INFO] Reaccionar
2025-05-09 11:09:52 - utils - [INFO] Jugador mas cercano 9
2025-05-09 11:09:52 - __main__ - [INFO] Accion enviada. Mensaje: mensaje_id='MARCAR_ADVERSARIO' token='TOKEN-2e476a2a-f69a-41c8-9a3d-deb491ce96cd' datos={'jugador_numero': 9, 'adversario_numero': 9}
2025-05-09 11:09:52 - __main__ - [INFO] Reaccionar
2025-05-09 11:09:52 - utils - [INFO] Pelota en el aire.
2025-05-09 11:09:52 - utils - [INFO] Jugador mas cercano 9
2025-05-09 11:09:52 - __main__ - [INFO] Accion enviada. Mensaje: mensaje_id='CORRER' token='TOKEN-2e476a2a-f69a-41c8-9a3d-deb491ce96cd' datos={'movimientos': [{'jugador_numero': 9, 'x': 7, 'y': 5}]}
2025-05-09 11:09:52 - __main__ - [INFO] Reaccionar
2025-05-09 11:09:52 - utils - [INFO] Jugador mas cercano 10
2025-05-09 11:09:52 - __main__ - [INFO] Accion enviada. Mensaje: mensaje_id='CORRER' token='TOKEN-2e476a2a-f69a-41c8-9a3d-deb491ce96cd' datos={'movimientos': [{'jugador_numero': 10, 'x': 7, 'y': 9}]}
2025-05-09 11:09:52 - __main__ - [INFO] Reaccionar
2025-05-09 11:09:52 - utils - [INFO] Jugador mas cercano 10
2025-05-09 11:09:52 - __main__ - [INFO] Accion enviada. Mensaje: mensaje_id='CORRER' token='TOKEN-2e476a2a-f69a-41c8-9a3d-deb491ce96cd' datos={'movimientos': [{'jugador_numero': 10, 'x': 7, 'y': 9}]}
2025-05-09 11:09:52 - mensajes - [ERROR] msg_id no interpretado. Data: {'mensaje_id': 'OCUPADO', 'datos': {'descripcion': 'El Servidor está ocupado en este momento. Intente más tarde.'}}
2025-05-09 11:09:52 - __main__ - [WARNING] Otro mensaje recibido. Mensaje enviado: 
Mensaje Enviado: mensaje_id='CORRER' token='TOKEN-2e476a2a-f69a-41c8-9a3d-deb491ce96cd' datos={'movimientos': [{'jugador_numero': 10, 'x': 7, 'y': 9}]}

Mensaje recibido: None
2025-05-09 11:09:53 - __main__ - [INFO] Reaccionar
2025-05-09 11:09:53 - utils - [INFO] Jugador mas cercano 10
2025-05-09 11:09:53 - __main__ - [INFO] Accion enviada. Mensaje: mensaje_id='CORRER' token='TOKEN-2e476a2a-f69a-41c8-9a3d-deb491ce96cd' datos={'movimientos': [{'jugador_numero': 10, 'x': 7, 'y': 9}]}
2025-05-09 11:09:53 - __main__ - [INFO] Reaccionar
2025-05-09 11:09:53 - utils - [INFO] Jugador mas cercano 7
2025-05-09 11:09:53 - __main__ - [INFO] Accion enviada. Mensaje: mensaje_id='CORRER' token='TOKEN-2e476a2a-f69a-41c8-9a3d-deb491ce96cd' datos={'movimientos': [{'jugador_numero': 7, 'x': 7, 'y': 12}]}
2025-05-09 11:09:53 - __main__ - [INFO] Reaccionar
2025-05-09 11:09:53 - utils - [INFO] Jugador mas cercano 7
2025-05-09 11:09:53 - __main__ - [INFO] Accion enviada. Mensaje: mensaje_id='CORRER' token='TOKEN-2e476a2a-f69a-41c8-9a3d-deb491ce96cd' datos={'movimientos': [{'jugador_numero': 7, 'x': 7, 'y': 12}]}
2025-05-09 11:09:53 - __main__ - [INFO] Reaccionar
2025-05-09 11:09:53 - utils - [INFO] Jugador mas cercano 7
2025-05-09 11:09:53 - __main__ - [INFO] Accion enviada. Mensaje: mensaje_id='CORRER' token='TOKEN-2e476a2a-f69a-41c8-9a3d-deb491ce96cd' datos={'movimientos': [{'jugador_numero': 7, 'x': 7, 'y': 12}]}
2025-05-09 11:09:53 - mensajes - [ERROR] msg_id no interpretado. Data: {'mensaje_id': 'OCUPADO', 'datos': {'descripcion': 'El Servidor está ocupado en este momento. Intente más tarde.'}}
2025-05-09 11:09:53 - __main__ - [WARNING] Otro mensaje recibido. Mensaje enviado: 
Mensaje Enviado: mensaje_id='CORRER' token='TOKEN-2e476a2a-f69a-41c8-9a3d-deb491ce96cd' datos={'movimientos': [{'jugador_numero': 7, 'x': 7, 'y': 12}]}

Mensaje recibido: None
2025-05-09 11:09:56 - __main__ - [INFO] Reaccionar
2025-05-09 11:09:56 - utils - [INFO] Jugador mas cercano 7
2025-05-09 11:09:56 - __main__ - [INFO] Accion enviada. Mensaje: mensaje_id='CORRER' token='TOKEN-2e476a2a-f69a-41c8-9a3d-deb491ce96cd' datos={'movimientos': [{'jugador_numero': 7, 'x': 7, 'y': 12}]}
2025-05-09 11:09:56 - __main__ - [INFO] Reaccionar
2025-05-09 11:09:56 - utils - [INFO] Jugador mas cercano 7
2025-05-09 11:09:56 - __main__ - [INFO] Accion enviada. Mensaje: mensaje_id='CORRER' token='TOKEN-2e476a2a-f69a-41c8-9a3d-deb491ce96cd' datos={'movimientos': [{'jugador_numero': 7, 'x': 7, 'y': 12}]}
2025-05-09 11:09:56 - __main__ - [INFO] Reaccionar
2025-05-09 11:09:56 - utils - [INFO] Jugador mas cercano 7
2025-05-09 11:09:56 - __main__ - [INFO] Accion enviada. Mensaje: mensaje_id='MARCAR_ADVERSARIO' token='TOKEN-2e476a2a-f69a-41c8-9a3d-deb491ce96cd' datos={'jugador_numero': 7, 'adversario_numero': 11}
2025-05-09 11:09:56 - __main__ - [INFO] Tienes la pelota!
2025-05-09 11:09:56 - __main__ - [INFO] Accion enviada. Mensaje: mensaje_id='PATEAR' token='TOKEN-2e476a2a-f69a-41c8-9a3d-deb491ce96cd' datos={'x': 6, 'y': 0}
2025-05-09 11:09:56 - mensajes - [ERROR] msg_id no interpretado. Data: {'mensaje_id': 'OCUPADO', 'datos': {'descripcion': 'El Servidor está ocupado en este momento. Intente más tarde.'}}
2025-05-09 11:09:56 - __main__ - [WARNING] Otro mensaje recibido. Mensaje enviado: 
Mensaje Enviado: mensaje_id='PATEAR' token='TOKEN-2e476a2a-f69a-41c8-9a3d-deb491ce96cd' datos={'x': 6, 'y': 0}

Mensaje recibido: None
2025-05-09 11:09:57 - __main__ - [INFO] Reaccionar
2025-05-09 11:09:57 - utils - [INFO] Jugador mas cercano 7
2025-05-09 11:09:57 - __main__ - [INFO] Accion enviada. Mensaje: mensaje_id='MARCAR_ADVERSARIO' token='TOKEN-2e476a2a-f69a-41c8-9a3d-deb491ce96cd' datos={'jugador_numero': 7, 'adversario_numero': 11}
2025-05-09 11:09:57 - __main__ - [INFO] Reaccionar
2025-05-09 11:09:57 - utils - [INFO] Pelota en el aire.
2025-05-09 11:09:57 - utils - [INFO] Jugador mas cercano 7
2025-05-09 11:09:57 - __main__ - [INFO] Accion enviada. Mensaje: mensaje_id='CORRER' token='TOKEN-2e476a2a-f69a-41c8-9a3d-deb491ce96cd' datos={'movimientos': [{'jugador_numero': 7, 'x': 7, 'y': 12}]}
2025-05-09 11:09:57 - __main__ - [INFO] Reaccionar
2025-05-09 11:09:57 - utils - [INFO] Jugador mas cercano 4
2025-05-09 11:09:57 - __main__ - [INFO] Accion enviada. Mensaje: mensaje_id='CORRER' token='TOKEN-2e476a2a-f69a-41c8-9a3d-deb491ce96cd' datos={'movimientos': [{'jugador_numero': 4, 'x': 7, 'y': 16}]}
2025-05-09 11:09:57 - __main__ - [INFO] Reaccionar
2025-05-09 11:09:57 - utils - [INFO] Jugador mas cercano 4
2025-05-09 11:09:57 - __main__ - [INFO] Accion enviada. Mensaje: mensaje_id='CORRER' token='TOKEN-2e476a2a-f69a-41c8-9a3d-deb491ce96cd' datos={'movimientos': [{'jugador_numero': 4, 'x': 7, 'y': 16}]}
2025-05-09 11:09:57 - mensajes - [ERROR] msg_id no interpretado. Data: {'mensaje_id': 'OCUPADO', 'datos': {'descripcion': 'El Servidor está ocupado en este momento. Intente más tarde.'}}
2025-05-09 11:09:57 - __main__ - [WARNING] Otro mensaje recibido. Mensaje enviado: 
Mensaje Enviado: mensaje_id='CORRER' token='TOKEN-2e476a2a-f69a-41c8-9a3d-deb491ce96cd' datos={'movimientos': [{'jugador_numero': 4, 'x': 7, 'y': 16}]}

Mensaje recibido: None
2025-05-09 11:09:58 - __main__ - [INFO] Reaccionar
2025-05-09 11:09:58 - utils - [INFO] Jugador mas cercano 4
2025-05-09 11:09:58 - __main__ - [INFO] Accion enviada. Mensaje: mensaje_id='CORRER' token='TOKEN-2e476a2a-f69a-41c8-9a3d-deb491ce96cd' datos={'movimientos': [{'jugador_numero': 4, 'x': 7, 'y': 16}]}
2025-05-09 11:09:58 - __main__ - [INFO] Reaccionar
2025-05-09 11:09:58 - utils - [INFO] Jugador mas cercano 4
2025-05-09 11:09:58 - __main__ - [INFO] Accion enviada. Mensaje: mensaje_id='CORRER' token='TOKEN-2e476a2a-f69a-41c8-9a3d-deb491ce96cd' datos={'movimientos': [{'jugador_numero': 4, 'x': 7, 'y': 16}]}
2025-05-09 11:09:58 - __main__ - [INFO] Reaccionar
2025-05-09 11:09:58 - utils - [INFO] Jugador mas cercano 4
2025-05-09 11:09:58 - __main__ - [INFO] Accion enviada. Mensaje: mensaje_id='CORRER' token='TOKEN-2e476a2a-f69a-41c8-9a3d-deb491ce96cd' datos={'movimientos': [{'jugador_numero': 4, 'x': 7, 'y': 16}]}
2025-05-09 11:09:58 - mensajes - [ERROR] msg_id no interpretado. Data: {'mensaje_id': 'OCUPADO', 'datos': {'descripcion': 'El Servidor está ocupado en este momento. Intente más tarde.'}}
2025-05-09 11:09:58 - __main__ - [WARNING] Otro mensaje recibido. Mensaje enviado: 
Mensaje Enviado: mensaje_id='CORRER' token='TOKEN-2e476a2a-f69a-41c8-9a3d-deb491ce96cd' datos={'movimientos': [{'jugador_numero': 4, 'x': 7, 'y': 16}]}

Mensaje recibido: None
2025-05-09 11:10:01 - __main__ - [INFO] Reaccionar
2025-05-09 11:10:01 - utils - [INFO] Jugador mas cercano 4
2025-05-09 11:10:01 - __main__ - [INFO] Accion enviada. Mensaje: mensaje_id='MARCAR_ADVERSARIO' token='TOKEN-2e476a2a-f69a-41c8-9a3d-deb491ce96cd' datos={'jugador_numero': 4, 'adversario_numero': 11}
2025-05-09 11:10:01 - __main__ - [INFO] Reaccionar
2025-05-09 11:10:01 - utils - [INFO] Jugador mas cercano 4
2025-05-09 11:10:01 - __main__ - [INFO] Accion enviada. Mensaje: mensaje_id='MARCAR_ADVERSARIO' token='TOKEN-2e476a2a-f69a-41c8-9a3d-deb491ce96cd' datos={'jugador_numero': 4, 'adversario_numero': 11}
2025-05-09 11:10:01 - __main__ - [INFO] Reaccionar
2025-05-09 11:10:01 - utils - [INFO] Jugador mas cercano 4
2025-05-09 11:10:01 - __main__ - [INFO] Accion enviada. Mensaje: mensaje_id='MARCAR_ADVERSARIO' token='TOKEN-2e476a2a-f69a-41c8-9a3d-deb491ce96cd' datos={'jugador_numero': 4, 'adversario_numero': 11}
2025-05-09 11:10:01 - __main__ - [INFO] Tienes la pelota!
2025-05-09 11:10:01 - __main__ - [INFO] Accion enviada. Mensaje: mensaje_id='PATEAR' token='TOKEN-2e476a2a-f69a-41c8-9a3d-deb491ce96cd' datos={'x': 6, 'y': 0}
2025-05-09 11:10:01 - mensajes - [ERROR] msg_id no interpretado. Data: {'mensaje_id': 'OCUPADO', 'datos': {'descripcion': 'El Servidor está ocupado en este momento. Intente más tarde.'}}
2025-05-09 11:10:01 - __main__ - [WARNING] Otro mensaje recibido. Mensaje enviado: 
Mensaje Enviado: mensaje_id='PATEAR' token='TOKEN-2e476a2a-f69a-41c8-9a3d-deb491ce96cd' datos={'x': 6, 'y': 0}

Mensaje recibido: None
2025-05-09 11:10:02 - __main__ - [INFO] Reaccionar
2025-05-09 11:10:02 - utils - [INFO] Jugador mas cercano 4
2025-05-09 11:10:02 - __main__ - [INFO] Accion enviada. Mensaje: mensaje_id='MARCAR_ADVERSARIO' token='TOKEN-2e476a2a-f69a-41c8-9a3d-deb491ce96cd' datos={'jugador_numero': 4, 'adversario_numero': 11}
2025-05-09 11:10:02 - __main__ - [INFO] Reaccionar
2025-05-09 11:10:02 - utils - [INFO] Pelota en el aire.
2025-05-09 11:10:02 - utils - [INFO] Jugador mas cercano 4
2025-05-09 11:10:02 - __main__ - [INFO] Accion enviada. Mensaje: mensaje_id='CORRER' token='TOKEN-2e476a2a-f69a-41c8-9a3d-deb491ce96cd' datos={'movimientos': [{'jugador_numero': 4, 'x': 7, 'y': 16}]}
2025-05-09 11:10:02 - __main__ - [INFO] Tienes la pelota!
2025-05-09 11:10:02 - __main__ - [INFO] Accion enviada. Mensaje: mensaje_id='PATEAR' token='TOKEN-2e476a2a-f69a-41c8-9a3d-deb491ce96cd' datos={'x': 6, 'y': 0}
2025-05-09 11:10:02 - __main__ - [INFO] Tienes la pelota!
2025-05-09 11:10:02 - __main__ - [INFO] Accion enviada. Mensaje: mensaje_id='PATEAR' token='TOKEN-2e476a2a-f69a-41c8-9a3d-deb491ce96cd' datos={'x': 6, 'y': 0}
2025-05-09 11:10:02 - mensajes - [ERROR] msg_id no interpretado. Data: {'mensaje_id': 'OCUPADO', 'datos': {'descripcion': 'El Servidor está ocupado en este momento. Intente más tarde.'}}
2025-05-09 11:10:02 - __main__ - [WARNING] Otro mensaje recibido. Mensaje enviado: 
Mensaje Enviado: mensaje_id='PATEAR' token='TOKEN-2e476a2a-f69a-41c8-9a3d-deb491ce96cd' datos={'x': 6, 'y': 0}

Mensaje recibido: None
2025-05-09 11:10:04 - __main__ - [INFO] Tienes la pelota!
2025-05-09 11:10:04 - __main__ - [INFO] Accion enviada. Mensaje: mensaje_id='PATEAR' token='TOKEN-2e476a2a-f69a-41c8-9a3d-deb491ce96cd' datos={'x': 6, 'y': 0}
2025-05-09 11:10:04 - __main__ - [INFO] Tienes la pelota!
2025-05-09 11:10:04 - __main__ - [INFO] Accion enviada. Mensaje: mensaje_id='PATEAR' token='TOKEN-2e476a2a-f69a-41c8-9a3d-deb491ce96cd' datos={'x': 6, 'y': 0}
2025-05-09 11:10:04 - __main__ - [INFO] Tienes la pelota!
2025-05-09 11:10:04 - __main__ - [INFO] Accion enviada. Mensaje: mensaje_id='PATEAR' token='TOKEN-2e476a2a-f69a-41c8-9a3d-deb491ce96cd' datos={'x': 6, 'y': 0}
2025-05-09 11:10:04 - mensajes - [ERROR] msg_id no interpretado. Data: {'mensaje_id': 'OCUPADO', 'datos': {'descripcion': 'El Servidor está ocupado en este momento. Intente más tarde.'}}
2025-05-09 11:10:04 - __main__ - [WARNING] Otro mensaje recibido. Mensaje enviado: 
Mensaje Enviado: mensaje_id='PATEAR' token='TOKEN-2e476a2a-f69a-41c8-9a3d-deb491ce96cd' datos={'x': 6, 'y': 0}

Mensaje recibido: None
2025-05-09 11:10:05 - __main__ - [INFO] Tienes la pelota!
2025-05-09 11:10:05 - __main__ - [INFO] Accion enviada. Mensaje: mensaje_id='PATEAR' token='TOKEN-2e476a2a-f69a-41c8-9a3d-deb491ce96cd' datos={'x': 6, 'y': 0}
2025-05-09 11:10:05 - __main__ - [INFO] Reaccionar
2025-05-09 11:10:05 - utils - [INFO] Jugador mas cercano 4
2025-05-09 11:10:05 - __main__ - [INFO] Accion enviada. Mensaje: mensaje_id='CORRER' token='TOKEN-2e476a2a-f69a-41c8-9a3d-deb491ce96cd' datos={'movimientos': [{'jugador_numero': 4, 'x': 6, 'y': 15}]}
2025-05-09 11:10:05 - __main__ - [INFO] Reaccionar
2025-05-09 11:10:05 - utils - [INFO] Jugador mas cercano 4
2025-05-09 11:10:05 - __main__ - [INFO] Accion enviada. Mensaje: mensaje_id='CORRER' token='TOKEN-2e476a2a-f69a-41c8-9a3d-deb491ce96cd' datos={'movimientos': [{'jugador_numero': 4, 'x': 6, 'y': 15}]}
2025-05-09 11:10:05 - __main__ - [ERROR] Mensaje de error del servidor. Mensaje enviado: mensaje_id='CORRER' token='TOKEN-2e476a2a-f69a-41c8-9a3d-deb491ce96cd' datos={'movimientos': [{'jugador_numero': 4, 'x': 6, 'y': 15}]}, Mensaje recibido: mensaje_id='ERROR' datos={'descripcion': 'PATEAR no se puede ejecturar por no poseer la pelota.'}
2025-05-09 11:10:05 - mensajes - [ERROR] msg_id no interpretado. Data: {'mensaje_id': 'OCUPADO', 'datos': {'descripcion': 'El Servidor está ocupado en este momento. Intente más tarde.'}}
2025-05-09 11:10:05 - __main__ - [WARNING] Otro mensaje recibido. Mensaje enviado: 
Mensaje Enviado: mensaje_id='CORRER' token='TOKEN-2e476a2a-f69a-41c8-9a3d-deb491ce96cd' datos={'movimientos': [{'jugador_numero': 4, 'x': 6, 'y': 15}]}

Mensaje recibido: None
2025-05-09 11:10:07 - __main__ - [ERROR] Mensaje de error del servidor. Mensaje enviado: mensaje_id='CORRER' token='TOKEN-2e476a2a-f69a-41c8-9a3d-deb491ce96cd' datos={'movimientos': [{'jugador_numero': 4, 'x': 6, 'y': 15}]}, Mensaje recibido: mensaje_id='ERROR' datos={'descripcion': 'PATEAR no se puede ejecturar por no poseer la pelota.'}
2025-05-09 11:10:07 - __main__ - [INFO] Reaccionar
2025-05-09 11:10:07 - utils - [INFO] Jugador mas cercano 4
2025-05-09 11:10:07 - __main__ - [INFO] Accion enviada. Mensaje: mensaje_id='CORRER' token='TOKEN-2e476a2a-f69a-41c8-9a3d-deb491ce96cd' datos={'movimientos': [{'jugador_numero': 4, 'x': 6, 'y': 15}]}
2025-05-09 11:10:07 - __main__ - [INFO] Tienes la pelota!
2025-05-09 11:10:07 - __main__ - [INFO] Accion enviada. Mensaje: mensaje_id='PATEAR' token='TOKEN-2e476a2a-f69a-41c8-9a3d-deb491ce96cd' datos={'x': 6, 'y': 0}
2025-05-09 11:10:07 - __main__ - [INFO] Tienes la pelota!
2025-05-09 11:10:07 - __main__ - [INFO] Accion enviada. Mensaje: mensaje_id='PATEAR' token='TOKEN-2e476a2a-f69a-41c8-9a3d-deb491ce96cd' datos={'x': 6, 'y': 0}
2025-05-09 11:10:07 - mensajes - [ERROR] msg_id no interpretado. Data: {'mensaje_id': 'OCUPADO', 'datos': {'descripcion': 'El Servidor está ocupado en este momento. Intente más tarde.'}}
2025-05-09 11:10:07 - __main__ - [WARNING] Otro mensaje recibido. Mensaje enviado: 
Mensaje Enviado: mensaje_id='PATEAR' token='TOKEN-2e476a2a-f69a-41c8-9a3d-deb491ce96cd' datos={'x': 6, 'y': 0}

Mensaje recibido: None
2025-05-09 11:10:08 - __main__ - [INFO] Reaccionar
2025-05-09 11:10:08 - utils - [INFO] Jugador mas cercano 4
2025-05-09 11:10:08 - __main__ - [INFO] Accion enviada. Mensaje: mensaje_id='CORRER' token='TOKEN-2e476a2a-f69a-41c8-9a3d-deb491ce96cd' datos={'movimientos': [{'jugador_numero': 4, 'x': 6, 'y': 15}]}
2025-05-09 11:10:08 - __main__ - [INFO] Tienes la pelota!
2025-05-09 11:10:08 - __main__ - [INFO] Accion enviada. Mensaje: mensaje_id='PATEAR' token='TOKEN-2e476a2a-f69a-41c8-9a3d-deb491ce96cd' datos={'x': 6, 'y': 0}
2025-05-09 11:10:08 - __main__ - [INFO] Reaccionar
2025-05-09 11:10:08 - utils - [INFO] Jugador mas cercano 4
2025-05-09 11:10:08 - __main__ - [INFO] Accion enviada. Mensaje: mensaje_id='MARCAR_ADVERSARIO' token='TOKEN-2e476a2a-f69a-41c8-9a3d-deb491ce96cd' datos={'jugador_numero': 4, 'adversario_numero': 11}
2025-05-09 11:10:08 - __main__ - [ERROR] Mensaje de error del servidor. Mensaje enviado: mensaje_id='MARCAR_ADVERSARIO' token='TOKEN-2e476a2a-f69a-41c8-9a3d-deb491ce96cd' datos={'jugador_numero': 4, 'adversario_numero': 11}, Mensaje recibido: mensaje_id='ERROR' datos={'descripcion': 'PATEAR no se puede ejecturar por no poseer la pelota.'}
2025-05-09 11:10:08 - mensajes - [ERROR] msg_id no interpretado. Data: {'mensaje_id': 'OCUPADO', 'datos': {'descripcion': 'El Servidor está ocupado en este momento. Intente más tarde.'}}
2025-05-09 11:10:08 - __main__ - [WARNING] Otro mensaje recibido. Mensaje enviado: 
Mensaje Enviado: mensaje_id='MARCAR_ADVERSARIO' token='TOKEN-2e476a2a-f69a-41c8-9a3d-deb491ce96cd' datos={'jugador_numero': 4, 'adversario_numero': 11}

Mensaje recibido: None
2025-05-09 11:10:11 - __main__ - [INFO] Reaccionar
2025-05-09 11:10:11 - utils - [INFO] Jugador mas cercano 4
2025-05-09 11:10:11 - __main__ - [INFO] Accion enviada. Mensaje: mensaje_id='MARCAR_ADVERSARIO' token='TOKEN-2e476a2a-f69a-41c8-9a3d-deb491ce96cd' datos={'jugador_numero': 4, 'adversario_numero': 11}
2025-05-09 11:10:11 - __main__ - [INFO] Tienes la pelota!
2025-05-09 11:10:11 - __main__ - [INFO] Accion enviada. Mensaje: mensaje_id='PATEAR' token='TOKEN-2e476a2a-f69a-41c8-9a3d-deb491ce96cd' datos={'x': 6, 'y': 0}
2025-05-09 11:10:11 - __main__ - [INFO] Tienes la pelota!
2025-05-09 11:10:11 - __main__ - [INFO] Accion enviada. Mensaje: mensaje_id='PATEAR' token='TOKEN-2e476a2a-f69a-41c8-9a3d-deb491ce96cd' datos={'x': 6, 'y': 0}
2025-05-09 11:10:11 - __main__ - [INFO] Tienes la pelota!
2025-05-09 11:10:11 - __main__ - [INFO] Accion enviada. Mensaje: mensaje_id='PATEAR' token='TOKEN-2e476a2a-f69a-41c8-9a3d-deb491ce96cd' datos={'x': 6, 'y': 0}
2025-05-09 11:10:11 - __main__ - [INFO] Tienes la pelota!
2025-05-09 11:10:11 - __main__ - [INFO] Accion enviada. Mensaje: mensaje_id='PATEAR' token='TOKEN-2e476a2a-f69a-41c8-9a3d-deb491ce96cd' datos={'x': 6, 'y': 0}
2025-05-09 11:10:11 - mensajes - [ERROR] msg_id no interpretado. Data: {'mensaje_id': 'OCUPADO', 'datos': {'descripcion': 'El Servidor está ocupado en este momento. Intente más tarde.'}}
2025-05-09 11:10:11 - __main__ - [WARNING] Otro mensaje recibido. Mensaje enviado: 
Mensaje Enviado: mensaje_id='PATEAR' token='TOKEN-2e476a2a-f69a-41c8-9a3d-deb491ce96cd' datos={'x': 6, 'y': 0}

Mensaje recibido: None
2025-05-09 11:10:14 - __main__ - [INFO] Reaccionar
2025-05-09 11:10:14 - utils - [INFO] Jugador mas cercano 1
2025-05-09 11:10:14 - __main__ - [INFO] Accion enviada. Mensaje: mensaje_id='MARCAR_ADVERSARIO' token='TOKEN-2e476a2a-f69a-41c8-9a3d-deb491ce96cd' datos={'jugador_numero': 1, 'adversario_numero': 11}
2025-05-09 11:10:14 - __main__ - [INFO] Reaccionar
2025-05-09 11:10:14 - utils - [INFO] Jugador mas cercano 9
2025-05-09 11:10:14 - __main__ - [INFO] Accion enviada. Mensaje: mensaje_id='MARCAR_ADVERSARIO' token='TOKEN-2e476a2a-f69a-41c8-9a3d-deb491ce96cd' datos={'jugador_numero': 9, 'adversario_numero': 1}
2025-05-09 11:10:14 - __main__ - [INFO] Reaccionar
2025-05-09 11:10:14 - utils - [INFO] Jugador mas cercano 9
2025-05-09 11:10:14 - __main__ - [INFO] Accion enviada. Mensaje: mensaje_id='MARCAR_ADVERSARIO' token='TOKEN-2e476a2a-f69a-41c8-9a3d-deb491ce96cd' datos={'jugador_numero': 9, 'adversario_numero': 4}
2025-05-09 11:10:14 - __main__ - [ERROR] Mensaje de error del servidor. Mensaje enviado: mensaje_id='MARCAR_ADVERSARIO' token='TOKEN-2e476a2a-f69a-41c8-9a3d-deb491ce96cd' datos={'jugador_numero': 9, 'adversario_numero': 4}, Mensaje recibido: mensaje_id='ERROR' datos={'descripcion': 'PATEAR no se puede ejecturar por no poseer la pelota.'}
2025-05-09 11:10:14 - mensajes - [ERROR] msg_id no interpretado. Data: {'mensaje_id': 'OCUPADO', 'datos': {'descripcion': 'El Servidor está ocupado en este momento. Intente más tarde.'}}
2025-05-09 11:10:14 - __main__ - [WARNING] Otro mensaje recibido. Mensaje enviado: 
Mensaje Enviado: mensaje_id='MARCAR_ADVERSARIO' token='TOKEN-2e476a2a-f69a-41c8-9a3d-deb491ce96cd' datos={'jugador_numero': 9, 'adversario_numero': 4}

Mensaje recibido: None
2025-05-09 11:10:16 - __main__ - [INFO] Reaccionar
2025-05-09 11:10:16 - utils - [INFO] Jugador mas cercano 1
2025-05-09 11:10:16 - __main__ - [INFO] Accion enviada. Mensaje: mensaje_id='MARCAR_ADVERSARIO' token='TOKEN-2e476a2a-f69a-41c8-9a3d-deb491ce96cd' datos={'jugador_numero': 1, 'adversario_numero': 11}
2025-05-09 11:10:16 - __main__ - [INFO] Reaccionar
2025-05-09 11:10:16 - utils - [INFO] Jugador mas cercano 1
2025-05-09 11:10:16 - __main__ - [INFO] Accion enviada. Mensaje: mensaje_id='CORRER' token='TOKEN-2e476a2a-f69a-41c8-9a3d-deb491ce96cd' datos={'movimientos': [{'jugador_numero': 1, 'x': 6, 'y': 19}]}
2025-05-09 11:10:16 - __main__ - [INFO] Reaccionar
2025-05-09 11:10:16 - utils - [INFO] Jugador mas cercano 9
2025-05-09 11:10:16 - __main__ - [INFO] Accion enviada. Mensaje: mensaje_id='MARCAR_ADVERSARIO' token='TOKEN-2e476a2a-f69a-41c8-9a3d-deb491ce96cd' datos={'jugador_numero': 9, 'adversario_numero': 1}
2025-05-09 11:10:16 - __main__ - [INFO] Reaccionar
2025-05-09 11:10:16 - utils - [INFO] Jugador mas cercano 1
2025-05-09 11:10:16 - __main__ - [INFO] Accion enviada. Mensaje: mensaje_id='MARCAR_ADVERSARIO' token='TOKEN-2e476a2a-f69a-41c8-9a3d-deb491ce96cd' datos={'jugador_numero': 1, 'adversario_numero': 11}
2025-05-09 11:10:16 - __main__ - [INFO] Reaccionar
2025-05-09 11:10:16 - utils - [INFO] Jugador mas cercano 1
2025-05-09 11:10:16 - __main__ - [INFO] Accion enviada. Mensaje: mensaje_id='CORRER' token='TOKEN-2e476a2a-f69a-41c8-9a3d-deb491ce96cd' datos={'movimientos': [{'jugador_numero': 1, 'x': 6, 'y': 19}]}
2025-05-09 11:10:16 - __main__ - [INFO] Reaccionar
2025-05-09 11:10:16 - utils - [INFO] Jugador mas cercano 9
2025-05-09 11:10:16 - __main__ - [INFO] Accion enviada. Mensaje: mensaje_id='MARCAR_ADVERSARIO' token='TOKEN-2e476a2a-f69a-41c8-9a3d-deb491ce96cd' datos={'jugador_numero': 9, 'adversario_numero': 4}
2025-05-09 11:10:16 - mensajes - [ERROR] msg_id no interpretado. Data: {'mensaje_id': 'OCUPADO', 'datos': {'descripcion': 'El Servidor está ocupado en este momento. Intente más tarde.'}}
2025-05-09 11:10:16 - __main__ - [WARNING] Otro mensaje recibido. Mensaje enviado: 
Mensaje Enviado: mensaje_id='MARCAR_ADVERSARIO' token='TOKEN-2e476a2a-f69a-41c8-9a3d-deb491ce96cd' datos={'jugador_numero': 9, 'adversario_numero': 4}

Mensaje recibido: None
2025-05-09 11:10:17 - __main__ - [INFO] Reaccionar
2025-05-09 11:10:17 - utils - [INFO] Jugador mas cercano 1
2025-05-09 11:10:17 - __main__ - [INFO] Accion enviada. Mensaje: mensaje_id='MARCAR_ADVERSARIO' token='TOKEN-2e476a2a-f69a-41c8-9a3d-deb491ce96cd' datos={'jugador_numero': 1, 'adversario_numero': 11}
2025-05-09 11:10:17 - __main__ - [INFO] Reaccionar
2025-05-09 11:10:17 - utils - [INFO] Jugador mas cercano 1
2025-05-09 11:10:17 - __main__ - [INFO] Accion enviada. Mensaje: mensaje_id='CORRER' token='TOKEN-2e476a2a-f69a-41c8-9a3d-deb491ce96cd' datos={'movimientos': [{'jugador_numero': 1, 'x': 6, 'y': 19}]}
2025-05-09 11:10:17 - __main__ - [INFO] Reaccionar
2025-05-09 11:10:17 - utils - [INFO] Jugador mas cercano 9
2025-05-09 11:10:17 - __main__ - [INFO] Accion enviada. Mensaje: mensaje_id='MARCAR_ADVERSARIO' token='TOKEN-2e476a2a-f69a-41c8-9a3d-deb491ce96cd' datos={'jugador_numero': 9, 'adversario_numero': 4}
2025-05-09 11:10:17 - __main__ - [INFO] Reaccionar
2025-05-09 11:10:17 - utils - [INFO] Jugador mas cercano 1
2025-05-09 11:10:17 - __main__ - [INFO] Accion enviada. Mensaje: mensaje_id='MARCAR_ADVERSARIO' token='TOKEN-2e476a2a-f69a-41c8-9a3d-deb491ce96cd' datos={'jugador_numero': 1, 'adversario_numero': 11}
2025-05-09 11:10:17 - __main__ - [INFO] Reaccionar
2025-05-09 11:10:17 - utils - [INFO] Jugador mas cercano 1
2025-05-09 11:10:17 - __main__ - [INFO] Accion enviada. Mensaje: mensaje_id='CORRER' token='TOKEN-2e476a2a-f69a-41c8-9a3d-deb491ce96cd' datos={'movimientos': [{'jugador_numero': 1, 'x': 6, 'y': 19}]}
2025-05-09 11:10:17 - __main__ - [INFO] Reaccionar
2025-05-09 11:10:17 - utils - [INFO] Jugador mas cercano 9
2025-05-09 11:10:17 - __main__ - [INFO] Accion enviada. Mensaje: mensaje_id='MARCAR_ADVERSARIO' token='TOKEN-2e476a2a-f69a-41c8-9a3d-deb491ce96cd' datos={'jugador_numero': 9, 'adversario_numero': 4}
2025-05-09 11:10:17 - mensajes - [ERROR] msg_id no interpretado. Data: {'mensaje_id': 'OCUPADO', 'datos': {'descripcion': 'El Servidor está ocupado en este momento. Intente más tarde.'}}
2025-05-09 11:10:17 - __main__ - [WARNING] Otro mensaje recibido. Mensaje enviado: 
Mensaje Enviado: mensaje_id='MARCAR_ADVERSARIO' token='TOKEN-2e476a2a-f69a-41c8-9a3d-deb491ce96cd' datos={'jugador_numero': 9, 'adversario_numero': 4}

Mensaje recibido: None
2025-05-09 11:10:18 - __main__ - [INFO] Reaccionar
2025-05-09 11:10:18 - utils - [INFO] Jugador mas cercano 1
2025-05-09 11:10:18 - __main__ - [INFO] Accion enviada. Mensaje: mensaje_id='MARCAR_ADVERSARIO' token='TOKEN-2e476a2a-f69a-41c8-9a3d-deb491ce96cd' datos={'jugador_numero': 1, 'adversario_numero': 11}
2025-05-09 11:10:18 - __main__ - [INFO] Reaccionar
2025-05-09 11:10:18 - utils - [INFO] Jugador mas cercano 1
2025-05-09 11:10:18 - __main__ - [INFO] Accion enviada. Mensaje: mensaje_id='CORRER' token='TOKEN-2e476a2a-f69a-41c8-9a3d-deb491ce96cd' datos={'movimientos': [{'jugador_numero': 1, 'x': 6, 'y': 19}]}
2025-05-09 11:10:18 - __main__ - [INFO] Reaccionar
2025-05-09 11:10:18 - utils - [INFO] Jugador mas cercano 9
2025-05-09 11:10:18 - __main__ - [INFO] Accion enviada. Mensaje: mensaje_id='MARCAR_ADVERSARIO' token='TOKEN-2e476a2a-f69a-41c8-9a3d-deb491ce96cd' datos={'jugador_numero': 9, 'adversario_numero': 4}
2025-05-09 11:10:18 - __main__ - [INFO] Reaccionar
2025-05-09 11:10:18 - utils - [INFO] Jugador mas cercano 1
2025-05-09 11:10:18 - __main__ - [INFO] Accion enviada. Mensaje: mensaje_id='MARCAR_ADVERSARIO' token='TOKEN-2e476a2a-f69a-41c8-9a3d-deb491ce96cd' datos={'jugador_numero': 1, 'adversario_numero': 11}
2025-05-09 11:10:18 - __main__ - [INFO] Reaccionar
2025-05-09 11:10:18 - utils - [INFO] Jugador mas cercano 1
2025-05-09 11:10:18 - __main__ - [INFO] Accion enviada. Mensaje: mensaje_id='CORRER' token='TOKEN-2e476a2a-f69a-41c8-9a3d-deb491ce96cd' datos={'movimientos': [{'jugador_numero': 1, 'x': 6, 'y': 19}]}
2025-05-09 11:10:18 - __main__ - [INFO] Reaccionar
2025-05-09 11:10:18 - utils - [INFO] Jugador mas cercano 9
2025-05-09 11:10:18 - __main__ - [INFO] Accion enviada. Mensaje: mensaje_id='MARCAR_ADVERSARIO' token='TOKEN-2e476a2a-f69a-41c8-9a3d-deb491ce96cd' datos={'jugador_numero': 9, 'adversario_numero': 4}
2025-05-09 11:10:18 - mensajes - [ERROR] msg_id no interpretado. Data: {'mensaje_id': 'OCUPADO', 'datos': {'descripcion': 'El Servidor está ocupado en este momento. Intente más tarde.'}}
2025-05-09 11:10:18 - __main__ - [WARNING] Otro mensaje recibido. Mensaje enviado: 
Mensaje Enviado: mensaje_id='MARCAR_ADVERSARIO' token='TOKEN-2e476a2a-f69a-41c8-9a3d-deb491ce96cd' datos={'jugador_numero': 9, 'adversario_numero': 4}

Mensaje recibido: None
2025-05-09 11:10:19 - __main__ - [INFO] Reaccionar
2025-05-09 11:10:19 - utils - [INFO] Jugador mas cercano 1
2025-05-09 11:10:19 - __main__ - [INFO] Accion enviada. Mensaje: mensaje_id='MARCAR_ADVERSARIO' token='TOKEN-2e476a2a-f69a-41c8-9a3d-deb491ce96cd' datos={'jugador_numero': 1, 'adversario_numero': 11}
2025-05-09 11:10:19 - __main__ - [INFO] Reaccionar
2025-05-09 11:10:19 - utils - [INFO] Jugador mas cercano 1
2025-05-09 11:10:19 - __main__ - [INFO] Accion enviada. Mensaje: mensaje_id='CORRER' token='TOKEN-2e476a2a-f69a-41c8-9a3d-deb491ce96cd' datos={'movimientos': [{'jugador_numero': 1, 'x': 6, 'y': 19}]}
2025-05-09 11:10:19 - __main__ - [INFO] Reaccionar
2025-05-09 11:10:19 - utils - [INFO] Jugador mas cercano 9
2025-05-09 11:10:19 - __main__ - [INFO] Accion enviada. Mensaje: mensaje_id='MARCAR_ADVERSARIO' token='TOKEN-2e476a2a-f69a-41c8-9a3d-deb491ce96cd' datos={'jugador_numero': 9, 'adversario_numero': 1}
2025-05-09 11:10:19 - __main__ - [INFO] Reaccionar
2025-05-09 11:10:19 - utils - [INFO] Jugador mas cercano 9
2025-05-09 11:10:19 - __main__ - [INFO] Accion enviada. Mensaje: mensaje_id='MARCAR_ADVERSARIO' token='TOKEN-2e476a2a-f69a-41c8-9a3d-deb491ce96cd' datos={'jugador_numero': 9, 'adversario_numero': 1}
2025-05-09 11:10:19 - __main__ - [INFO] Reaccionar
2025-05-09 11:10:19 - utils - [INFO] Jugador mas cercano 1
2025-05-09 11:10:19 - __main__ - [INFO] Accion enviada. Mensaje: mensaje_id='MARCAR_ADVERSARIO' token='TOKEN-2e476a2a-f69a-41c8-9a3d-deb491ce96cd' datos={'jugador_numero': 1, 'adversario_numero': 11}
2025-05-09 11:10:19 - __main__ - [INFO] Reaccionar
2025-05-09 11:10:19 - utils - [INFO] Jugador mas cercano 1
2025-05-09 11:10:19 - __main__ - [INFO] Accion enviada. Mensaje: mensaje_id='CORRER' token='TOKEN-2e476a2a-f69a-41c8-9a3d-deb491ce96cd' datos={'movimientos': [{'jugador_numero': 1, 'x': 6, 'y': 19}]}
2025-05-09 11:10:19 - mensajes - [ERROR] msg_id no interpretado. Data: {'mensaje_id': 'OCUPADO', 'datos': {'descripcion': 'El Servidor está ocupado en este momento. Intente más tarde.'}}
2025-05-09 11:10:19 - __main__ - [WARNING] Otro mensaje recibido. Mensaje enviado: 
Mensaje Enviado: mensaje_id='CORRER' token='TOKEN-2e476a2a-f69a-41c8-9a3d-deb491ce96cd' datos={'movimientos': [{'jugador_numero': 1, 'x': 6, 'y': 19}]}

Mensaje recibido: None
2025-05-09 11:10:20 - __main__ - [INFO] Reaccionar
2025-05-09 11:10:20 - utils - [INFO] Jugador mas cercano 1
2025-05-09 11:10:20 - __main__ - [INFO] Accion enviada. Mensaje: mensaje_id='MARCAR_ADVERSARIO' token='TOKEN-2e476a2a-f69a-41c8-9a3d-deb491ce96cd' datos={'jugador_numero': 1, 'adversario_numero': 11}
2025-05-09 11:10:20 - __main__ - [INFO] Reaccionar
2025-05-09 11:10:20 - utils - [INFO] Jugador mas cercano 1
2025-05-09 11:10:20 - __main__ - [INFO] Accion enviada. Mensaje: mensaje_id='CORRER' token='TOKEN-2e476a2a-f69a-41c8-9a3d-deb491ce96cd' datos={'movimientos': [{'jugador_numero': 1, 'x': 6, 'y': 19}]}
2025-05-09 11:10:20 - __main__ - [INFO] Reaccionar
2025-05-09 11:10:20 - utils - [INFO] Jugador mas cercano 9
2025-05-09 11:10:20 - __main__ - [INFO] Accion enviada. Mensaje: mensaje_id='MARCAR_ADVERSARIO' token='TOKEN-2e476a2a-f69a-41c8-9a3d-deb491ce96cd' datos={'jugador_numero': 9, 'adversario_numero': 4}
2025-05-09 11:10:20 - __main__ - [INFO] Reaccionar
2025-05-09 11:10:20 - utils - [INFO] Jugador mas cercano 1
2025-05-09 11:10:20 - __main__ - [INFO] Accion enviada. Mensaje: mensaje_id='MARCAR_ADVERSARIO' token='TOKEN-2e476a2a-f69a-41c8-9a3d-deb491ce96cd' datos={'jugador_numero': 1, 'adversario_numero': 11}
2025-05-09 11:10:20 - __main__ - [INFO] Reaccionar
2025-05-09 11:10:20 - utils - [INFO] Jugador mas cercano 1
2025-05-09 11:10:20 - __main__ - [INFO] Accion enviada. Mensaje: mensaje_id='CORRER' token='TOKEN-2e476a2a-f69a-41c8-9a3d-deb491ce96cd' datos={'movimientos': [{'jugador_numero': 1, 'x': 6, 'y': 19}]}
2025-05-09 11:10:20 - __main__ - [INFO] Reaccionar
2025-05-09 11:10:20 - utils - [INFO] Jugador mas cercano 9
2025-05-09 11:10:20 - __main__ - [INFO] Accion enviada. Mensaje: mensaje_id='MARCAR_ADVERSARIO' token='TOKEN-2e476a2a-f69a-41c8-9a3d-deb491ce96cd' datos={'jugador_numero': 9, 'adversario_numero': 4}
2025-05-09 11:10:20 - mensajes - [ERROR] msg_id no interpretado. Data: {'mensaje_id': 'OCUPADO', 'datos': {'descripcion': 'El Servidor está ocupado en este momento. Intente más tarde.'}}
2025-05-09 11:10:20 - __main__ - [WARNING] Otro mensaje recibido. Mensaje enviado: 
Mensaje Enviado: mensaje_id='MARCAR_ADVERSARIO' token='TOKEN-2e476a2a-f69a-41c8-9a3d-deb491ce96cd' datos={'jugador_numero': 9, 'adversario_numero': 4}

Mensaje recibido: None
2025-05-09 11:10:21 - __main__ - [INFO] Reaccionar
2025-05-09 11:10:21 - utils - [INFO] Jugador mas cercano 1
2025-05-09 11:10:21 - __main__ - [INFO] Accion enviada. Mensaje: mensaje_id='MARCAR_ADVERSARIO' token='TOKEN-2e476a2a-f69a-41c8-9a3d-deb491ce96cd' datos={'jugador_numero': 1, 'adversario_numero': 11}
2025-05-09 11:10:21 - __main__ - [INFO] Reaccionar
2025-05-09 11:10:21 - utils - [INFO] Jugador mas cercano 1
2025-05-09 11:10:21 - __main__ - [INFO] Accion enviada. Mensaje: mensaje_id='CORRER' token='TOKEN-2e476a2a-f69a-41c8-9a3d-deb491ce96cd' datos={'movimientos': [{'jugador_numero': 1, 'x': 6, 'y': 19}]}
2025-05-09 11:10:21 - __main__ - [INFO] Reaccionar
2025-05-09 11:10:21 - utils - [INFO] Jugador mas cercano 9
2025-05-09 11:10:21 - __main__ - [INFO] Accion enviada. Mensaje: mensaje_id='MARCAR_ADVERSARIO' token='TOKEN-2e476a2a-f69a-41c8-9a3d-deb491ce96cd' datos={'jugador_numero': 9, 'adversario_numero': 4}
2025-05-09 11:10:21 - __main__ - [INFO] Reaccionar
2025-05-09 11:10:21 - utils - [INFO] Jugador mas cercano 1
2025-05-09 11:10:21 - __main__ - [INFO] Accion enviada. Mensaje: mensaje_id='MARCAR_ADVERSARIO' token='TOKEN-2e476a2a-f69a-41c8-9a3d-deb491ce96cd' datos={'jugador_numero': 1, 'adversario_numero': 11}
2025-05-09 11:10:21 - __main__ - [INFO] Reaccionar
2025-05-09 11:10:21 - utils - [INFO] Jugador mas cercano 1
2025-05-09 11:10:21 - __main__ - [INFO] Accion enviada. Mensaje: mensaje_id='CORRER' token='TOKEN-2e476a2a-f69a-41c8-9a3d-deb491ce96cd' datos={'movimientos': [{'jugador_numero': 1, 'x': 6, 'y': 19}]}
2025-05-09 11:10:21 - __main__ - [INFO] Reaccionar
2025-05-09 11:10:21 - utils - [INFO] Jugador mas cercano 9
2025-05-09 11:10:21 - __main__ - [INFO] Accion enviada. Mensaje: mensaje_id='MARCAR_ADVERSARIO' token='TOKEN-2e476a2a-f69a-41c8-9a3d-deb491ce96cd' datos={'jugador_numero': 9, 'adversario_numero': 4}
2025-05-09 11:10:21 - mensajes - [ERROR] msg_id no interpretado. Data: {'mensaje_id': 'OCUPADO', 'datos': {'descripcion': 'El Servidor está ocupado en este momento. Intente más tarde.'}}
2025-05-09 11:10:21 - __main__ - [WARNING] Otro mensaje recibido. Mensaje enviado: 
Mensaje Enviado: mensaje_id='MARCAR_ADVERSARIO' token='TOKEN-2e476a2a-f69a-41c8-9a3d-deb491ce96cd' datos={'jugador_numero': 9, 'adversario_numero': 4}

Mensaje recibido: None
2025-05-09 11:10:22 - __main__ - [INFO] Reaccionar
2025-05-09 11:10:22 - utils - [INFO] Jugador mas cercano 1
2025-05-09 11:10:22 - __main__ - [INFO] Accion enviada. Mensaje: mensaje_id='MARCAR_ADVERSARIO' token='TOKEN-2e476a2a-f69a-41c8-9a3d-deb491ce96cd' datos={'jugador_numero': 1, 'adversario_numero': 11}
2025-05-09 11:10:22 - __main__ - [INFO] Reaccionar
2025-05-09 11:10:22 - utils - [INFO] Jugador mas cercano 1
2025-05-09 11:10:22 - __main__ - [INFO] Accion enviada. Mensaje: mensaje_id='CORRER' token='TOKEN-2e476a2a-f69a-41c8-9a3d-deb491ce96cd' datos={'movimientos': [{'jugador_numero': 1, 'x': 6, 'y': 19}]}
2025-05-09 11:10:22 - __main__ - [INFO] Reaccionar
2025-05-09 11:10:22 - utils - [INFO] Jugador mas cercano 9
2025-05-09 11:10:22 - __main__ - [INFO] Accion enviada. Mensaje: mensaje_id='MARCAR_ADVERSARIO' token='TOKEN-2e476a2a-f69a-41c8-9a3d-deb491ce96cd' datos={'jugador_numero': 9, 'adversario_numero': 1}
2025-05-09 11:10:22 - __main__ - [INFO] Reaccionar
2025-05-09 11:10:22 - utils - [INFO] Jugador mas cercano 1
2025-05-09 11:10:22 - __main__ - [INFO] Accion enviada. Mensaje: mensaje_id='MARCAR_ADVERSARIO' token='TOKEN-2e476a2a-f69a-41c8-9a3d-deb491ce96cd' datos={'jugador_numero': 1, 'adversario_numero': 11}
2025-05-09 11:10:22 - __main__ - [INFO] Reaccionar
2025-05-09 11:10:22 - utils - [INFO] Jugador mas cercano 1
2025-05-09 11:10:22 - __main__ - [INFO] Accion enviada. Mensaje: mensaje_id='CORRER' token='TOKEN-2e476a2a-f69a-41c8-9a3d-deb491ce96cd' datos={'movimientos': [{'jugador_numero': 1, 'x': 6, 'y': 19}]}
2025-05-09 11:10:22 - __main__ - [INFO] Reaccionar
2025-05-09 11:10:22 - utils - [INFO] Jugador mas cercano 9
2025-05-09 11:10:22 - __main__ - [INFO] Accion enviada. Mensaje: mensaje_id='MARCAR_ADVERSARIO' token='TOKEN-2e476a2a-f69a-41c8-9a3d-deb491ce96cd' datos={'jugador_numero': 9, 'adversario_numero': 1}
2025-05-09 11:10:22 - mensajes - [ERROR] msg_id no interpretado. Data: {'mensaje_id': 'OCUPADO', 'datos': {'descripcion': 'El Servidor está ocupado en este momento. Intente más tarde.'}}
2025-05-09 11:10:22 - __main__ - [WARNING] Otro mensaje recibido. Mensaje enviado: 
Mensaje Enviado: mensaje_id='MARCAR_ADVERSARIO' token='TOKEN-2e476a2a-f69a-41c8-9a3d-deb491ce96cd' datos={'jugador_numero': 9, 'adversario_numero': 1}

Mensaje recibido: None
2025-05-09 11:10:23 - __main__ - [INFO] Reaccionar
2025-05-09 11:10:23 - utils - [INFO] Jugador mas cercano 1
2025-05-09 11:10:23 - __main__ - [INFO] Accion enviada. Mensaje: mensaje_id='MARCAR_ADVERSARIO' token='TOKEN-2e476a2a-f69a-41c8-9a3d-deb491ce96cd' datos={'jugador_numero': 1, 'adversario_numero': 11}
2025-05-09 11:10:23 - __main__ - [INFO] Reaccionar
2025-05-09 11:10:23 - utils - [INFO] Jugador mas cercano 1
2025-05-09 11:10:23 - __main__ - [INFO] Accion enviada. Mensaje: mensaje_id='CORRER' token='TOKEN-2e476a2a-f69a-41c8-9a3d-deb491ce96cd' datos={'movimientos': [{'jugador_numero': 1, 'x': 6, 'y': 19}]}
2025-05-09 11:10:23 - __main__ - [INFO] Reaccionar
2025-05-09 11:10:23 - utils - [INFO] Jugador mas cercano 9
2025-05-09 11:10:23 - __main__ - [INFO] Accion enviada. Mensaje: mensaje_id='MARCAR_ADVERSARIO' token='TOKEN-2e476a2a-f69a-41c8-9a3d-deb491ce96cd' datos={'jugador_numero': 9, 'adversario_numero': 1}
2025-05-09 11:10:23 - __main__ - [INFO] Reaccionar
2025-05-09 11:10:23 - utils - [INFO] Jugador mas cercano 1
2025-05-09 11:10:23 - __main__ - [INFO] Accion enviada. Mensaje: mensaje_id='MARCAR_ADVERSARIO' token='TOKEN-2e476a2a-f69a-41c8-9a3d-deb491ce96cd' datos={'jugador_numero': 1, 'adversario_numero': 11}
2025-05-09 11:10:23 - __main__ - [INFO] Reaccionar
2025-05-09 11:10:23 - utils - [INFO] Jugador mas cercano 1
2025-05-09 11:10:23 - __main__ - [INFO] Accion enviada. Mensaje: mensaje_id='CORRER' token='TOKEN-2e476a2a-f69a-41c8-9a3d-deb491ce96cd' datos={'movimientos': [{'jugador_numero': 1, 'x': 6, 'y': 19}]}
2025-05-09 11:10:23 - __main__ - [INFO] Reaccionar
2025-05-09 11:10:23 - utils - [INFO] Jugador mas cercano 9
2025-05-09 11:10:23 - __main__ - [INFO] Accion enviada. Mensaje: mensaje_id='MARCAR_ADVERSARIO' token='TOKEN-2e476a2a-f69a-41c8-9a3d-deb491ce96cd' datos={'jugador_numero': 9, 'adversario_numero': 1}
2025-05-09 11:10:23 - mensajes - [ERROR] msg_id no interpretado. Data: {'mensaje_id': 'OCUPADO', 'datos': {'descripcion': 'El Servidor está ocupado en este momento. Intente más tarde.'}}
2025-05-09 11:10:23 - __main__ - [WARNING] Otro mensaje recibido. Mensaje enviado: 
Mensaje Enviado: mensaje_id='MARCAR_ADVERSARIO' token='TOKEN-2e476a2a-f69a-41c8-9a3d-deb491ce96cd' datos={'jugador_numero': 9, 'adversario_numero': 1}

Mensaje recibido: None
2025-05-09 11:10:24 - __main__ - [INFO] Reaccionar
2025-05-09 11:10:24 - utils - [INFO] Jugador mas cercano 1
2025-05-09 11:10:24 - __main__ - [INFO] Accion enviada. Mensaje: mensaje_id='MARCAR_ADVERSARIO' token='TOKEN-2e476a2a-f69a-41c8-9a3d-deb491ce96cd' datos={'jugador_numero': 1, 'adversario_numero': 11}
2025-05-09 11:10:24 - __main__ - [INFO] Reaccionar
2025-05-09 11:10:24 - utils - [INFO] Jugador mas cercano 1
2025-05-09 11:10:24 - __main__ - [INFO] Accion enviada. Mensaje: mensaje_id='CORRER' token='TOKEN-2e476a2a-f69a-41c8-9a3d-deb491ce96cd' datos={'movimientos': [{'jugador_numero': 1, 'x': 6, 'y': 19}]}
2025-05-09 11:10:24 - __main__ - [INFO] Reaccionar
2025-05-09 11:10:24 - utils - [INFO] Jugador mas cercano 9
2025-05-09 11:10:24 - __main__ - [INFO] Accion enviada. Mensaje: mensaje_id='MARCAR_ADVERSARIO' token='TOKEN-2e476a2a-f69a-41c8-9a3d-deb491ce96cd' datos={'jugador_numero': 9, 'adversario_numero': 1}
2025-05-09 11:10:24 - __main__ - [INFO] Reaccionar
2025-05-09 11:10:24 - utils - [INFO] Jugador mas cercano 1
2025-05-09 11:10:24 - __main__ - [INFO] Accion enviada. Mensaje: mensaje_id='MARCAR_ADVERSARIO' token='TOKEN-2e476a2a-f69a-41c8-9a3d-deb491ce96cd' datos={'jugador_numero': 1, 'adversario_numero': 11}
2025-05-09 11:10:24 - __main__ - [INFO] Reaccionar
2025-05-09 11:10:24 - utils - [INFO] Jugador mas cercano 1
2025-05-09 11:10:24 - __main__ - [INFO] Accion enviada. Mensaje: mensaje_id='CORRER' token='TOKEN-2e476a2a-f69a-41c8-9a3d-deb491ce96cd' datos={'movimientos': [{'jugador_numero': 1, 'x': 6, 'y': 19}]}
2025-05-09 11:10:24 - __main__ - [INFO] Reaccionar
2025-05-09 11:10:24 - utils - [INFO] Jugador mas cercano 9
2025-05-09 11:10:24 - __main__ - [INFO] Accion enviada. Mensaje: mensaje_id='MARCAR_ADVERSARIO' token='TOKEN-2e476a2a-f69a-41c8-9a3d-deb491ce96cd' datos={'jugador_numero': 9, 'adversario_numero': 4}
2025-05-09 11:10:24 - mensajes - [ERROR] msg_id no interpretado. Data: {'mensaje_id': 'OCUPADO', 'datos': {'descripcion': 'El Servidor está ocupado en este momento. Intente más tarde.'}}
2025-05-09 11:10:24 - __main__ - [WARNING] Otro mensaje recibido. Mensaje enviado: 
Mensaje Enviado: mensaje_id='MARCAR_ADVERSARIO' token='TOKEN-2e476a2a-f69a-41c8-9a3d-deb491ce96cd' datos={'jugador_numero': 9, 'adversario_numero': 4}

Mensaje recibido: None
2025-05-09 11:10:25 - __main__ - [INFO] Reaccionar
2025-05-09 11:10:25 - utils - [INFO] Jugador mas cercano 1
2025-05-09 11:10:25 - __main__ - [INFO] Accion enviada. Mensaje: mensaje_id='MARCAR_ADVERSARIO' token='TOKEN-2e476a2a-f69a-41c8-9a3d-deb491ce96cd' datos={'jugador_numero': 1, 'adversario_numero': 11}
2025-05-09 11:10:25 - __main__ - [INFO] Reaccionar
2025-05-09 11:10:25 - utils - [INFO] Jugador mas cercano 1
2025-05-09 11:10:25 - __main__ - [INFO] Accion enviada. Mensaje: mensaje_id='CORRER' token='TOKEN-2e476a2a-f69a-41c8-9a3d-deb491ce96cd' datos={'movimientos': [{'jugador_numero': 1, 'x': 6, 'y': 19}]}
2025-05-09 11:10:25 - __main__ - [INFO] Reaccionar
2025-05-09 11:10:25 - utils - [INFO] Jugador mas cercano 9
2025-05-09 11:10:25 - __main__ - [INFO] Accion enviada. Mensaje: mensaje_id='MARCAR_ADVERSARIO' token='TOKEN-2e476a2a-f69a-41c8-9a3d-deb491ce96cd' datos={'jugador_numero': 9, 'adversario_numero': 4}
2025-05-09 11:10:25 - __main__ - [INFO] Reaccionar
2025-05-09 11:10:25 - utils - [INFO] Jugador mas cercano 1
2025-05-09 11:10:25 - __main__ - [INFO] Accion enviada. Mensaje: mensaje_id='MARCAR_ADVERSARIO' token='TOKEN-2e476a2a-f69a-41c8-9a3d-deb491ce96cd' datos={'jugador_numero': 1, 'adversario_numero': 11}
2025-05-09 11:10:25 - __main__ - [INFO] Reaccionar
2025-05-09 11:10:25 - utils - [INFO] Jugador mas cercano 1
2025-05-09 11:10:25 - __main__ - [INFO] Accion enviada. Mensaje: mensaje_id='CORRER' token='TOKEN-2e476a2a-f69a-41c8-9a3d-deb491ce96cd' datos={'movimientos': [{'jugador_numero': 1, 'x': 6, 'y': 19}]}
2025-05-09 11:10:25 - __main__ - [INFO] Reaccionar
2025-05-09 11:10:25 - utils - [INFO] Jugador mas cercano 9
2025-05-09 11:10:25 - __main__ - [INFO] Accion enviada. Mensaje: mensaje_id='MARCAR_ADVERSARIO' token='TOKEN-2e476a2a-f69a-41c8-9a3d-deb491ce96cd' datos={'jugador_numero': 9, 'adversario_numero': 1}
2025-05-09 11:10:25 - mensajes - [ERROR] msg_id no interpretado. Data: {'mensaje_id': 'OCUPADO', 'datos': {'descripcion': 'El Servidor está ocupado en este momento. Intente más tarde.'}}
2025-05-09 11:10:25 - __main__ - [WARNING] Otro mensaje recibido. Mensaje enviado: 
Mensaje Enviado: mensaje_id='MARCAR_ADVERSARIO' token='TOKEN-2e476a2a-f69a-41c8-9a3d-deb491ce96cd' datos={'jugador_numero': 9, 'adversario_numero': 1}

Mensaje recibido: None
2025-05-09 11:10:26 - __main__ - [INFO] Reaccionar
2025-05-09 11:10:26 - utils - [INFO] Jugador mas cercano 1
2025-05-09 11:10:26 - __main__ - [INFO] Accion enviada. Mensaje: mensaje_id='MARCAR_ADVERSARIO' token='TOKEN-2e476a2a-f69a-41c8-9a3d-deb491ce96cd' datos={'jugador_numero': 1, 'adversario_numero': 11}
2025-05-09 11:10:26 - __main__ - [INFO] Reaccionar
2025-05-09 11:10:26 - utils - [INFO] Jugador mas cercano 1
2025-05-09 11:10:26 - __main__ - [INFO] Accion enviada. Mensaje: mensaje_id='CORRER' token='TOKEN-2e476a2a-f69a-41c8-9a3d-deb491ce96cd' datos={'movimientos': [{'jugador_numero': 1, 'x': 6, 'y': 19}]}
2025-05-09 11:10:26 - __main__ - [INFO] Reaccionar
2025-05-09 11:10:26 - utils - [INFO] Jugador mas cercano 9
2025-05-09 11:10:26 - __main__ - [INFO] Accion enviada. Mensaje: mensaje_id='MARCAR_ADVERSARIO' token='TOKEN-2e476a2a-f69a-41c8-9a3d-deb491ce96cd' datos={'jugador_numero': 9, 'adversario_numero': 1}
2025-05-09 11:10:26 - __main__ - [INFO] Reaccionar
2025-05-09 11:10:26 - utils - [INFO] Jugador mas cercano 9
2025-05-09 11:10:26 - __main__ - [INFO] Accion enviada. Mensaje: mensaje_id='MARCAR_ADVERSARIO' token='TOKEN-2e476a2a-f69a-41c8-9a3d-deb491ce96cd' datos={'jugador_numero': 9, 'adversario_numero': 1}
2025-05-09 11:10:26 - __main__ - [INFO] Reaccionar
2025-05-09 11:10:26 - utils - [INFO] Jugador mas cercano 1
2025-05-09 11:10:26 - __main__ - [INFO] Accion enviada. Mensaje: mensaje_id='MARCAR_ADVERSARIO' token='TOKEN-2e476a2a-f69a-41c8-9a3d-deb491ce96cd' datos={'jugador_numero': 1, 'adversario_numero': 11}
2025-05-09 11:10:26 - __main__ - [INFO] Reaccionar
2025-05-09 11:10:26 - utils - [INFO] Jugador mas cercano 1
2025-05-09 11:10:26 - __main__ - [INFO] Accion enviada. Mensaje: mensaje_id='CORRER' token='TOKEN-2e476a2a-f69a-41c8-9a3d-deb491ce96cd' datos={'movimientos': [{'jugador_numero': 1, 'x': 6, 'y': 19}]}
2025-05-09 11:10:26 - mensajes - [ERROR] msg_id no interpretado. Data: {'mensaje_id': 'OCUPADO', 'datos': {'descripcion': 'El Servidor está ocupado en este momento. Intente más tarde.'}}
2025-05-09 11:10:26 - __main__ - [WARNING] Otro mensaje recibido. Mensaje enviado: 
Mensaje Enviado: mensaje_id='CORRER' token='TOKEN-2e476a2a-f69a-41c8-9a3d-deb491ce96cd' datos={'movimientos': [{'jugador_numero': 1, 'x': 6, 'y': 19}]}

Mensaje recibido: None
2025-05-09 11:10:27 - __main__ - [INFO] Reaccionar
2025-05-09 11:10:27 - utils - [INFO] Jugador mas cercano 1
2025-05-09 11:10:27 - __main__ - [INFO] Accion enviada. Mensaje: mensaje_id='MARCAR_ADVERSARIO' token='TOKEN-2e476a2a-f69a-41c8-9a3d-deb491ce96cd' datos={'jugador_numero': 1, 'adversario_numero': 11}
2025-05-09 11:10:27 - __main__ - [INFO] Reaccionar
2025-05-09 11:10:27 - utils - [INFO] Jugador mas cercano 1
2025-05-09 11:10:27 - __main__ - [INFO] Accion enviada. Mensaje: mensaje_id='CORRER' token='TOKEN-2e476a2a-f69a-41c8-9a3d-deb491ce96cd' datos={'movimientos': [{'jugador_numero': 1, 'x': 6, 'y': 19}]}
2025-05-09 11:10:27 - __main__ - [INFO] Reaccionar
2025-05-09 11:10:27 - utils - [INFO] Jugador mas cercano 9
2025-05-09 11:10:27 - __main__ - [INFO] Accion enviada. Mensaje: mensaje_id='MARCAR_ADVERSARIO' token='TOKEN-2e476a2a-f69a-41c8-9a3d-deb491ce96cd' datos={'jugador_numero': 9, 'adversario_numero': 1}
2025-05-09 11:10:27 - __main__ - [INFO] Reaccionar
2025-05-09 11:10:27 - utils - [INFO] Jugador mas cercano 1
2025-05-09 11:10:27 - __main__ - [INFO] Accion enviada. Mensaje: mensaje_id='MARCAR_ADVERSARIO' token='TOKEN-2e476a2a-f69a-41c8-9a3d-deb491ce96cd' datos={'jugador_numero': 1, 'adversario_numero': 11}
2025-05-09 11:10:27 - __main__ - [INFO] Reaccionar
2025-05-09 11:10:27 - utils - [INFO] Jugador mas cercano 1
2025-05-09 11:10:27 - __main__ - [INFO] Accion enviada. Mensaje: mensaje_id='CORRER' token='TOKEN-2e476a2a-f69a-41c8-9a3d-deb491ce96cd' datos={'movimientos': [{'jugador_numero': 1, 'x': 6, 'y': 19}]}
2025-05-09 11:10:27 - __main__ - [INFO] Reaccionar
2025-05-09 11:10:27 - utils - [INFO] Jugador mas cercano 9
2025-05-09 11:10:27 - __main__ - [INFO] Accion enviada. Mensaje: mensaje_id='MARCAR_ADVERSARIO' token='TOKEN-2e476a2a-f69a-41c8-9a3d-deb491ce96cd' datos={'jugador_numero': 9, 'adversario_numero': 4}
2025-05-09 11:10:27 - mensajes - [ERROR] msg_id no interpretado. Data: {'mensaje_id': 'OCUPADO', 'datos': {'descripcion': 'El Servidor está ocupado en este momento. Intente más tarde.'}}
2025-05-09 11:10:27 - __main__ - [WARNING] Otro mensaje recibido. Mensaje enviado: 
Mensaje Enviado: mensaje_id='MARCAR_ADVERSARIO' token='TOKEN-2e476a2a-f69a-41c8-9a3d-deb491ce96cd' datos={'jugador_numero': 9, 'adversario_numero': 4}

Mensaje recibido: None
2025-05-09 11:10:28 - __main__ - [INFO] Reaccionar
2025-05-09 11:10:28 - utils - [INFO] Jugador mas cercano 1
2025-05-09 11:10:28 - __main__ - [INFO] Accion enviada. Mensaje: mensaje_id='MARCAR_ADVERSARIO' token='TOKEN-2e476a2a-f69a-41c8-9a3d-deb491ce96cd' datos={'jugador_numero': 1, 'adversario_numero': 11}
2025-05-09 11:10:28 - __main__ - [INFO] Reaccionar
2025-05-09 11:10:28 - utils - [INFO] Jugador mas cercano 1
2025-05-09 11:10:28 - __main__ - [INFO] Accion enviada. Mensaje: mensaje_id='CORRER' token='TOKEN-2e476a2a-f69a-41c8-9a3d-deb491ce96cd' datos={'movimientos': [{'jugador_numero': 1, 'x': 6, 'y': 19}]}
2025-05-09 11:10:28 - __main__ - [INFO] Reaccionar
2025-05-09 11:10:28 - utils - [INFO] Jugador mas cercano 9
2025-05-09 11:10:28 - __main__ - [INFO] Accion enviada. Mensaje: mensaje_id='MARCAR_ADVERSARIO' token='TOKEN-2e476a2a-f69a-41c8-9a3d-deb491ce96cd' datos={'jugador_numero': 9, 'adversario_numero': 1}
2025-05-09 11:10:28 - __main__ - [INFO] Reaccionar
2025-05-09 11:10:28 - utils - [INFO] Jugador mas cercano 9
2025-05-09 11:10:28 - __main__ - [INFO] Accion enviada. Mensaje: mensaje_id='MARCAR_ADVERSARIO' token='TOKEN-2e476a2a-f69a-41c8-9a3d-deb491ce96cd' datos={'jugador_numero': 9, 'adversario_numero': 4}
2025-05-09 11:10:28 - __main__ - [INFO] Reaccionar
2025-05-09 11:10:28 - utils - [INFO] Jugador mas cercano 1
2025-05-09 11:10:28 - __main__ - [INFO] Accion enviada. Mensaje: mensaje_id='MARCAR_ADVERSARIO' token='TOKEN-2e476a2a-f69a-41c8-9a3d-deb491ce96cd' datos={'jugador_numero': 1, 'adversario_numero': 11}
2025-05-09 11:10:28 - __main__ - [INFO] Reaccionar
2025-05-09 11:10:28 - utils - [INFO] Jugador mas cercano 1
2025-05-09 11:10:28 - __main__ - [INFO] Accion enviada. Mensaje: mensaje_id='CORRER' token='TOKEN-2e476a2a-f69a-41c8-9a3d-deb491ce96cd' datos={'movimientos': [{'jugador_numero': 1, 'x': 6, 'y': 19}]}
2025-05-09 11:10:28 - mensajes - [ERROR] msg_id no interpretado. Data: {'mensaje_id': 'OCUPADO', 'datos': {'descripcion': 'El Servidor está ocupado en este momento. Intente más tarde.'}}
2025-05-09 11:10:28 - __main__ - [WARNING] Otro mensaje recibido. Mensaje enviado: 
Mensaje Enviado: mensaje_id='CORRER' token='TOKEN-2e476a2a-f69a-41c8-9a3d-deb491ce96cd' datos={'movimientos': [{'jugador_numero': 1, 'x': 6, 'y': 19}]}

Mensaje recibido: None
2025-05-09 11:10:29 - __main__ - [INFO] Reaccionar
2025-05-09 11:10:29 - utils - [INFO] Jugador mas cercano 1
2025-05-09 11:10:29 - __main__ - [INFO] Accion enviada. Mensaje: mensaje_id='MARCAR_ADVERSARIO' token='TOKEN-2e476a2a-f69a-41c8-9a3d-deb491ce96cd' datos={'jugador_numero': 1, 'adversario_numero': 11}
2025-05-09 11:10:29 - __main__ - [INFO] Reaccionar
2025-05-09 11:10:29 - utils - [INFO] Jugador mas cercano 1
2025-05-09 11:10:29 - __main__ - [INFO] Accion enviada. Mensaje: mensaje_id='CORRER' token='TOKEN-2e476a2a-f69a-41c8-9a3d-deb491ce96cd' datos={'movimientos': [{'jugador_numero': 1, 'x': 6, 'y': 19}]}
2025-05-09 11:10:29 - __main__ - [INFO] Reaccionar
2025-05-09 11:10:29 - utils - [INFO] Jugador mas cercano 9
2025-05-09 11:10:29 - __main__ - [INFO] Accion enviada. Mensaje: mensaje_id='MARCAR_ADVERSARIO' token='TOKEN-2e476a2a-f69a-41c8-9a3d-deb491ce96cd' datos={'jugador_numero': 9, 'adversario_numero': 4}
2025-05-09 11:10:29 - __main__ - [INFO] Reaccionar
2025-05-09 11:10:29 - utils - [INFO] Jugador mas cercano 9
2025-05-09 11:10:29 - __main__ - [INFO] Accion enviada. Mensaje: mensaje_id='MARCAR_ADVERSARIO' token='TOKEN-2e476a2a-f69a-41c8-9a3d-deb491ce96cd' datos={'jugador_numero': 9, 'adversario_numero': 1}
2025-05-09 11:10:29 - __main__ - [INFO] Reaccionar
2025-05-09 11:10:29 - utils - [INFO] Jugador mas cercano 1
2025-05-09 11:10:29 - __main__ - [INFO] Accion enviada. Mensaje: mensaje_id='MARCAR_ADVERSARIO' token='TOKEN-2e476a2a-f69a-41c8-9a3d-deb491ce96cd' datos={'jugador_numero': 1, 'adversario_numero': 11}
2025-05-09 11:10:29 - __main__ - [INFO] Reaccionar
2025-05-09 11:10:29 - utils - [INFO] Jugador mas cercano 1
2025-05-09 11:10:29 - __main__ - [INFO] Accion enviada. Mensaje: mensaje_id='CORRER' token='TOKEN-2e476a2a-f69a-41c8-9a3d-deb491ce96cd' datos={'movimientos': [{'jugador_numero': 1, 'x': 6, 'y': 19}]}
2025-05-09 11:10:29 - mensajes - [ERROR] msg_id no interpretado. Data: {'mensaje_id': 'OCUPADO', 'datos': {'descripcion': 'El Servidor está ocupado en este momento. Intente más tarde.'}}
2025-05-09 11:10:29 - __main__ - [WARNING] Otro mensaje recibido. Mensaje enviado: 
Mensaje Enviado: mensaje_id='CORRER' token='TOKEN-2e476a2a-f69a-41c8-9a3d-deb491ce96cd' datos={'movimientos': [{'jugador_numero': 1, 'x': 6, 'y': 19}]}

Mensaje recibido: None
2025-05-09 11:10:30 - __main__ - [INFO] Reaccionar
2025-05-09 11:10:30 - utils - [INFO] Jugador mas cercano 1
2025-05-09 11:10:30 - __main__ - [INFO] Accion enviada. Mensaje: mensaje_id='MARCAR_ADVERSARIO' token='TOKEN-2e476a2a-f69a-41c8-9a3d-deb491ce96cd' datos={'jugador_numero': 1, 'adversario_numero': 11}
2025-05-09 11:10:30 - __main__ - [INFO] Reaccionar
2025-05-09 11:10:30 - utils - [INFO] Jugador mas cercano 1
2025-05-09 11:10:30 - __main__ - [INFO] Accion enviada. Mensaje: mensaje_id='CORRER' token='TOKEN-2e476a2a-f69a-41c8-9a3d-deb491ce96cd' datos={'movimientos': [{'jugador_numero': 1, 'x': 6, 'y': 19}]}
2025-05-09 11:10:30 - __main__ - [INFO] Reaccionar
2025-05-09 11:10:30 - utils - [INFO] Jugador mas cercano 9
2025-05-09 11:10:30 - __main__ - [INFO] Accion enviada. Mensaje: mensaje_id='MARCAR_ADVERSARIO' token='TOKEN-2e476a2a-f69a-41c8-9a3d-deb491ce96cd' datos={'jugador_numero': 9, 'adversario_numero': 1}
2025-05-09 11:10:30 - __main__ - [INFO] Reaccionar
2025-05-09 11:10:30 - utils - [INFO] Jugador mas cercano 9
2025-05-09 11:10:30 - __main__ - [INFO] Accion enviada. Mensaje: mensaje_id='MARCAR_ADVERSARIO' token='TOKEN-2e476a2a-f69a-41c8-9a3d-deb491ce96cd' datos={'jugador_numero': 9, 'adversario_numero': 1}
2025-05-09 11:10:30 - __main__ - [INFO] Reaccionar
2025-05-09 11:10:30 - utils - [INFO] Jugador mas cercano 1
2025-05-09 11:10:30 - __main__ - [INFO] Accion enviada. Mensaje: mensaje_id='MARCAR_ADVERSARIO' token='TOKEN-2e476a2a-f69a-41c8-9a3d-deb491ce96cd' datos={'jugador_numero': 1, 'adversario_numero': 11}
2025-05-09 11:10:30 - __main__ - [INFO] Reaccionar
2025-05-09 11:10:30 - utils - [INFO] Jugador mas cercano 1
2025-05-09 11:10:30 - __main__ - [INFO] Accion enviada. Mensaje: mensaje_id='CORRER' token='TOKEN-2e476a2a-f69a-41c8-9a3d-deb491ce96cd' datos={'movimientos': [{'jugador_numero': 1, 'x': 6, 'y': 19}]}
2025-05-09 11:10:30 - mensajes - [ERROR] msg_id no interpretado. Data: {'mensaje_id': 'OCUPADO', 'datos': {'descripcion': 'El Servidor está ocupado en este momento. Intente más tarde.'}}
2025-05-09 11:10:30 - __main__ - [WARNING] Otro mensaje recibido. Mensaje enviado: 
Mensaje Enviado: mensaje_id='CORRER' token='TOKEN-2e476a2a-f69a-41c8-9a3d-deb491ce96cd' datos={'movimientos': [{'jugador_numero': 1, 'x': 6, 'y': 19}]}

Mensaje recibido: None
2025-05-09 11:10:31 - __main__ - [INFO] Reaccionar
2025-05-09 11:10:31 - utils - [INFO] Jugador mas cercano 1
2025-05-09 11:10:31 - __main__ - [INFO] Accion enviada. Mensaje: mensaje_id='MARCAR_ADVERSARIO' token='TOKEN-2e476a2a-f69a-41c8-9a3d-deb491ce96cd' datos={'jugador_numero': 1, 'adversario_numero': 11}
2025-05-09 11:10:31 - __main__ - [INFO] Reaccionar
2025-05-09 11:10:31 - utils - [INFO] Jugador mas cercano 1
2025-05-09 11:10:31 - __main__ - [INFO] Accion enviada. Mensaje: mensaje_id='CORRER' token='TOKEN-2e476a2a-f69a-41c8-9a3d-deb491ce96cd' datos={'movimientos': [{'jugador_numero': 1, 'x': 6, 'y': 19}]}
2025-05-09 11:10:31 - __main__ - [INFO] Reaccionar
2025-05-09 11:10:31 - utils - [INFO] Jugador mas cercano 9
2025-05-09 11:10:31 - __main__ - [INFO] Accion enviada. Mensaje: mensaje_id='MARCAR_ADVERSARIO' token='TOKEN-2e476a2a-f69a-41c8-9a3d-deb491ce96cd' datos={'jugador_numero': 9, 'adversario_numero': 4}
2025-05-09 11:10:31 - __main__ - [INFO] Reaccionar
2025-05-09 11:10:31 - utils - [INFO] Jugador mas cercano 1
2025-05-09 11:10:31 - __main__ - [INFO] Accion enviada. Mensaje: mensaje_id='MARCAR_ADVERSARIO' token='TOKEN-2e476a2a-f69a-41c8-9a3d-deb491ce96cd' datos={'jugador_numero': 1, 'adversario_numero': 11}
2025-05-09 11:10:31 - __main__ - [INFO] Reaccionar
2025-05-09 11:10:31 - utils - [INFO] Jugador mas cercano 1
2025-05-09 11:10:31 - __main__ - [INFO] Accion enviada. Mensaje: mensaje_id='CORRER' token='TOKEN-2e476a2a-f69a-41c8-9a3d-deb491ce96cd' datos={'movimientos': [{'jugador_numero': 1, 'x': 6, 'y': 19}]}
2025-05-09 11:10:31 - __main__ - [INFO] Reaccionar
2025-05-09 11:10:31 - utils - [INFO] Jugador mas cercano 9
2025-05-09 11:10:31 - __main__ - [INFO] Accion enviada. Mensaje: mensaje_id='MARCAR_ADVERSARIO' token='TOKEN-2e476a2a-f69a-41c8-9a3d-deb491ce96cd' datos={'jugador_numero': 9, 'adversario_numero': 1}
2025-05-09 11:10:31 - mensajes - [ERROR] msg_id no interpretado. Data: {'mensaje_id': 'OCUPADO', 'datos': {'descripcion': 'El Servidor está ocupado en este momento. Intente más tarde.'}}
2025-05-09 11:10:31 - __main__ - [WARNING] Otro mensaje recibido. Mensaje enviado: 
Mensaje Enviado: mensaje_id='MARCAR_ADVERSARIO' token='TOKEN-2e476a2a-f69a-41c8-9a3d-deb491ce96cd' datos={'jugador_numero': 9, 'adversario_numero': 1}

Mensaje recibido: None
2025-05-09 11:10:32 - __main__ - [INFO] Reaccionar
2025-05-09 11:10:32 - utils - [INFO] Jugador mas cercano 1
2025-05-09 11:10:32 - __main__ - [INFO] Accion enviada. Mensaje: mensaje_id='MARCAR_ADVERSARIO' token='TOKEN-2e476a2a-f69a-41c8-9a3d-deb491ce96cd' datos={'jugador_numero': 1, 'adversario_numero': 11}
2025-05-09 11:10:32 - __main__ - [INFO] Reaccionar
2025-05-09 11:10:32 - utils - [INFO] Jugador mas cercano 1
2025-05-09 11:10:32 - __main__ - [INFO] Accion enviada. Mensaje: mensaje_id='CORRER' token='TOKEN-2e476a2a-f69a-41c8-9a3d-deb491ce96cd' datos={'movimientos': [{'jugador_numero': 1, 'x': 6, 'y': 19}]}
2025-05-09 11:10:32 - __main__ - [INFO] Reaccionar
2025-05-09 11:10:32 - utils - [INFO] Jugador mas cercano 9
2025-05-09 11:10:32 - __main__ - [INFO] Accion enviada. Mensaje: mensaje_id='MARCAR_ADVERSARIO' token='TOKEN-2e476a2a-f69a-41c8-9a3d-deb491ce96cd' datos={'jugador_numero': 9, 'adversario_numero': 4}
2025-05-09 11:10:32 - __main__ - [INFO] Reaccionar
2025-05-09 11:10:32 - utils - [INFO] Jugador mas cercano 1
2025-05-09 11:10:32 - __main__ - [INFO] Accion enviada. Mensaje: mensaje_id='MARCAR_ADVERSARIO' token='TOKEN-2e476a2a-f69a-41c8-9a3d-deb491ce96cd' datos={'jugador_numero': 1, 'adversario_numero': 11}
2025-05-09 11:10:32 - __main__ - [INFO] Reaccionar
2025-05-09 11:10:32 - utils - [INFO] Jugador mas cercano 1
2025-05-09 11:10:32 - __main__ - [INFO] Accion enviada. Mensaje: mensaje_id='CORRER' token='TOKEN-2e476a2a-f69a-41c8-9a3d-deb491ce96cd' datos={'movimientos': [{'jugador_numero': 1, 'x': 6, 'y': 19}]}
2025-05-09 11:10:32 - __main__ - [INFO] Reaccionar
2025-05-09 11:10:32 - utils - [INFO] Jugador mas cercano 9
2025-05-09 11:10:32 - __main__ - [INFO] Accion enviada. Mensaje: mensaje_id='MARCAR_ADVERSARIO' token='TOKEN-2e476a2a-f69a-41c8-9a3d-deb491ce96cd' datos={'jugador_numero': 9, 'adversario_numero': 1}
2025-05-09 11:10:32 - mensajes - [ERROR] msg_id no interpretado. Data: {'mensaje_id': 'OCUPADO', 'datos': {'descripcion': 'El Servidor está ocupado en este momento. Intente más tarde.'}}
2025-05-09 11:10:32 - __main__ - [WARNING] Otro mensaje recibido. Mensaje enviado: 
Mensaje Enviado: mensaje_id='MARCAR_ADVERSARIO' token='TOKEN-2e476a2a-f69a-41c8-9a3d-deb491ce96cd' datos={'jugador_numero': 9, 'adversario_numero': 1}

Mensaje recibido: None
2025-05-09 11:10:33 - __main__ - [INFO] Reaccionar
2025-05-09 11:10:33 - utils - [INFO] Jugador mas cercano 1
2025-05-09 11:10:33 - __main__ - [INFO] Accion enviada. Mensaje: mensaje_id='MARCAR_ADVERSARIO' token='TOKEN-2e476a2a-f69a-41c8-9a3d-deb491ce96cd' datos={'jugador_numero': 1, 'adversario_numero': 11}
2025-05-09 11:10:33 - __main__ - [INFO] Reaccionar
2025-05-09 11:10:33 - utils - [INFO] Jugador mas cercano 1
2025-05-09 11:10:33 - __main__ - [INFO] Accion enviada. Mensaje: mensaje_id='CORRER' token='TOKEN-2e476a2a-f69a-41c8-9a3d-deb491ce96cd' datos={'movimientos': [{'jugador_numero': 1, 'x': 6, 'y': 19}]}
2025-05-09 11:10:33 - __main__ - [INFO] Reaccionar
2025-05-09 11:10:33 - utils - [INFO] Jugador mas cercano 9
2025-05-09 11:10:33 - __main__ - [INFO] Accion enviada. Mensaje: mensaje_id='MARCAR_ADVERSARIO' token='TOKEN-2e476a2a-f69a-41c8-9a3d-deb491ce96cd' datos={'jugador_numero': 9, 'adversario_numero': 1}
2025-05-09 11:10:33 - __main__ - [INFO] Reaccionar
2025-05-09 11:10:33 - utils - [INFO] Jugador mas cercano 1
2025-05-09 11:10:33 - __main__ - [INFO] Accion enviada. Mensaje: mensaje_id='MARCAR_ADVERSARIO' token='TOKEN-2e476a2a-f69a-41c8-9a3d-deb491ce96cd' datos={'jugador_numero': 1, 'adversario_numero': 11}
2025-05-09 11:10:33 - __main__ - [INFO] Reaccionar
2025-05-09 11:10:33 - utils - [INFO] Jugador mas cercano 1
2025-05-09 11:10:33 - __main__ - [INFO] Accion enviada. Mensaje: mensaje_id='CORRER' token='TOKEN-2e476a2a-f69a-41c8-9a3d-deb491ce96cd' datos={'movimientos': [{'jugador_numero': 1, 'x': 6, 'y': 19}]}
2025-05-09 11:10:33 - __main__ - [INFO] Reaccionar
2025-05-09 11:10:33 - utils - [INFO] Jugador mas cercano 9
2025-05-09 11:10:33 - __main__ - [INFO] Accion enviada. Mensaje: mensaje_id='MARCAR_ADVERSARIO' token='TOKEN-2e476a2a-f69a-41c8-9a3d-deb491ce96cd' datos={'jugador_numero': 9, 'adversario_numero': 4}
2025-05-09 11:10:33 - mensajes - [ERROR] msg_id no interpretado. Data: {'mensaje_id': 'OCUPADO', 'datos': {'descripcion': 'El Servidor está ocupado en este momento. Intente más tarde.'}}
2025-05-09 11:10:33 - __main__ - [WARNING] Otro mensaje recibido. Mensaje enviado: 
Mensaje Enviado: mensaje_id='MARCAR_ADVERSARIO' token='TOKEN-2e476a2a-f69a-41c8-9a3d-deb491ce96cd' datos={'jugador_numero': 9, 'adversario_numero': 4}

Mensaje recibido: None
2025-05-09 11:10:34 - __main__ - [INFO] Reaccionar
2025-05-09 11:10:34 - utils - [INFO] Jugador mas cercano 1
2025-05-09 11:10:34 - __main__ - [INFO] Accion enviada. Mensaje: mensaje_id='MARCAR_ADVERSARIO' token='TOKEN-2e476a2a-f69a-41c8-9a3d-deb491ce96cd' datos={'jugador_numero': 1, 'adversario_numero': 11}
2025-05-09 11:10:34 - __main__ - [INFO] Reaccionar
2025-05-09 11:10:34 - utils - [INFO] Jugador mas cercano 1
2025-05-09 11:10:34 - __main__ - [INFO] Accion enviada. Mensaje: mensaje_id='CORRER' token='TOKEN-2e476a2a-f69a-41c8-9a3d-deb491ce96cd' datos={'movimientos': [{'jugador_numero': 1, 'x': 6, 'y': 19}]}
2025-05-09 11:10:34 - __main__ - [INFO] Reaccionar
2025-05-09 11:10:34 - utils - [INFO] Jugador mas cercano 9
2025-05-09 11:10:34 - __main__ - [INFO] Accion enviada. Mensaje: mensaje_id='MARCAR_ADVERSARIO' token='TOKEN-2e476a2a-f69a-41c8-9a3d-deb491ce96cd' datos={'jugador_numero': 9, 'adversario_numero': 1}
2025-05-09 11:10:34 - __main__ - [INFO] Reaccionar
2025-05-09 11:10:34 - utils - [INFO] Jugador mas cercano 1
2025-05-09 11:10:34 - __main__ - [INFO] Accion enviada. Mensaje: mensaje_id='MARCAR_ADVERSARIO' token='TOKEN-2e476a2a-f69a-41c8-9a3d-deb491ce96cd' datos={'jugador_numero': 1, 'adversario_numero': 11}
2025-05-09 11:10:34 - __main__ - [INFO] Reaccionar
2025-05-09 11:10:34 - utils - [INFO] Jugador mas cercano 1
2025-05-09 11:10:34 - __main__ - [INFO] Accion enviada. Mensaje: mensaje_id='CORRER' token='TOKEN-2e476a2a-f69a-41c8-9a3d-deb491ce96cd' datos={'movimientos': [{'jugador_numero': 1, 'x': 6, 'y': 19}]}
2025-05-09 11:10:34 - __main__ - [INFO] Reaccionar
2025-05-09 11:10:34 - utils - [INFO] Jugador mas cercano 9
2025-05-09 11:10:34 - __main__ - [INFO] Accion enviada. Mensaje: mensaje_id='MARCAR_ADVERSARIO' token='TOKEN-2e476a2a-f69a-41c8-9a3d-deb491ce96cd' datos={'jugador_numero': 9, 'adversario_numero': 1}
2025-05-09 11:10:34 - mensajes - [ERROR] msg_id no interpretado. Data: {'mensaje_id': 'OCUPADO', 'datos': {'descripcion': 'El Servidor está ocupado en este momento. Intente más tarde.'}}
2025-05-09 11:10:34 - __main__ - [WARNING] Otro mensaje recibido. Mensaje enviado: 
Mensaje Enviado: mensaje_id='MARCAR_ADVERSARIO' token='TOKEN-2e476a2a-f69a-41c8-9a3d-deb491ce96cd' datos={'jugador_numero': 9, 'adversario_numero': 1}

Mensaje recibido: None
2025-05-09 11:10:35 - __main__ - [INFO] Reaccionar
2025-05-09 11:10:35 - utils - [INFO] Jugador mas cercano 1
2025-05-09 11:10:35 - __main__ - [INFO] Accion enviada. Mensaje: mensaje_id='MARCAR_ADVERSARIO' token='TOKEN-2e476a2a-f69a-41c8-9a3d-deb491ce96cd' datos={'jugador_numero': 1, 'adversario_numero': 11}
2025-05-09 11:10:35 - __main__ - [INFO] Reaccionar
2025-05-09 11:10:35 - utils - [INFO] Jugador mas cercano 1
2025-05-09 11:10:35 - __main__ - [INFO] Accion enviada. Mensaje: mensaje_id='CORRER' token='TOKEN-2e476a2a-f69a-41c8-9a3d-deb491ce96cd' datos={'movimientos': [{'jugador_numero': 1, 'x': 6, 'y': 19}]}
2025-05-09 11:10:35 - __main__ - [INFO] Reaccionar
2025-05-09 11:10:35 - utils - [INFO] Jugador mas cercano 9
2025-05-09 11:10:35 - __main__ - [INFO] Accion enviada. Mensaje: mensaje_id='MARCAR_ADVERSARIO' token='TOKEN-2e476a2a-f69a-41c8-9a3d-deb491ce96cd' datos={'jugador_numero': 9, 'adversario_numero': 1}
2025-05-09 11:10:35 - __main__ - [INFO] Reaccionar
2025-05-09 11:10:35 - utils - [INFO] Jugador mas cercano 9
2025-05-09 11:10:35 - __main__ - [INFO] Accion enviada. Mensaje: mensaje_id='MARCAR_ADVERSARIO' token='TOKEN-2e476a2a-f69a-41c8-9a3d-deb491ce96cd' datos={'jugador_numero': 9, 'adversario_numero': 1}
2025-05-09 11:10:35 - __main__ - [INFO] Reaccionar
2025-05-09 11:10:35 - utils - [INFO] Jugador mas cercano 1
2025-05-09 11:10:35 - __main__ - [INFO] Accion enviada. Mensaje: mensaje_id='MARCAR_ADVERSARIO' token='TOKEN-2e476a2a-f69a-41c8-9a3d-deb491ce96cd' datos={'jugador_numero': 1, 'adversario_numero': 11}
2025-05-09 11:10:35 - __main__ - [INFO] Reaccionar
2025-05-09 11:10:35 - utils - [INFO] Jugador mas cercano 1
2025-05-09 11:10:35 - __main__ - [INFO] Accion enviada. Mensaje: mensaje_id='CORRER' token='TOKEN-2e476a2a-f69a-41c8-9a3d-deb491ce96cd' datos={'movimientos': [{'jugador_numero': 1, 'x': 6, 'y': 19}]}
2025-05-09 11:10:35 - mensajes - [ERROR] msg_id no interpretado. Data: {'mensaje_id': 'OCUPADO', 'datos': {'descripcion': 'El Servidor está ocupado en este momento. Intente más tarde.'}}
2025-05-09 11:10:35 - __main__ - [WARNING] Otro mensaje recibido. Mensaje enviado: 
Mensaje Enviado: mensaje_id='CORRER' token='TOKEN-2e476a2a-f69a-41c8-9a3d-deb491ce96cd' datos={'movimientos': [{'jugador_numero': 1, 'x': 6, 'y': 19}]}

Mensaje recibido: None
2025-05-09 11:10:36 - __main__ - [INFO] Reaccionar
2025-05-09 11:10:36 - utils - [INFO] Jugador mas cercano 1
2025-05-09 11:10:36 - __main__ - [INFO] Accion enviada. Mensaje: mensaje_id='MARCAR_ADVERSARIO' token='TOKEN-2e476a2a-f69a-41c8-9a3d-deb491ce96cd' datos={'jugador_numero': 1, 'adversario_numero': 11}
2025-05-09 11:10:36 - __main__ - [INFO] Reaccionar
2025-05-09 11:10:36 - utils - [INFO] Jugador mas cercano 1
2025-05-09 11:10:36 - __main__ - [INFO] Accion enviada. Mensaje: mensaje_id='CORRER' token='TOKEN-2e476a2a-f69a-41c8-9a3d-deb491ce96cd' datos={'movimientos': [{'jugador_numero': 1, 'x': 6, 'y': 19}]}
2025-05-09 11:10:36 - __main__ - [INFO] Reaccionar
2025-05-09 11:10:36 - utils - [INFO] Jugador mas cercano 9
2025-05-09 11:10:36 - __main__ - [INFO] Accion enviada. Mensaje: mensaje_id='MARCAR_ADVERSARIO' token='TOKEN-2e476a2a-f69a-41c8-9a3d-deb491ce96cd' datos={'jugador_numero': 9, 'adversario_numero': 4}
2025-05-09 11:10:36 - __main__ - [INFO] Reaccionar
2025-05-09 11:10:36 - utils - [INFO] Jugador mas cercano 1
2025-05-09 11:10:36 - __main__ - [INFO] Accion enviada. Mensaje: mensaje_id='MARCAR_ADVERSARIO' token='TOKEN-2e476a2a-f69a-41c8-9a3d-deb491ce96cd' datos={'jugador_numero': 1, 'adversario_numero': 11}
2025-05-09 11:10:36 - __main__ - [INFO] Reaccionar
2025-05-09 11:10:36 - utils - [INFO] Jugador mas cercano 1
2025-05-09 11:10:36 - __main__ - [INFO] Accion enviada. Mensaje: mensaje_id='CORRER' token='TOKEN-2e476a2a-f69a-41c8-9a3d-deb491ce96cd' datos={'movimientos': [{'jugador_numero': 1, 'x': 6, 'y': 19}]}
2025-05-09 11:10:36 - __main__ - [INFO] Reaccionar
2025-05-09 11:10:36 - utils - [INFO] Jugador mas cercano 9
2025-05-09 11:10:36 - __main__ - [INFO] Accion enviada. Mensaje: mensaje_id='MARCAR_ADVERSARIO' token='TOKEN-2e476a2a-f69a-41c8-9a3d-deb491ce96cd' datos={'jugador_numero': 9, 'adversario_numero': 4}
2025-05-09 11:10:36 - mensajes - [ERROR] msg_id no interpretado. Data: {'mensaje_id': 'OCUPADO', 'datos': {'descripcion': 'El Servidor está ocupado en este momento. Intente más tarde.'}}
2025-05-09 11:10:36 - __main__ - [WARNING] Otro mensaje recibido. Mensaje enviado: 
Mensaje Enviado: mensaje_id='MARCAR_ADVERSARIO' token='TOKEN-2e476a2a-f69a-41c8-9a3d-deb491ce96cd' datos={'jugador_numero': 9, 'adversario_numero': 4}

Mensaje recibido: None
2025-05-09 11:10:37 - __main__ - [INFO] Reaccionar
2025-05-09 11:10:37 - utils - [INFO] Jugador mas cercano 1
2025-05-09 11:10:37 - __main__ - [INFO] Accion enviada. Mensaje: mensaje_id='MARCAR_ADVERSARIO' token='TOKEN-2e476a2a-f69a-41c8-9a3d-deb491ce96cd' datos={'jugador_numero': 1, 'adversario_numero': 11}
2025-05-09 11:10:37 - __main__ - [INFO] Reaccionar
2025-05-09 11:10:37 - utils - [INFO] Jugador mas cercano 1
2025-05-09 11:10:37 - __main__ - [INFO] Accion enviada. Mensaje: mensaje_id='CORRER' token='TOKEN-2e476a2a-f69a-41c8-9a3d-deb491ce96cd' datos={'movimientos': [{'jugador_numero': 1, 'x': 6, 'y': 19}]}
2025-05-09 11:10:37 - __main__ - [INFO] Reaccionar
2025-05-09 11:10:37 - utils - [INFO] Jugador mas cercano 9
2025-05-09 11:10:37 - __main__ - [INFO] Accion enviada. Mensaje: mensaje_id='MARCAR_ADVERSARIO' token='TOKEN-2e476a2a-f69a-41c8-9a3d-deb491ce96cd' datos={'jugador_numero': 9, 'adversario_numero': 1}
2025-05-09 11:10:37 - __main__ - [INFO] Reaccionar
2025-05-09 11:10:37 - utils - [INFO] Jugador mas cercano 1
2025-05-09 11:10:37 - __main__ - [INFO] Accion enviada. Mensaje: mensaje_id='MARCAR_ADVERSARIO' token='TOKEN-2e476a2a-f69a-41c8-9a3d-deb491ce96cd' datos={'jugador_numero': 1, 'adversario_numero': 11}
2025-05-09 11:10:37 - __main__ - [INFO] Reaccionar
2025-05-09 11:10:37 - utils - [INFO] Jugador mas cercano 1
2025-05-09 11:10:37 - __main__ - [INFO] Accion enviada. Mensaje: mensaje_id='CORRER' token='TOKEN-2e476a2a-f69a-41c8-9a3d-deb491ce96cd' datos={'movimientos': [{'jugador_numero': 1, 'x': 6, 'y': 19}]}
2025-05-09 11:10:37 - __main__ - [INFO] Reaccionar
2025-05-09 11:10:37 - utils - [INFO] Jugador mas cercano 9
2025-05-09 11:10:37 - __main__ - [INFO] Accion enviada. Mensaje: mensaje_id='MARCAR_ADVERSARIO' token='TOKEN-2e476a2a-f69a-41c8-9a3d-deb491ce96cd' datos={'jugador_numero': 9, 'adversario_numero': 4}
2025-05-09 11:10:37 - mensajes - [ERROR] msg_id no interpretado. Data: {'mensaje_id': 'OCUPADO', 'datos': {'descripcion': 'El Servidor está ocupado en este momento. Intente más tarde.'}}
2025-05-09 11:10:37 - __main__ - [WARNING] Otro mensaje recibido. Mensaje enviado: 
Mensaje Enviado: mensaje_id='MARCAR_ADVERSARIO' token='TOKEN-2e476a2a-f69a-41c8-9a3d-deb491ce96cd' datos={'jugador_numero': 9, 'adversario_numero': 4}

Mensaje recibido: None
2025-05-09 11:10:38 - __main__ - [INFO] Reaccionar
2025-05-09 11:10:38 - utils - [INFO] Jugador mas cercano 1
2025-05-09 11:10:38 - __main__ - [INFO] Accion enviada. Mensaje: mensaje_id='MARCAR_ADVERSARIO' token='TOKEN-2e476a2a-f69a-41c8-9a3d-deb491ce96cd' datos={'jugador_numero': 1, 'adversario_numero': 11}
2025-05-09 11:10:38 - __main__ - [INFO] Reaccionar
2025-05-09 11:10:38 - utils - [INFO] Jugador mas cercano 1
2025-05-09 11:10:38 - __main__ - [INFO] Accion enviada. Mensaje: mensaje_id='CORRER' token='TOKEN-2e476a2a-f69a-41c8-9a3d-deb491ce96cd' datos={'movimientos': [{'jugador_numero': 1, 'x': 6, 'y': 19}]}
2025-05-09 11:10:38 - __main__ - [INFO] Reaccionar
2025-05-09 11:10:38 - utils - [INFO] Jugador mas cercano 9
2025-05-09 11:10:38 - __main__ - [INFO] Accion enviada. Mensaje: mensaje_id='MARCAR_ADVERSARIO' token='TOKEN-2e476a2a-f69a-41c8-9a3d-deb491ce96cd' datos={'jugador_numero': 9, 'adversario_numero': 4}
2025-05-09 11:10:38 - __main__ - [INFO] Reaccionar
2025-05-09 11:10:38 - utils - [INFO] Jugador mas cercano 9
2025-05-09 11:10:38 - __main__ - [INFO] Accion enviada. Mensaje: mensaje_id='MARCAR_ADVERSARIO' token='TOKEN-2e476a2a-f69a-41c8-9a3d-deb491ce96cd' datos={'jugador_numero': 9, 'adversario_numero': 1}
2025-05-09 11:10:38 - __main__ - [INFO] Reaccionar
2025-05-09 11:10:38 - utils - [INFO] Jugador mas cercano 1
2025-05-09 11:10:38 - __main__ - [INFO] Accion enviada. Mensaje: mensaje_id='MARCAR_ADVERSARIO' token='TOKEN-2e476a2a-f69a-41c8-9a3d-deb491ce96cd' datos={'jugador_numero': 1, 'adversario_numero': 11}
2025-05-09 11:10:38 - __main__ - [INFO] Reaccionar
2025-05-09 11:10:38 - utils - [INFO] Jugador mas cercano 1
2025-05-09 11:10:38 - __main__ - [INFO] Accion enviada. Mensaje: mensaje_id='CORRER' token='TOKEN-2e476a2a-f69a-41c8-9a3d-deb491ce96cd' datos={'movimientos': [{'jugador_numero': 1, 'x': 6, 'y': 19}]}
2025-05-09 11:10:38 - mensajes - [ERROR] msg_id no interpretado. Data: {'mensaje_id': 'OCUPADO', 'datos': {'descripcion': 'El Servidor está ocupado en este momento. Intente más tarde.'}}
2025-05-09 11:10:38 - __main__ - [WARNING] Otro mensaje recibido. Mensaje enviado: 
Mensaje Enviado: mensaje_id='CORRER' token='TOKEN-2e476a2a-f69a-41c8-9a3d-deb491ce96cd' datos={'movimientos': [{'jugador_numero': 1, 'x': 6, 'y': 19}]}

Mensaje recibido: None
2025-05-09 11:10:39 - __main__ - [INFO] Reaccionar
2025-05-09 11:10:39 - utils - [INFO] Jugador mas cercano 1
2025-05-09 11:10:39 - __main__ - [INFO] Accion enviada. Mensaje: mensaje_id='MARCAR_ADVERSARIO' token='TOKEN-2e476a2a-f69a-41c8-9a3d-deb491ce96cd' datos={'jugador_numero': 1, 'adversario_numero': 11}
2025-05-09 11:10:39 - __main__ - [INFO] Reaccionar
2025-05-09 11:10:39 - utils - [INFO] Jugador mas cercano 1
2025-05-09 11:10:39 - __main__ - [INFO] Accion enviada. Mensaje: mensaje_id='CORRER' token='TOKEN-2e476a2a-f69a-41c8-9a3d-deb491ce96cd' datos={'movimientos': [{'jugador_numero': 1, 'x': 6, 'y': 19}]}
2025-05-09 11:10:39 - __main__ - [INFO] Reaccionar
2025-05-09 11:10:39 - utils - [INFO] Jugador mas cercano 9
2025-05-09 11:10:39 - __main__ - [INFO] Accion enviada. Mensaje: mensaje_id='MARCAR_ADVERSARIO' token='TOKEN-2e476a2a-f69a-41c8-9a3d-deb491ce96cd' datos={'jugador_numero': 9, 'adversario_numero': 4}
2025-05-09 11:10:39 - __main__ - [INFO] Reaccionar
2025-05-09 11:10:39 - utils - [INFO] Jugador mas cercano 9
2025-05-09 11:10:39 - __main__ - [INFO] Accion enviada. Mensaje: mensaje_id='MARCAR_ADVERSARIO' token='TOKEN-2e476a2a-f69a-41c8-9a3d-deb491ce96cd' datos={'jugador_numero': 9, 'adversario_numero': 4}
2025-05-09 11:10:39 - __main__ - [INFO] Reaccionar
2025-05-09 11:10:39 - utils - [INFO] Jugador mas cercano 1
2025-05-09 11:10:39 - __main__ - [INFO] Accion enviada. Mensaje: mensaje_id='MARCAR_ADVERSARIO' token='TOKEN-2e476a2a-f69a-41c8-9a3d-deb491ce96cd' datos={'jugador_numero': 1, 'adversario_numero': 11}
2025-05-09 11:10:39 - __main__ - [INFO] Reaccionar
2025-05-09 11:10:39 - utils - [INFO] Jugador mas cercano 1
2025-05-09 11:10:39 - __main__ - [INFO] Accion enviada. Mensaje: mensaje_id='CORRER' token='TOKEN-2e476a2a-f69a-41c8-9a3d-deb491ce96cd' datos={'movimientos': [{'jugador_numero': 1, 'x': 6, 'y': 19}]}
2025-05-09 11:10:39 - mensajes - [ERROR] msg_id no interpretado. Data: {'mensaje_id': 'OCUPADO', 'datos': {'descripcion': 'El Servidor está ocupado en este momento. Intente más tarde.'}}
2025-05-09 11:10:39 - __main__ - [WARNING] Otro mensaje recibido. Mensaje enviado: 
Mensaje Enviado: mensaje_id='CORRER' token='TOKEN-2e476a2a-f69a-41c8-9a3d-deb491ce96cd' datos={'movimientos': [{'jugador_numero': 1, 'x': 6, 'y': 19}]}

Mensaje recibido: None
2025-05-09 11:10:40 - __main__ - [INFO] Reaccionar
2025-05-09 11:10:40 - utils - [INFO] Jugador mas cercano 1
2025-05-09 11:10:40 - __main__ - [INFO] Accion enviada. Mensaje: mensaje_id='MARCAR_ADVERSARIO' token='TOKEN-2e476a2a-f69a-41c8-9a3d-deb491ce96cd' datos={'jugador_numero': 1, 'adversario_numero': 11}
2025-05-09 11:10:40 - __main__ - [INFO] Reaccionar
2025-05-09 11:10:40 - utils - [INFO] Jugador mas cercano 1
2025-05-09 11:10:40 - __main__ - [INFO] Accion enviada. Mensaje: mensaje_id='CORRER' token='TOKEN-2e476a2a-f69a-41c8-9a3d-deb491ce96cd' datos={'movimientos': [{'jugador_numero': 1, 'x': 6, 'y': 19}]}
2025-05-09 11:10:40 - __main__ - [INFO] Reaccionar
2025-05-09 11:10:40 - utils - [INFO] Jugador mas cercano 9
2025-05-09 11:10:40 - __main__ - [INFO] Accion enviada. Mensaje: mensaje_id='MARCAR_ADVERSARIO' token='TOKEN-2e476a2a-f69a-41c8-9a3d-deb491ce96cd' datos={'jugador_numero': 9, 'adversario_numero': 1}
2025-05-09 11:10:40 - __main__ - [INFO] Reaccionar
2025-05-09 11:10:40 - utils - [INFO] Jugador mas cercano 9
2025-05-09 11:10:40 - __main__ - [INFO] Accion enviada. Mensaje: mensaje_id='MARCAR_ADVERSARIO' token='TOKEN-2e476a2a-f69a-41c8-9a3d-deb491ce96cd' datos={'jugador_numero': 9, 'adversario_numero': 4}
2025-05-09 11:10:40 - __main__ - [INFO] Reaccionar
2025-05-09 11:10:40 - utils - [INFO] Jugador mas cercano 1
2025-05-09 11:10:40 - __main__ - [INFO] Accion enviada. Mensaje: mensaje_id='MARCAR_ADVERSARIO' token='TOKEN-2e476a2a-f69a-41c8-9a3d-deb491ce96cd' datos={'jugador_numero': 1, 'adversario_numero': 11}
2025-05-09 11:10:40 - __main__ - [INFO] Reaccionar
2025-05-09 11:10:40 - utils - [INFO] Jugador mas cercano 1
2025-05-09 11:10:40 - __main__ - [INFO] Accion enviada. Mensaje: mensaje_id='CORRER' token='TOKEN-2e476a2a-f69a-41c8-9a3d-deb491ce96cd' datos={'movimientos': [{'jugador_numero': 1, 'x': 6, 'y': 19}]}
2025-05-09 11:10:40 - mensajes - [ERROR] msg_id no interpretado. Data: {'mensaje_id': 'OCUPADO', 'datos': {'descripcion': 'El Servidor está ocupado en este momento. Intente más tarde.'}}
2025-05-09 11:10:40 - __main__ - [WARNING] Otro mensaje recibido. Mensaje enviado: 
Mensaje Enviado: mensaje_id='CORRER' token='TOKEN-2e476a2a-f69a-41c8-9a3d-deb491ce96cd' datos={'movimientos': [{'jugador_numero': 1, 'x': 6, 'y': 19}]}

Mensaje recibido: None
2025-05-09 11:10:41 - __main__ - [INFO] Reaccionar
2025-05-09 11:10:41 - utils - [INFO] Jugador mas cercano 1
2025-05-09 11:10:41 - __main__ - [INFO] Accion enviada. Mensaje: mensaje_id='MARCAR_ADVERSARIO' token='TOKEN-2e476a2a-f69a-41c8-9a3d-deb491ce96cd' datos={'jugador_numero': 1, 'adversario_numero': 11}
2025-05-09 11:10:41 - __main__ - [INFO] Reaccionar
2025-05-09 11:10:41 - utils - [INFO] Jugador mas cercano 1
2025-05-09 11:10:41 - __main__ - [INFO] Accion enviada. Mensaje: mensaje_id='CORRER' token='TOKEN-2e476a2a-f69a-41c8-9a3d-deb491ce96cd' datos={'movimientos': [{'jugador_numero': 1, 'x': 6, 'y': 19}]}
2025-05-09 11:10:41 - __main__ - [INFO] Reaccionar
2025-05-09 11:10:41 - utils - [INFO] Jugador mas cercano 9
2025-05-09 11:10:41 - __main__ - [INFO] Accion enviada. Mensaje: mensaje_id='MARCAR_ADVERSARIO' token='TOKEN-2e476a2a-f69a-41c8-9a3d-deb491ce96cd' datos={'jugador_numero': 9, 'adversario_numero': 4}
2025-05-09 11:10:41 - __main__ - [INFO] Reaccionar
2025-05-09 11:10:41 - utils - [INFO] Jugador mas cercano 9
2025-05-09 11:10:41 - __main__ - [INFO] Accion enviada. Mensaje: mensaje_id='MARCAR_ADVERSARIO' token='TOKEN-2e476a2a-f69a-41c8-9a3d-deb491ce96cd' datos={'jugador_numero': 9, 'adversario_numero': 1}
2025-05-09 11:10:41 - __main__ - [INFO] Reaccionar
2025-05-09 11:10:41 - utils - [INFO] Jugador mas cercano 1
2025-05-09 11:10:41 - __main__ - [INFO] Accion enviada. Mensaje: mensaje_id='MARCAR_ADVERSARIO' token='TOKEN-2e476a2a-f69a-41c8-9a3d-deb491ce96cd' datos={'jugador_numero': 1, 'adversario_numero': 11}
2025-05-09 11:10:41 - __main__ - [INFO] Reaccionar
2025-05-09 11:10:41 - utils - [INFO] Jugador mas cercano 1
2025-05-09 11:10:41 - __main__ - [INFO] Accion enviada. Mensaje: mensaje_id='CORRER' token='TOKEN-2e476a2a-f69a-41c8-9a3d-deb491ce96cd' datos={'movimientos': [{'jugador_numero': 1, 'x': 6, 'y': 19}]}
2025-05-09 11:10:41 - mensajes - [ERROR] msg_id no interpretado. Data: {'mensaje_id': 'OCUPADO', 'datos': {'descripcion': 'El Servidor está ocupado en este momento. Intente más tarde.'}}
2025-05-09 11:10:41 - __main__ - [WARNING] Otro mensaje recibido. Mensaje enviado: 
Mensaje Enviado: mensaje_id='CORRER' token='TOKEN-2e476a2a-f69a-41c8-9a3d-deb491ce96cd' datos={'movimientos': [{'jugador_numero': 1, 'x': 6, 'y': 19}]}

Mensaje recibido: None
2025-05-09 11:10:42 - __main__ - [INFO] Reaccionar
2025-05-09 11:10:42 - utils - [INFO] Jugador mas cercano 1
2025-05-09 11:10:42 - __main__ - [INFO] Accion enviada. Mensaje: mensaje_id='MARCAR_ADVERSARIO' token='TOKEN-2e476a2a-f69a-41c8-9a3d-deb491ce96cd' datos={'jugador_numero': 1, 'adversario_numero': 11}
2025-05-09 11:10:42 - __main__ - [INFO] Reaccionar
2025-05-09 11:10:42 - utils - [INFO] Jugador mas cercano 1
2025-05-09 11:10:42 - __main__ - [INFO] Accion enviada. Mensaje: mensaje_id='CORRER' token='TOKEN-2e476a2a-f69a-41c8-9a3d-deb491ce96cd' datos={'movimientos': [{'jugador_numero': 1, 'x': 6, 'y': 19}]}
2025-05-09 11:10:42 - __main__ - [INFO] Reaccionar
2025-05-09 11:10:42 - utils - [INFO] Jugador mas cercano 9
2025-05-09 11:10:42 - __main__ - [INFO] Accion enviada. Mensaje: mensaje_id='MARCAR_ADVERSARIO' token='TOKEN-2e476a2a-f69a-41c8-9a3d-deb491ce96cd' datos={'jugador_numero': 9, 'adversario_numero': 1}
2025-05-09 11:10:42 - __main__ - [INFO] Reaccionar
2025-05-09 11:10:42 - utils - [INFO] Jugador mas cercano 1
2025-05-09 11:10:42 - __main__ - [INFO] Accion enviada. Mensaje: mensaje_id='MARCAR_ADVERSARIO' token='TOKEN-2e476a2a-f69a-41c8-9a3d-deb491ce96cd' datos={'jugador_numero': 1, 'adversario_numero': 11}
2025-05-09 11:10:42 - __main__ - [INFO] Reaccionar
2025-05-09 11:10:42 - utils - [INFO] Jugador mas cercano 1
2025-05-09 11:10:42 - __main__ - [INFO] Accion enviada. Mensaje: mensaje_id='CORRER' token='TOKEN-2e476a2a-f69a-41c8-9a3d-deb491ce96cd' datos={'movimientos': [{'jugador_numero': 1, 'x': 6, 'y': 19}]}
2025-05-09 11:10:42 - __main__ - [INFO] Reaccionar
2025-05-09 11:10:42 - utils - [INFO] Jugador mas cercano 9
2025-05-09 11:10:42 - __main__ - [INFO] Accion enviada. Mensaje: mensaje_id='MARCAR_ADVERSARIO' token='TOKEN-2e476a2a-f69a-41c8-9a3d-deb491ce96cd' datos={'jugador_numero': 9, 'adversario_numero': 4}
2025-05-09 11:10:42 - mensajes - [ERROR] msg_id no interpretado. Data: {'mensaje_id': 'OCUPADO', 'datos': {'descripcion': 'El Servidor está ocupado en este momento. Intente más tarde.'}}
2025-05-09 11:10:42 - __main__ - [WARNING] Otro mensaje recibido. Mensaje enviado: 
Mensaje Enviado: mensaje_id='MARCAR_ADVERSARIO' token='TOKEN-2e476a2a-f69a-41c8-9a3d-deb491ce96cd' datos={'jugador_numero': 9, 'adversario_numero': 4}

Mensaje recibido: None
2025-05-09 11:10:43 - __main__ - [INFO] Reaccionar
2025-05-09 11:10:43 - utils - [INFO] Jugador mas cercano 1
2025-05-09 11:10:43 - __main__ - [INFO] Accion enviada. Mensaje: mensaje_id='MARCAR_ADVERSARIO' token='TOKEN-2e476a2a-f69a-41c8-9a3d-deb491ce96cd' datos={'jugador_numero': 1, 'adversario_numero': 11}
2025-05-09 11:10:43 - __main__ - [INFO] Reaccionar
2025-05-09 11:10:43 - utils - [INFO] Jugador mas cercano 1
2025-05-09 11:10:43 - __main__ - [INFO] Accion enviada. Mensaje: mensaje_id='CORRER' token='TOKEN-2e476a2a-f69a-41c8-9a3d-deb491ce96cd' datos={'movimientos': [{'jugador_numero': 1, 'x': 6, 'y': 19}]}
2025-05-09 11:10:43 - __main__ - [INFO] Reaccionar
2025-05-09 11:10:43 - utils - [INFO] Jugador mas cercano 9
2025-05-09 11:10:43 - __main__ - [INFO] Accion enviada. Mensaje: mensaje_id='MARCAR_ADVERSARIO' token='TOKEN-2e476a2a-f69a-41c8-9a3d-deb491ce96cd' datos={'jugador_numero': 9, 'adversario_numero': 1}
2025-05-09 11:10:43 - __main__ - [INFO] Reaccionar
2025-05-09 11:10:43 - utils - [INFO] Jugador mas cercano 9
2025-05-09 11:10:43 - __main__ - [INFO] Accion enviada. Mensaje: mensaje_id='MARCAR_ADVERSARIO' token='TOKEN-2e476a2a-f69a-41c8-9a3d-deb491ce96cd' datos={'jugador_numero': 9, 'adversario_numero': 1}
2025-05-09 11:10:43 - __main__ - [INFO] Reaccionar
2025-05-09 11:10:43 - utils - [INFO] Jugador mas cercano 1
2025-05-09 11:10:43 - __main__ - [INFO] Accion enviada. Mensaje: mensaje_id='MARCAR_ADVERSARIO' token='TOKEN-2e476a2a-f69a-41c8-9a3d-deb491ce96cd' datos={'jugador_numero': 1, 'adversario_numero': 11}
2025-05-09 11:10:43 - __main__ - [INFO] Reaccionar
2025-05-09 11:10:43 - utils - [INFO] Jugador mas cercano 1
2025-05-09 11:10:43 - __main__ - [INFO] Accion enviada. Mensaje: mensaje_id='CORRER' token='TOKEN-2e476a2a-f69a-41c8-9a3d-deb491ce96cd' datos={'movimientos': [{'jugador_numero': 1, 'x': 6, 'y': 19}]}
2025-05-09 11:10:43 - mensajes - [ERROR] msg_id no interpretado. Data: {'mensaje_id': 'OCUPADO', 'datos': {'descripcion': 'El Servidor está ocupado en este momento. Intente más tarde.'}}
2025-05-09 11:10:43 - __main__ - [WARNING] Otro mensaje recibido. Mensaje enviado: 
Mensaje Enviado: mensaje_id='CORRER' token='TOKEN-2e476a2a-f69a-41c8-9a3d-deb491ce96cd' datos={'movimientos': [{'jugador_numero': 1, 'x': 6, 'y': 19}]}

Mensaje recibido: None
2025-05-09 11:10:44 - __main__ - [INFO] Reaccionar
2025-05-09 11:10:44 - utils - [INFO] Jugador mas cercano 1
2025-05-09 11:10:44 - __main__ - [INFO] Accion enviada. Mensaje: mensaje_id='MARCAR_ADVERSARIO' token='TOKEN-2e476a2a-f69a-41c8-9a3d-deb491ce96cd' datos={'jugador_numero': 1, 'adversario_numero': 11}
2025-05-09 11:10:44 - __main__ - [INFO] Reaccionar
2025-05-09 11:10:44 - utils - [INFO] Jugador mas cercano 1
2025-05-09 11:10:44 - __main__ - [INFO] Accion enviada. Mensaje: mensaje_id='CORRER' token='TOKEN-2e476a2a-f69a-41c8-9a3d-deb491ce96cd' datos={'movimientos': [{'jugador_numero': 1, 'x': 6, 'y': 19}]}
2025-05-09 11:10:44 - __main__ - [INFO] Reaccionar
2025-05-09 11:10:44 - utils - [INFO] Jugador mas cercano 9
2025-05-09 11:10:44 - __main__ - [INFO] Accion enviada. Mensaje: mensaje_id='MARCAR_ADVERSARIO' token='TOKEN-2e476a2a-f69a-41c8-9a3d-deb491ce96cd' datos={'jugador_numero': 9, 'adversario_numero': 4}
2025-05-09 11:10:44 - __main__ - [INFO] Reaccionar
2025-05-09 11:10:44 - utils - [INFO] Jugador mas cercano 9
2025-05-09 11:10:44 - __main__ - [INFO] Accion enviada. Mensaje: mensaje_id='MARCAR_ADVERSARIO' token='TOKEN-2e476a2a-f69a-41c8-9a3d-deb491ce96cd' datos={'jugador_numero': 9, 'adversario_numero': 4}
2025-05-09 11:10:44 - __main__ - [INFO] Reaccionar
2025-05-09 11:10:44 - utils - [INFO] Jugador mas cercano 1
2025-05-09 11:10:44 - __main__ - [INFO] Accion enviada. Mensaje: mensaje_id='MARCAR_ADVERSARIO' token='TOKEN-2e476a2a-f69a-41c8-9a3d-deb491ce96cd' datos={'jugador_numero': 1, 'adversario_numero': 11}
2025-05-09 11:10:44 - __main__ - [INFO] Reaccionar
2025-05-09 11:10:44 - utils - [INFO] Jugador mas cercano 1
2025-05-09 11:10:44 - __main__ - [INFO] Accion enviada. Mensaje: mensaje_id='CORRER' token='TOKEN-2e476a2a-f69a-41c8-9a3d-deb491ce96cd' datos={'movimientos': [{'jugador_numero': 1, 'x': 6, 'y': 19}]}
2025-05-09 11:10:44 - mensajes - [ERROR] msg_id no interpretado. Data: {'mensaje_id': 'OCUPADO', 'datos': {'descripcion': 'El Servidor está ocupado en este momento. Intente más tarde.'}}
2025-05-09 11:10:44 - __main__ - [WARNING] Otro mensaje recibido. Mensaje enviado: 
Mensaje Enviado: mensaje_id='CORRER' token='TOKEN-2e476a2a-f69a-41c8-9a3d-deb491ce96cd' datos={'movimientos': [{'jugador_numero': 1, 'x': 6, 'y': 19}]}

Mensaje recibido: None
2025-05-09 11:10:45 - __main__ - [INFO] Reaccionar
2025-05-09 11:10:45 - utils - [INFO] Jugador mas cercano 1
2025-05-09 11:10:45 - __main__ - [INFO] Accion enviada. Mensaje: mensaje_id='MARCAR_ADVERSARIO' token='TOKEN-2e476a2a-f69a-41c8-9a3d-deb491ce96cd' datos={'jugador_numero': 1, 'adversario_numero': 11}
2025-05-09 11:10:45 - __main__ - [INFO] Reaccionar
2025-05-09 11:10:45 - utils - [INFO] Jugador mas cercano 1
2025-05-09 11:10:45 - __main__ - [INFO] Accion enviada. Mensaje: mensaje_id='CORRER' token='TOKEN-2e476a2a-f69a-41c8-9a3d-deb491ce96cd' datos={'movimientos': [{'jugador_numero': 1, 'x': 6, 'y': 19}]}
2025-05-09 11:10:45 - __main__ - [INFO] Reaccionar
2025-05-09 11:10:45 - utils - [INFO] Jugador mas cercano 9
2025-05-09 11:10:45 - __main__ - [INFO] Accion enviada. Mensaje: mensaje_id='MARCAR_ADVERSARIO' token='TOKEN-2e476a2a-f69a-41c8-9a3d-deb491ce96cd' datos={'jugador_numero': 9, 'adversario_numero': 4}
2025-05-09 11:10:45 - __main__ - [INFO] Reaccionar
2025-05-09 11:10:45 - utils - [INFO] Jugador mas cercano 1
2025-05-09 11:10:45 - __main__ - [INFO] Accion enviada. Mensaje: mensaje_id='MARCAR_ADVERSARIO' token='TOKEN-2e476a2a-f69a-41c8-9a3d-deb491ce96cd' datos={'jugador_numero': 1, 'adversario_numero': 11}
2025-05-09 11:10:45 - __main__ - [INFO] Reaccionar
2025-05-09 11:10:45 - utils - [INFO] Jugador mas cercano 1
2025-05-09 11:10:45 - __main__ - [INFO] Accion enviada. Mensaje: mensaje_id='CORRER' token='TOKEN-2e476a2a-f69a-41c8-9a3d-deb491ce96cd' datos={'movimientos': [{'jugador_numero': 1, 'x': 6, 'y': 19}]}
2025-05-09 11:10:45 - __main__ - [INFO] Reaccionar
2025-05-09 11:10:45 - utils - [INFO] Jugador mas cercano 9
2025-05-09 11:10:45 - __main__ - [INFO] Accion enviada. Mensaje: mensaje_id='MARCAR_ADVERSARIO' token='TOKEN-2e476a2a-f69a-41c8-9a3d-deb491ce96cd' datos={'jugador_numero': 9, 'adversario_numero': 1}
2025-05-09 11:10:45 - mensajes - [ERROR] msg_id no interpretado. Data: {'mensaje_id': 'OCUPADO', 'datos': {'descripcion': 'El Servidor está ocupado en este momento. Intente más tarde.'}}
2025-05-09 11:10:45 - __main__ - [WARNING] Otro mensaje recibido. Mensaje enviado: 
Mensaje Enviado: mensaje_id='MARCAR_ADVERSARIO' token='TOKEN-2e476a2a-f69a-41c8-9a3d-deb491ce96cd' datos={'jugador_numero': 9, 'adversario_numero': 1}

Mensaje recibido: None
2025-05-09 11:10:46 - __main__ - [INFO] Reaccionar
2025-05-09 11:10:46 - utils - [INFO] Jugador mas cercano 1
2025-05-09 11:10:46 - __main__ - [INFO] Accion enviada. Mensaje: mensaje_id='MARCAR_ADVERSARIO' token='TOKEN-2e476a2a-f69a-41c8-9a3d-deb491ce96cd' datos={'jugador_numero': 1, 'adversario_numero': 11}
2025-05-09 11:10:46 - __main__ - [INFO] Reaccionar
2025-05-09 11:10:46 - utils - [INFO] Jugador mas cercano 1
2025-05-09 11:10:46 - __main__ - [INFO] Accion enviada. Mensaje: mensaje_id='CORRER' token='TOKEN-2e476a2a-f69a-41c8-9a3d-deb491ce96cd' datos={'movimientos': [{'jugador_numero': 1, 'x': 6, 'y': 19}]}
2025-05-09 11:10:46 - __main__ - [INFO] Reaccionar
2025-05-09 11:10:46 - utils - [INFO] Jugador mas cercano 9
2025-05-09 11:10:46 - __main__ - [INFO] Accion enviada. Mensaje: mensaje_id='MARCAR_ADVERSARIO' token='TOKEN-2e476a2a-f69a-41c8-9a3d-deb491ce96cd' datos={'jugador_numero': 9, 'adversario_numero': 1}
2025-05-09 11:10:46 - __main__ - [INFO] Reaccionar
2025-05-09 11:10:46 - utils - [INFO] Jugador mas cercano 9
2025-05-09 11:10:46 - __main__ - [INFO] Accion enviada. Mensaje: mensaje_id='MARCAR_ADVERSARIO' token='TOKEN-2e476a2a-f69a-41c8-9a3d-deb491ce96cd' datos={'jugador_numero': 9, 'adversario_numero': 4}
2025-05-09 11:10:46 - __main__ - [INFO] Reaccionar
2025-05-09 11:10:46 - utils - [INFO] Jugador mas cercano 1
2025-05-09 11:10:46 - __main__ - [INFO] Accion enviada. Mensaje: mensaje_id='MARCAR_ADVERSARIO' token='TOKEN-2e476a2a-f69a-41c8-9a3d-deb491ce96cd' datos={'jugador_numero': 1, 'adversario_numero': 11}
2025-05-09 11:10:46 - __main__ - [INFO] Reaccionar
2025-05-09 11:10:46 - utils - [INFO] Jugador mas cercano 1
2025-05-09 11:10:46 - __main__ - [INFO] Accion enviada. Mensaje: mensaje_id='CORRER' token='TOKEN-2e476a2a-f69a-41c8-9a3d-deb491ce96cd' datos={'movimientos': [{'jugador_numero': 1, 'x': 6, 'y': 19}]}
2025-05-09 11:10:46 - mensajes - [ERROR] msg_id no interpretado. Data: {'mensaje_id': 'OCUPADO', 'datos': {'descripcion': 'El Servidor está ocupado en este momento. Intente más tarde.'}}
2025-05-09 11:10:46 - __main__ - [WARNING] Otro mensaje recibido. Mensaje enviado: 
Mensaje Enviado: mensaje_id='CORRER' token='TOKEN-2e476a2a-f69a-41c8-9a3d-deb491ce96cd' datos={'movimientos': [{'jugador_numero': 1, 'x': 6, 'y': 19}]}

Mensaje recibido: None
2025-05-09 11:10:47 - __main__ - [INFO] Reaccionar
2025-05-09 11:10:47 - utils - [INFO] Jugador mas cercano 1
2025-05-09 11:10:47 - __main__ - [INFO] Accion enviada. Mensaje: mensaje_id='MARCAR_ADVERSARIO' token='TOKEN-2e476a2a-f69a-41c8-9a3d-deb491ce96cd' datos={'jugador_numero': 1, 'adversario_numero': 11}
2025-05-09 11:10:47 - __main__ - [INFO] Reaccionar
2025-05-09 11:10:47 - utils - [INFO] Jugador mas cercano 1
2025-05-09 11:10:47 - __main__ - [INFO] Accion enviada. Mensaje: mensaje_id='CORRER' token='TOKEN-2e476a2a-f69a-41c8-9a3d-deb491ce96cd' datos={'movimientos': [{'jugador_numero': 1, 'x': 6, 'y': 19}]}
2025-05-09 11:10:47 - __main__ - [INFO] Reaccionar
2025-05-09 11:10:47 - utils - [INFO] Jugador mas cercano 9
2025-05-09 11:10:47 - __main__ - [INFO] Accion enviada. Mensaje: mensaje_id='MARCAR_ADVERSARIO' token='TOKEN-2e476a2a-f69a-41c8-9a3d-deb491ce96cd' datos={'jugador_numero': 9, 'adversario_numero': 1}
2025-05-09 11:10:47 - __main__ - [INFO] Reaccionar
2025-05-09 11:10:47 - utils - [INFO] Jugador mas cercano 9
2025-05-09 11:10:47 - __main__ - [INFO] Accion enviada. Mensaje: mensaje_id='MARCAR_ADVERSARIO' token='TOKEN-2e476a2a-f69a-41c8-9a3d-deb491ce96cd' datos={'jugador_numero': 9, 'adversario_numero': 4}
2025-05-09 11:10:47 - __main__ - [INFO] Reaccionar
2025-05-09 11:10:47 - utils - [INFO] Jugador mas cercano 1
2025-05-09 11:10:47 - __main__ - [INFO] Accion enviada. Mensaje: mensaje_id='MARCAR_ADVERSARIO' token='TOKEN-2e476a2a-f69a-41c8-9a3d-deb491ce96cd' datos={'jugador_numero': 1, 'adversario_numero': 11}
2025-05-09 11:10:47 - __main__ - [INFO] Reaccionar
2025-05-09 11:10:47 - utils - [INFO] Jugador mas cercano 1
2025-05-09 11:10:47 - __main__ - [INFO] Accion enviada. Mensaje: mensaje_id='CORRER' token='TOKEN-2e476a2a-f69a-41c8-9a3d-deb491ce96cd' datos={'movimientos': [{'jugador_numero': 1, 'x': 6, 'y': 19}]}
2025-05-09 11:10:47 - mensajes - [ERROR] msg_id no interpretado. Data: {'mensaje_id': 'OCUPADO', 'datos': {'descripcion': 'El Servidor está ocupado en este momento. Intente más tarde.'}}
2025-05-09 11:10:47 - __main__ - [WARNING] Otro mensaje recibido. Mensaje enviado: 
Mensaje Enviado: mensaje_id='CORRER' token='TOKEN-2e476a2a-f69a-41c8-9a3d-deb491ce96cd' datos={'movimientos': [{'jugador_numero': 1, 'x': 6, 'y': 19}]}

Mensaje recibido: None
2025-05-09 11:10:48 - __main__ - [INFO] Reaccionar
2025-05-09 11:10:48 - utils - [INFO] Jugador mas cercano 1
2025-05-09 11:10:48 - __main__ - [INFO] Accion enviada. Mensaje: mensaje_id='MARCAR_ADVERSARIO' token='TOKEN-2e476a2a-f69a-41c8-9a3d-deb491ce96cd' datos={'jugador_numero': 1, 'adversario_numero': 11}
2025-05-09 11:10:48 - __main__ - [INFO] Reaccionar
2025-05-09 11:10:48 - utils - [INFO] Jugador mas cercano 1
2025-05-09 11:10:48 - __main__ - [INFO] Accion enviada. Mensaje: mensaje_id='CORRER' token='TOKEN-2e476a2a-f69a-41c8-9a3d-deb491ce96cd' datos={'movimientos': [{'jugador_numero': 1, 'x': 6, 'y': 19}]}
2025-05-09 11:10:48 - __main__ - [INFO] Reaccionar
2025-05-09 11:10:48 - utils - [INFO] Jugador mas cercano 9
2025-05-09 11:10:48 - __main__ - [INFO] Accion enviada. Mensaje: mensaje_id='MARCAR_ADVERSARIO' token='TOKEN-2e476a2a-f69a-41c8-9a3d-deb491ce96cd' datos={'jugador_numero': 9, 'adversario_numero': 4}
2025-05-09 11:10:48 - __main__ - [INFO] Reaccionar
2025-05-09 11:10:48 - utils - [INFO] Jugador mas cercano 9
2025-05-09 11:10:48 - __main__ - [INFO] Accion enviada. Mensaje: mensaje_id='MARCAR_ADVERSARIO' token='TOKEN-2e476a2a-f69a-41c8-9a3d-deb491ce96cd' datos={'jugador_numero': 9, 'adversario_numero': 1}
2025-05-09 11:10:48 - __main__ - [INFO] Reaccionar
2025-05-09 11:10:48 - utils - [INFO] Jugador mas cercano 1
2025-05-09 11:10:48 - __main__ - [INFO] Accion enviada. Mensaje: mensaje_id='MARCAR_ADVERSARIO' token='TOKEN-2e476a2a-f69a-41c8-9a3d-deb491ce96cd' datos={'jugador_numero': 1, 'adversario_numero': 11}
2025-05-09 11:10:48 - __main__ - [INFO] Reaccionar
2025-05-09 11:10:48 - utils - [INFO] Jugador mas cercano 1
2025-05-09 11:10:48 - __main__ - [INFO] Accion enviada. Mensaje: mensaje_id='CORRER' token='TOKEN-2e476a2a-f69a-41c8-9a3d-deb491ce96cd' datos={'movimientos': [{'jugador_numero': 1, 'x': 6, 'y': 19}]}
2025-05-09 11:10:48 - mensajes - [ERROR] msg_id no interpretado. Data: {'mensaje_id': 'OCUPADO', 'datos': {'descripcion': 'El Servidor está ocupado en este momento. Intente más tarde.'}}
2025-05-09 11:10:48 - __main__ - [WARNING] Otro mensaje recibido. Mensaje enviado: 
Mensaje Enviado: mensaje_id='CORRER' token='TOKEN-2e476a2a-f69a-41c8-9a3d-deb491ce96cd' datos={'movimientos': [{'jugador_numero': 1, 'x': 6, 'y': 19}]}

Mensaje recibido: None
2025-05-09 11:10:49 - __main__ - [INFO] Reaccionar
2025-05-09 11:10:49 - utils - [INFO] Jugador mas cercano 1
2025-05-09 11:10:49 - __main__ - [INFO] Accion enviada. Mensaje: mensaje_id='MARCAR_ADVERSARIO' token='TOKEN-2e476a2a-f69a-41c8-9a3d-deb491ce96cd' datos={'jugador_numero': 1, 'adversario_numero': 11}
2025-05-09 11:10:49 - __main__ - [INFO] Reaccionar
2025-05-09 11:10:49 - utils - [INFO] Jugador mas cercano 1
2025-05-09 11:10:49 - __main__ - [INFO] Accion enviada. Mensaje: mensaje_id='CORRER' token='TOKEN-2e476a2a-f69a-41c8-9a3d-deb491ce96cd' datos={'movimientos': [{'jugador_numero': 1, 'x': 6, 'y': 19}]}
2025-05-09 11:10:49 - __main__ - [INFO] Reaccionar
2025-05-09 11:10:49 - utils - [INFO] Jugador mas cercano 9
2025-05-09 11:10:49 - __main__ - [INFO] Accion enviada. Mensaje: mensaje_id='MARCAR_ADVERSARIO' token='TOKEN-2e476a2a-f69a-41c8-9a3d-deb491ce96cd' datos={'jugador_numero': 9, 'adversario_numero': 1}
2025-05-09 11:10:49 - __main__ - [INFO] Reaccionar
2025-05-09 11:10:49 - utils - [INFO] Jugador mas cercano 9
2025-05-09 11:10:49 - __main__ - [INFO] Accion enviada. Mensaje: mensaje_id='MARCAR_ADVERSARIO' token='TOKEN-2e476a2a-f69a-41c8-9a3d-deb491ce96cd' datos={'jugador_numero': 9, 'adversario_numero': 4}
2025-05-09 11:10:49 - __main__ - [INFO] Reaccionar
2025-05-09 11:10:49 - utils - [INFO] Jugador mas cercano 1
2025-05-09 11:10:49 - __main__ - [INFO] Accion enviada. Mensaje: mensaje_id='MARCAR_ADVERSARIO' token='TOKEN-2e476a2a-f69a-41c8-9a3d-deb491ce96cd' datos={'jugador_numero': 1, 'adversario_numero': 11}
2025-05-09 11:10:49 - __main__ - [INFO] Reaccionar
2025-05-09 11:10:49 - utils - [INFO] Jugador mas cercano 1
2025-05-09 11:10:49 - __main__ - [INFO] Accion enviada. Mensaje: mensaje_id='CORRER' token='TOKEN-2e476a2a-f69a-41c8-9a3d-deb491ce96cd' datos={'movimientos': [{'jugador_numero': 1, 'x': 6, 'y': 19}]}
2025-05-09 11:10:49 - mensajes - [ERROR] msg_id no interpretado. Data: {'mensaje_id': 'OCUPADO', 'datos': {'descripcion': 'El Servidor está ocupado en este momento. Intente más tarde.'}}
2025-05-09 11:10:49 - __main__ - [WARNING] Otro mensaje recibido. Mensaje enviado: 
Mensaje Enviado: mensaje_id='CORRER' token='TOKEN-2e476a2a-f69a-41c8-9a3d-deb491ce96cd' datos={'movimientos': [{'jugador_numero': 1, 'x': 6, 'y': 19}]}

Mensaje recibido: None
2025-05-09 11:10:50 - __main__ - [INFO] Reaccionar
2025-05-09 11:10:50 - utils - [INFO] Jugador mas cercano 1
2025-05-09 11:10:50 - __main__ - [INFO] Accion enviada. Mensaje: mensaje_id='MARCAR_ADVERSARIO' token='TOKEN-2e476a2a-f69a-41c8-9a3d-deb491ce96cd' datos={'jugador_numero': 1, 'adversario_numero': 11}
2025-05-09 11:10:50 - __main__ - [INFO] Reaccionar
2025-05-09 11:10:50 - utils - [INFO] Jugador mas cercano 1
2025-05-09 11:10:50 - __main__ - [INFO] Accion enviada. Mensaje: mensaje_id='CORRER' token='TOKEN-2e476a2a-f69a-41c8-9a3d-deb491ce96cd' datos={'movimientos': [{'jugador_numero': 1, 'x': 6, 'y': 19}]}
2025-05-09 11:10:50 - __main__ - [INFO] Reaccionar
2025-05-09 11:10:50 - utils - [INFO] Jugador mas cercano 9
2025-05-09 11:10:50 - __main__ - [INFO] Accion enviada. Mensaje: mensaje_id='MARCAR_ADVERSARIO' token='TOKEN-2e476a2a-f69a-41c8-9a3d-deb491ce96cd' datos={'jugador_numero': 9, 'adversario_numero': 1}
2025-05-09 11:10:50 - __main__ - [INFO] Reaccionar
2025-05-09 11:10:50 - utils - [INFO] Jugador mas cercano 9
2025-05-09 11:10:50 - __main__ - [INFO] Accion enviada. Mensaje: mensaje_id='MARCAR_ADVERSARIO' token='TOKEN-2e476a2a-f69a-41c8-9a3d-deb491ce96cd' datos={'jugador_numero': 9, 'adversario_numero': 4}
2025-05-09 11:10:50 - __main__ - [INFO] Reaccionar
2025-05-09 11:10:50 - utils - [INFO] Jugador mas cercano 1
2025-05-09 11:10:50 - __main__ - [INFO] Accion enviada. Mensaje: mensaje_id='MARCAR_ADVERSARIO' token='TOKEN-2e476a2a-f69a-41c8-9a3d-deb491ce96cd' datos={'jugador_numero': 1, 'adversario_numero': 11}
2025-05-09 11:10:50 - __main__ - [INFO] Reaccionar
2025-05-09 11:10:50 - utils - [INFO] Jugador mas cercano 1
2025-05-09 11:10:50 - __main__ - [INFO] Accion enviada. Mensaje: mensaje_id='CORRER' token='TOKEN-2e476a2a-f69a-41c8-9a3d-deb491ce96cd' datos={'movimientos': [{'jugador_numero': 1, 'x': 6, 'y': 19}]}
2025-05-09 11:10:50 - mensajes - [ERROR] msg_id no interpretado. Data: {'mensaje_id': 'OCUPADO', 'datos': {'descripcion': 'El Servidor está ocupado en este momento. Intente más tarde.'}}
2025-05-09 11:10:50 - __main__ - [WARNING] Otro mensaje recibido. Mensaje enviado: 
Mensaje Enviado: mensaje_id='CORRER' token='TOKEN-2e476a2a-f69a-41c8-9a3d-deb491ce96cd' datos={'movimientos': [{'jugador_numero': 1, 'x': 6, 'y': 19}]}

Mensaje recibido: None
2025-05-09 11:10:51 - __main__ - [INFO] Reaccionar
2025-05-09 11:10:51 - utils - [INFO] Jugador mas cercano 1
2025-05-09 11:10:51 - __main__ - [INFO] Accion enviada. Mensaje: mensaje_id='MARCAR_ADVERSARIO' token='TOKEN-2e476a2a-f69a-41c8-9a3d-deb491ce96cd' datos={'jugador_numero': 1, 'adversario_numero': 11}
2025-05-09 11:10:51 - __main__ - [INFO] Reaccionar
2025-05-09 11:10:51 - utils - [INFO] Jugador mas cercano 1
2025-05-09 11:10:51 - __main__ - [INFO] Accion enviada. Mensaje: mensaje_id='CORRER' token='TOKEN-2e476a2a-f69a-41c8-9a3d-deb491ce96cd' datos={'movimientos': [{'jugador_numero': 1, 'x': 6, 'y': 19}]}
2025-05-09 11:10:51 - __main__ - [INFO] Reaccionar
2025-05-09 11:10:51 - utils - [INFO] Jugador mas cercano 9
2025-05-09 11:10:51 - __main__ - [INFO] Accion enviada. Mensaje: mensaje_id='MARCAR_ADVERSARIO' token='TOKEN-2e476a2a-f69a-41c8-9a3d-deb491ce96cd' datos={'jugador_numero': 9, 'adversario_numero': 4}
2025-05-09 11:10:51 - __main__ - [INFO] Reaccionar
2025-05-09 11:10:51 - utils - [INFO] Jugador mas cercano 9
2025-05-09 11:10:51 - __main__ - [INFO] Accion enviada. Mensaje: mensaje_id='MARCAR_ADVERSARIO' token='TOKEN-2e476a2a-f69a-41c8-9a3d-deb491ce96cd' datos={'jugador_numero': 9, 'adversario_numero': 1}
2025-05-09 11:10:51 - __main__ - [INFO] Reaccionar
2025-05-09 11:10:51 - utils - [INFO] Jugador mas cercano 1
2025-05-09 11:10:51 - __main__ - [INFO] Accion enviada. Mensaje: mensaje_id='MARCAR_ADVERSARIO' token='TOKEN-2e476a2a-f69a-41c8-9a3d-deb491ce96cd' datos={'jugador_numero': 1, 'adversario_numero': 11}
2025-05-09 11:10:51 - __main__ - [INFO] Reaccionar
2025-05-09 11:10:51 - utils - [INFO] Jugador mas cercano 1
2025-05-09 11:10:51 - __main__ - [INFO] Accion enviada. Mensaje: mensaje_id='CORRER' token='TOKEN-2e476a2a-f69a-41c8-9a3d-deb491ce96cd' datos={'movimientos': [{'jugador_numero': 1, 'x': 6, 'y': 19}]}
2025-05-09 11:10:51 - mensajes - [ERROR] msg_id no interpretado. Data: {'mensaje_id': 'OCUPADO', 'datos': {'descripcion': 'El Servidor está ocupado en este momento. Intente más tarde.'}}
2025-05-09 11:10:51 - __main__ - [WARNING] Otro mensaje recibido. Mensaje enviado: 
Mensaje Enviado: mensaje_id='CORRER' token='TOKEN-2e476a2a-f69a-41c8-9a3d-deb491ce96cd' datos={'movimientos': [{'jugador_numero': 1, 'x': 6, 'y': 19}]}

Mensaje recibido: None
2025-05-09 11:10:52 - __main__ - [INFO] Reaccionar
2025-05-09 11:10:52 - utils - [INFO] Jugador mas cercano 1
2025-05-09 11:10:52 - __main__ - [INFO] Accion enviada. Mensaje: mensaje_id='MARCAR_ADVERSARIO' token='TOKEN-2e476a2a-f69a-41c8-9a3d-deb491ce96cd' datos={'jugador_numero': 1, 'adversario_numero': 11}
2025-05-09 11:10:52 - __main__ - [INFO] Reaccionar
2025-05-09 11:10:52 - utils - [INFO] Jugador mas cercano 1
2025-05-09 11:10:52 - __main__ - [INFO] Accion enviada. Mensaje: mensaje_id='CORRER' token='TOKEN-2e476a2a-f69a-41c8-9a3d-deb491ce96cd' datos={'movimientos': [{'jugador_numero': 1, 'x': 6, 'y': 19}]}
2025-05-09 11:10:52 - __main__ - [INFO] Reaccionar
2025-05-09 11:10:52 - utils - [INFO] Jugador mas cercano 9
2025-05-09 11:10:52 - __main__ - [INFO] Accion enviada. Mensaje: mensaje_id='MARCAR_ADVERSARIO' token='TOKEN-2e476a2a-f69a-41c8-9a3d-deb491ce96cd' datos={'jugador_numero': 9, 'adversario_numero': 4}
2025-05-09 11:10:52 - __main__ - [INFO] Reaccionar
2025-05-09 11:10:52 - utils - [INFO] Jugador mas cercano 1
2025-05-09 11:10:52 - __main__ - [INFO] Accion enviada. Mensaje: mensaje_id='MARCAR_ADVERSARIO' token='TOKEN-2e476a2a-f69a-41c8-9a3d-deb491ce96cd' datos={'jugador_numero': 1, 'adversario_numero': 11}
2025-05-09 11:10:52 - __main__ - [INFO] Reaccionar
2025-05-09 11:10:52 - utils - [INFO] Jugador mas cercano 1
2025-05-09 11:10:52 - __main__ - [INFO] Accion enviada. Mensaje: mensaje_id='CORRER' token='TOKEN-2e476a2a-f69a-41c8-9a3d-deb491ce96cd' datos={'movimientos': [{'jugador_numero': 1, 'x': 6, 'y': 19}]}
2025-05-09 11:10:52 - __main__ - [INFO] Reaccionar
2025-05-09 11:10:52 - utils - [INFO] Jugador mas cercano 9
2025-05-09 11:10:52 - __main__ - [INFO] Accion enviada. Mensaje: mensaje_id='MARCAR_ADVERSARIO' token='TOKEN-2e476a2a-f69a-41c8-9a3d-deb491ce96cd' datos={'jugador_numero': 9, 'adversario_numero': 4}
2025-05-09 11:10:52 - mensajes - [ERROR] msg_id no interpretado. Data: {'mensaje_id': 'OCUPADO', 'datos': {'descripcion': 'El Servidor está ocupado en este momento. Intente más tarde.'}}
2025-05-09 11:10:52 - __main__ - [WARNING] Otro mensaje recibido. Mensaje enviado: 
Mensaje Enviado: mensaje_id='MARCAR_ADVERSARIO' token='TOKEN-2e476a2a-f69a-41c8-9a3d-deb491ce96cd' datos={'jugador_numero': 9, 'adversario_numero': 4}

Mensaje recibido: None
2025-05-09 11:10:53 - __main__ - [INFO] Reaccionar
2025-05-09 11:10:53 - utils - [INFO] Jugador mas cercano 1
2025-05-09 11:10:53 - __main__ - [INFO] Accion enviada. Mensaje: mensaje_id='MARCAR_ADVERSARIO' token='TOKEN-2e476a2a-f69a-41c8-9a3d-deb491ce96cd' datos={'jugador_numero': 1, 'adversario_numero': 11}
2025-05-09 11:10:53 - __main__ - [INFO] Reaccionar
2025-05-09 11:10:53 - utils - [INFO] Jugador mas cercano 1
2025-05-09 11:10:53 - __main__ - [INFO] Accion enviada. Mensaje: mensaje_id='CORRER' token='TOKEN-2e476a2a-f69a-41c8-9a3d-deb491ce96cd' datos={'movimientos': [{'jugador_numero': 1, 'x': 6, 'y': 19}]}
2025-05-09 11:10:53 - __main__ - [INFO] Reaccionar
2025-05-09 11:10:53 - utils - [INFO] Jugador mas cercano 9
2025-05-09 11:10:53 - __main__ - [INFO] Accion enviada. Mensaje: mensaje_id='MARCAR_ADVERSARIO' token='TOKEN-2e476a2a-f69a-41c8-9a3d-deb491ce96cd' datos={'jugador_numero': 9, 'adversario_numero': 1}
2025-05-09 11:10:53 - __main__ - [INFO] Reaccionar
2025-05-09 11:10:53 - utils - [INFO] Jugador mas cercano 1
2025-05-09 11:10:53 - __main__ - [INFO] Accion enviada. Mensaje: mensaje_id='MARCAR_ADVERSARIO' token='TOKEN-2e476a2a-f69a-41c8-9a3d-deb491ce96cd' datos={'jugador_numero': 1, 'adversario_numero': 11}
2025-05-09 11:10:53 - __main__ - [INFO] Reaccionar
2025-05-09 11:10:53 - utils - [INFO] Jugador mas cercano 1
2025-05-09 11:10:53 - __main__ - [INFO] Accion enviada. Mensaje: mensaje_id='CORRER' token='TOKEN-2e476a2a-f69a-41c8-9a3d-deb491ce96cd' datos={'movimientos': [{'jugador_numero': 1, 'x': 6, 'y': 19}]}
2025-05-09 11:10:53 - __main__ - [INFO] Reaccionar
2025-05-09 11:10:53 - utils - [INFO] Jugador mas cercano 9
2025-05-09 11:10:53 - __main__ - [INFO] Accion enviada. Mensaje: mensaje_id='MARCAR_ADVERSARIO' token='TOKEN-2e476a2a-f69a-41c8-9a3d-deb491ce96cd' datos={'jugador_numero': 9, 'adversario_numero': 1}
2025-05-09 11:10:53 - mensajes - [ERROR] msg_id no interpretado. Data: {'mensaje_id': 'OCUPADO', 'datos': {'descripcion': 'El Servidor está ocupado en este momento. Intente más tarde.'}}
2025-05-09 11:10:53 - __main__ - [WARNING] Otro mensaje recibido. Mensaje enviado: 
Mensaje Enviado: mensaje_id='MARCAR_ADVERSARIO' token='TOKEN-2e476a2a-f69a-41c8-9a3d-deb491ce96cd' datos={'jugador_numero': 9, 'adversario_numero': 1}

Mensaje recibido: None
2025-05-09 11:10:54 - __main__ - [INFO] Reaccionar
2025-05-09 11:10:54 - utils - [INFO] Jugador mas cercano 1
2025-05-09 11:10:54 - __main__ - [INFO] Accion enviada. Mensaje: mensaje_id='MARCAR_ADVERSARIO' token='TOKEN-2e476a2a-f69a-41c8-9a3d-deb491ce96cd' datos={'jugador_numero': 1, 'adversario_numero': 11}
2025-05-09 11:10:54 - __main__ - [INFO] Reaccionar
2025-05-09 11:10:54 - utils - [INFO] Jugador mas cercano 1
2025-05-09 11:10:54 - __main__ - [INFO] Accion enviada. Mensaje: mensaje_id='CORRER' token='TOKEN-2e476a2a-f69a-41c8-9a3d-deb491ce96cd' datos={'movimientos': [{'jugador_numero': 1, 'x': 6, 'y': 19}]}
2025-05-09 11:10:54 - __main__ - [INFO] Reaccionar
2025-05-09 11:10:54 - utils - [INFO] Jugador mas cercano 9
2025-05-09 11:10:54 - __main__ - [INFO] Accion enviada. Mensaje: mensaje_id='MARCAR_ADVERSARIO' token='TOKEN-2e476a2a-f69a-41c8-9a3d-deb491ce96cd' datos={'jugador_numero': 9, 'adversario_numero': 1}
2025-05-09 11:10:54 - __main__ - [INFO] Reaccionar
2025-05-09 11:10:54 - utils - [INFO] Jugador mas cercano 9
2025-05-09 11:10:54 - __main__ - [INFO] Accion enviada. Mensaje: mensaje_id='MARCAR_ADVERSARIO' token='TOKEN-2e476a2a-f69a-41c8-9a3d-deb491ce96cd' datos={'jugador_numero': 9, 'adversario_numero': 1}
2025-05-09 11:10:54 - __main__ - [INFO] Reaccionar
2025-05-09 11:10:54 - utils - [INFO] Jugador mas cercano 1
2025-05-09 11:10:54 - __main__ - [INFO] Accion enviada. Mensaje: mensaje_id='MARCAR_ADVERSARIO' token='TOKEN-2e476a2a-f69a-41c8-9a3d-deb491ce96cd' datos={'jugador_numero': 1, 'adversario_numero': 11}
2025-05-09 11:10:54 - __main__ - [INFO] Reaccionar
2025-05-09 11:10:54 - utils - [INFO] Jugador mas cercano 1
2025-05-09 11:10:54 - __main__ - [INFO] Accion enviada. Mensaje: mensaje_id='CORRER' token='TOKEN-2e476a2a-f69a-41c8-9a3d-deb491ce96cd' datos={'movimientos': [{'jugador_numero': 1, 'x': 6, 'y': 19}]}
2025-05-09 11:10:54 - mensajes - [ERROR] msg_id no interpretado. Data: {'mensaje_id': 'OCUPADO', 'datos': {'descripcion': 'El Servidor está ocupado en este momento. Intente más tarde.'}}
2025-05-09 11:10:54 - __main__ - [WARNING] Otro mensaje recibido. Mensaje enviado: 
Mensaje Enviado: mensaje_id='CORRER' token='TOKEN-2e476a2a-f69a-41c8-9a3d-deb491ce96cd' datos={'movimientos': [{'jugador_numero': 1, 'x': 6, 'y': 19}]}

Mensaje recibido: None
2025-05-09 11:10:55 - __main__ - [INFO] Reaccionar
2025-05-09 11:10:55 - utils - [INFO] Jugador mas cercano 1
2025-05-09 11:10:55 - __main__ - [INFO] Accion enviada. Mensaje: mensaje_id='MARCAR_ADVERSARIO' token='TOKEN-2e476a2a-f69a-41c8-9a3d-deb491ce96cd' datos={'jugador_numero': 1, 'adversario_numero': 11}
2025-05-09 11:10:55 - __main__ - [INFO] Reaccionar
2025-05-09 11:10:55 - utils - [INFO] Jugador mas cercano 1
2025-05-09 11:10:55 - __main__ - [INFO] Accion enviada. Mensaje: mensaje_id='CORRER' token='TOKEN-2e476a2a-f69a-41c8-9a3d-deb491ce96cd' datos={'movimientos': [{'jugador_numero': 1, 'x': 6, 'y': 19}]}
2025-05-09 11:10:55 - __main__ - [INFO] Reaccionar
2025-05-09 11:10:55 - utils - [INFO] Jugador mas cercano 9
2025-05-09 11:10:55 - __main__ - [INFO] Accion enviada. Mensaje: mensaje_id='MARCAR_ADVERSARIO' token='TOKEN-2e476a2a-f69a-41c8-9a3d-deb491ce96cd' datos={'jugador_numero': 9, 'adversario_numero': 1}
2025-05-09 11:10:55 - __main__ - [INFO] Reaccionar
2025-05-09 11:10:55 - utils - [INFO] Jugador mas cercano 1
2025-05-09 11:10:55 - __main__ - [INFO] Accion enviada. Mensaje: mensaje_id='MARCAR_ADVERSARIO' token='TOKEN-2e476a2a-f69a-41c8-9a3d-deb491ce96cd' datos={'jugador_numero': 1, 'adversario_numero': 11}
2025-05-09 11:10:55 - __main__ - [INFO] Reaccionar
2025-05-09 11:10:55 - utils - [INFO] Jugador mas cercano 1
2025-05-09 11:10:55 - __main__ - [INFO] Accion enviada. Mensaje: mensaje_id='CORRER' token='TOKEN-2e476a2a-f69a-41c8-9a3d-deb491ce96cd' datos={'movimientos': [{'jugador_numero': 1, 'x': 6, 'y': 19}]}
2025-05-09 11:10:55 - __main__ - [INFO] Reaccionar
2025-05-09 11:10:55 - utils - [INFO] Jugador mas cercano 9
2025-05-09 11:10:55 - __main__ - [INFO] Accion enviada. Mensaje: mensaje_id='MARCAR_ADVERSARIO' token='TOKEN-2e476a2a-f69a-41c8-9a3d-deb491ce96cd' datos={'jugador_numero': 9, 'adversario_numero': 4}
2025-05-09 11:10:55 - mensajes - [ERROR] msg_id no interpretado. Data: {'mensaje_id': 'OCUPADO', 'datos': {'descripcion': 'El Servidor está ocupado en este momento. Intente más tarde.'}}
2025-05-09 11:10:55 - __main__ - [WARNING] Otro mensaje recibido. Mensaje enviado: 
Mensaje Enviado: mensaje_id='MARCAR_ADVERSARIO' token='TOKEN-2e476a2a-f69a-41c8-9a3d-deb491ce96cd' datos={'jugador_numero': 9, 'adversario_numero': 4}

Mensaje recibido: None
2025-05-09 11:10:56 - __main__ - [INFO] Reaccionar
2025-05-09 11:10:56 - utils - [INFO] Jugador mas cercano 1
2025-05-09 11:10:56 - __main__ - [INFO] Accion enviada. Mensaje: mensaje_id='MARCAR_ADVERSARIO' token='TOKEN-2e476a2a-f69a-41c8-9a3d-deb491ce96cd' datos={'jugador_numero': 1, 'adversario_numero': 11}
2025-05-09 11:10:56 - __main__ - [INFO] Reaccionar
2025-05-09 11:10:56 - utils - [INFO] Jugador mas cercano 1
2025-05-09 11:10:56 - __main__ - [INFO] Accion enviada. Mensaje: mensaje_id='CORRER' token='TOKEN-2e476a2a-f69a-41c8-9a3d-deb491ce96cd' datos={'movimientos': [{'jugador_numero': 1, 'x': 6, 'y': 19}]}
2025-05-09 11:10:56 - __main__ - [INFO] Reaccionar
2025-05-09 11:10:56 - utils - [INFO] Jugador mas cercano 9
2025-05-09 11:10:56 - __main__ - [INFO] Accion enviada. Mensaje: mensaje_id='MARCAR_ADVERSARIO' token='TOKEN-2e476a2a-f69a-41c8-9a3d-deb491ce96cd' datos={'jugador_numero': 9, 'adversario_numero': 4}
2025-05-09 11:10:56 - __main__ - [INFO] Reaccionar
2025-05-09 11:10:56 - utils - [INFO] Jugador mas cercano 9
2025-05-09 11:10:56 - __main__ - [INFO] Accion enviada. Mensaje: mensaje_id='MARCAR_ADVERSARIO' token='TOKEN-2e476a2a-f69a-41c8-9a3d-deb491ce96cd' datos={'jugador_numero': 9, 'adversario_numero': 1}
2025-05-09 11:10:56 - __main__ - [INFO] Reaccionar
2025-05-09 11:10:56 - utils - [INFO] Jugador mas cercano 1
2025-05-09 11:10:56 - __main__ - [INFO] Accion enviada. Mensaje: mensaje_id='MARCAR_ADVERSARIO' token='TOKEN-2e476a2a-f69a-41c8-9a3d-deb491ce96cd' datos={'jugador_numero': 1, 'adversario_numero': 11}
2025-05-09 11:10:56 - __main__ - [INFO] Reaccionar
2025-05-09 11:10:56 - utils - [INFO] Jugador mas cercano 1
2025-05-09 11:10:56 - __main__ - [INFO] Accion enviada. Mensaje: mensaje_id='CORRER' token='TOKEN-2e476a2a-f69a-41c8-9a3d-deb491ce96cd' datos={'movimientos': [{'jugador_numero': 1, 'x': 6, 'y': 19}]}
2025-05-09 11:10:56 - mensajes - [ERROR] msg_id no interpretado. Data: {'mensaje_id': 'OCUPADO', 'datos': {'descripcion': 'El Servidor está ocupado en este momento. Intente más tarde.'}}
2025-05-09 11:10:56 - __main__ - [WARNING] Otro mensaje recibido. Mensaje enviado: 
Mensaje Enviado: mensaje_id='CORRER' token='TOKEN-2e476a2a-f69a-41c8-9a3d-deb491ce96cd' datos={'movimientos': [{'jugador_numero': 1, 'x': 6, 'y': 19}]}

Mensaje recibido: None
2025-05-09 11:10:57 - __main__ - [INFO] Reaccionar
2025-05-09 11:10:57 - utils - [INFO] Jugador mas cercano 1
2025-05-09 11:10:57 - __main__ - [INFO] Accion enviada. Mensaje: mensaje_id='MARCAR_ADVERSARIO' token='TOKEN-2e476a2a-f69a-41c8-9a3d-deb491ce96cd' datos={'jugador_numero': 1, 'adversario_numero': 11}
2025-05-09 11:10:57 - __main__ - [INFO] Reaccionar
2025-05-09 11:10:57 - utils - [INFO] Jugador mas cercano 1
2025-05-09 11:10:57 - __main__ - [INFO] Accion enviada. Mensaje: mensaje_id='CORRER' token='TOKEN-2e476a2a-f69a-41c8-9a3d-deb491ce96cd' datos={'movimientos': [{'jugador_numero': 1, 'x': 6, 'y': 19}]}
2025-05-09 11:10:57 - __main__ - [INFO] Reaccionar
2025-05-09 11:10:57 - utils - [INFO] Jugador mas cercano 9
2025-05-09 11:10:57 - __main__ - [INFO] Accion enviada. Mensaje: mensaje_id='MARCAR_ADVERSARIO' token='TOKEN-2e476a2a-f69a-41c8-9a3d-deb491ce96cd' datos={'jugador_numero': 9, 'adversario_numero': 4}
2025-05-09 11:10:57 - __main__ - [INFO] Reaccionar
2025-05-09 11:10:57 - utils - [INFO] Jugador mas cercano 1
2025-05-09 11:10:57 - __main__ - [INFO] Accion enviada. Mensaje: mensaje_id='MARCAR_ADVERSARIO' token='TOKEN-2e476a2a-f69a-41c8-9a3d-deb491ce96cd' datos={'jugador_numero': 1, 'adversario_numero': 11}
2025-05-09 11:10:57 - __main__ - [INFO] Reaccionar
2025-05-09 11:10:57 - utils - [INFO] Jugador mas cercano 1
2025-05-09 11:10:57 - __main__ - [INFO] Accion enviada. Mensaje: mensaje_id='CORRER' token='TOKEN-2e476a2a-f69a-41c8-9a3d-deb491ce96cd' datos={'movimientos': [{'jugador_numero': 1, 'x': 6, 'y': 19}]}
2025-05-09 11:10:57 - __main__ - [INFO] Reaccionar
2025-05-09 11:10:57 - utils - [INFO] Jugador mas cercano 9
2025-05-09 11:10:57 - __main__ - [INFO] Accion enviada. Mensaje: mensaje_id='MARCAR_ADVERSARIO' token='TOKEN-2e476a2a-f69a-41c8-9a3d-deb491ce96cd' datos={'jugador_numero': 9, 'adversario_numero': 4}
2025-05-09 11:10:57 - mensajes - [ERROR] msg_id no interpretado. Data: {'mensaje_id': 'OCUPADO', 'datos': {'descripcion': 'El Servidor está ocupado en este momento. Intente más tarde.'}}
2025-05-09 11:10:57 - __main__ - [WARNING] Otro mensaje recibido. Mensaje enviado: 
Mensaje Enviado: mensaje_id='MARCAR_ADVERSARIO' token='TOKEN-2e476a2a-f69a-41c8-9a3d-deb491ce96cd' datos={'jugador_numero': 9, 'adversario_numero': 4}

Mensaje recibido: None
2025-05-09 11:10:58 - __main__ - [INFO] Reaccionar
2025-05-09 11:10:58 - utils - [INFO] Jugador mas cercano 1
2025-05-09 11:10:58 - __main__ - [INFO] Accion enviada. Mensaje: mensaje_id='MARCAR_ADVERSARIO' token='TOKEN-2e476a2a-f69a-41c8-9a3d-deb491ce96cd' datos={'jugador_numero': 1, 'adversario_numero': 11}
2025-05-09 11:10:58 - __main__ - [INFO] Reaccionar
2025-05-09 11:10:58 - utils - [INFO] Jugador mas cercano 1
2025-05-09 11:10:58 - __main__ - [INFO] Accion enviada. Mensaje: mensaje_id='CORRER' token='TOKEN-2e476a2a-f69a-41c8-9a3d-deb491ce96cd' datos={'movimientos': [{'jugador_numero': 1, 'x': 6, 'y': 19}]}
2025-05-09 11:10:58 - __main__ - [INFO] Reaccionar
2025-05-09 11:10:58 - utils - [INFO] Jugador mas cercano 9
2025-05-09 11:10:58 - __main__ - [INFO] Accion enviada. Mensaje: mensaje_id='MARCAR_ADVERSARIO' token='TOKEN-2e476a2a-f69a-41c8-9a3d-deb491ce96cd' datos={'jugador_numero': 9, 'adversario_numero': 4}
2025-05-09 11:10:58 - __main__ - [INFO] Reaccionar
2025-05-09 11:10:58 - utils - [INFO] Jugador mas cercano 1
2025-05-09 11:10:58 - __main__ - [INFO] Accion enviada. Mensaje: mensaje_id='MARCAR_ADVERSARIO' token='TOKEN-2e476a2a-f69a-41c8-9a3d-deb491ce96cd' datos={'jugador_numero': 1, 'adversario_numero': 11}
2025-05-09 11:10:58 - __main__ - [INFO] Reaccionar
2025-05-09 11:10:58 - utils - [INFO] Jugador mas cercano 1
2025-05-09 11:10:58 - __main__ - [INFO] Accion enviada. Mensaje: mensaje_id='CORRER' token='TOKEN-2e476a2a-f69a-41c8-9a3d-deb491ce96cd' datos={'movimientos': [{'jugador_numero': 1, 'x': 6, 'y': 19}]}
2025-05-09 11:10:58 - __main__ - [INFO] Reaccionar
2025-05-09 11:10:58 - utils - [INFO] Jugador mas cercano 9
2025-05-09 11:10:58 - __main__ - [INFO] Accion enviada. Mensaje: mensaje_id='MARCAR_ADVERSARIO' token='TOKEN-2e476a2a-f69a-41c8-9a3d-deb491ce96cd' datos={'jugador_numero': 9, 'adversario_numero': 1}
2025-05-09 11:10:58 - mensajes - [ERROR] msg_id no interpretado. Data: {'mensaje_id': 'OCUPADO', 'datos': {'descripcion': 'El Servidor está ocupado en este momento. Intente más tarde.'}}
2025-05-09 11:10:58 - __main__ - [WARNING] Otro mensaje recibido. Mensaje enviado: 
Mensaje Enviado: mensaje_id='MARCAR_ADVERSARIO' token='TOKEN-2e476a2a-f69a-41c8-9a3d-deb491ce96cd' datos={'jugador_numero': 9, 'adversario_numero': 1}

Mensaje recibido: None
2025-05-09 11:10:59 - __main__ - [INFO] Reaccionar
2025-05-09 11:10:59 - utils - [INFO] Jugador mas cercano 1
2025-05-09 11:10:59 - __main__ - [INFO] Accion enviada. Mensaje: mensaje_id='MARCAR_ADVERSARIO' token='TOKEN-2e476a2a-f69a-41c8-9a3d-deb491ce96cd' datos={'jugador_numero': 1, 'adversario_numero': 11}
2025-05-09 11:10:59 - __main__ - [INFO] Reaccionar
2025-05-09 11:10:59 - utils - [INFO] Jugador mas cercano 1
2025-05-09 11:10:59 - __main__ - [INFO] Accion enviada. Mensaje: mensaje_id='CORRER' token='TOKEN-2e476a2a-f69a-41c8-9a3d-deb491ce96cd' datos={'movimientos': [{'jugador_numero': 1, 'x': 6, 'y': 19}]}
2025-05-09 11:10:59 - __main__ - [INFO] Reaccionar
2025-05-09 11:10:59 - utils - [INFO] Jugador mas cercano 9
2025-05-09 11:10:59 - __main__ - [INFO] Accion enviada. Mensaje: mensaje_id='MARCAR_ADVERSARIO' token='TOKEN-2e476a2a-f69a-41c8-9a3d-deb491ce96cd' datos={'jugador_numero': 9, 'adversario_numero': 4}
2025-05-09 11:10:59 - __main__ - [INFO] Reaccionar
2025-05-09 11:10:59 - utils - [INFO] Jugador mas cercano 1
2025-05-09 11:10:59 - __main__ - [INFO] Accion enviada. Mensaje: mensaje_id='MARCAR_ADVERSARIO' token='TOKEN-2e476a2a-f69a-41c8-9a3d-deb491ce96cd' datos={'jugador_numero': 1, 'adversario_numero': 11}
2025-05-09 11:10:59 - __main__ - [INFO] Reaccionar
2025-05-09 11:10:59 - utils - [INFO] Jugador mas cercano 1
2025-05-09 11:10:59 - __main__ - [INFO] Accion enviada. Mensaje: mensaje_id='CORRER' token='TOKEN-2e476a2a-f69a-41c8-9a3d-deb491ce96cd' datos={'movimientos': [{'jugador_numero': 1, 'x': 6, 'y': 19}]}
2025-05-09 11:10:59 - __main__ - [INFO] Reaccionar
2025-05-09 11:10:59 - utils - [INFO] Jugador mas cercano 9
2025-05-09 11:10:59 - __main__ - [INFO] Accion enviada. Mensaje: mensaje_id='MARCAR_ADVERSARIO' token='TOKEN-2e476a2a-f69a-41c8-9a3d-deb491ce96cd' datos={'jugador_numero': 9, 'adversario_numero': 1}
2025-05-09 11:10:59 - mensajes - [ERROR] msg_id no interpretado. Data: {'mensaje_id': 'OCUPADO', 'datos': {'descripcion': 'El Servidor está ocupado en este momento. Intente más tarde.'}}
2025-05-09 11:10:59 - __main__ - [WARNING] Otro mensaje recibido. Mensaje enviado: 
Mensaje Enviado: mensaje_id='MARCAR_ADVERSARIO' token='TOKEN-2e476a2a-f69a-41c8-9a3d-deb491ce96cd' datos={'jugador_numero': 9, 'adversario_numero': 1}

Mensaje recibido: None
2025-05-09 11:11:00 - __main__ - [INFO] Reaccionar
2025-05-09 11:11:00 - utils - [INFO] Jugador mas cercano 1
2025-05-09 11:11:00 - __main__ - [INFO] Accion enviada. Mensaje: mensaje_id='MARCAR_ADVERSARIO' token='TOKEN-2e476a2a-f69a-41c8-9a3d-deb491ce96cd' datos={'jugador_numero': 1, 'adversario_numero': 11}
2025-05-09 11:11:00 - __main__ - [INFO] Reaccionar
2025-05-09 11:11:00 - utils - [INFO] Jugador mas cercano 1
2025-05-09 11:11:00 - __main__ - [INFO] Accion enviada. Mensaje: mensaje_id='CORRER' token='TOKEN-2e476a2a-f69a-41c8-9a3d-deb491ce96cd' datos={'movimientos': [{'jugador_numero': 1, 'x': 6, 'y': 19}]}
2025-05-09 11:11:00 - __main__ - [INFO] Reaccionar
2025-05-09 11:11:00 - utils - [INFO] Jugador mas cercano 9
2025-05-09 11:11:00 - __main__ - [INFO] Accion enviada. Mensaje: mensaje_id='MARCAR_ADVERSARIO' token='TOKEN-2e476a2a-f69a-41c8-9a3d-deb491ce96cd' datos={'jugador_numero': 9, 'adversario_numero': 1}
2025-05-09 11:11:00 - __main__ - [INFO] Reaccionar
2025-05-09 11:11:00 - utils - [INFO] Jugador mas cercano 1
2025-05-09 11:11:00 - __main__ - [INFO] Accion enviada. Mensaje: mensaje_id='MARCAR_ADVERSARIO' token='TOKEN-2e476a2a-f69a-41c8-9a3d-deb491ce96cd' datos={'jugador_numero': 1, 'adversario_numero': 11}
2025-05-09 11:11:00 - __main__ - [INFO] Reaccionar
2025-05-09 11:11:00 - utils - [INFO] Jugador mas cercano 1
2025-05-09 11:11:00 - __main__ - [INFO] Accion enviada. Mensaje: mensaje_id='CORRER' token='TOKEN-2e476a2a-f69a-41c8-9a3d-deb491ce96cd' datos={'movimientos': [{'jugador_numero': 1, 'x': 6, 'y': 19}]}
2025-05-09 11:11:00 - __main__ - [INFO] Reaccionar
2025-05-09 11:11:00 - utils - [INFO] Jugador mas cercano 9
2025-05-09 11:11:00 - __main__ - [INFO] Accion enviada. Mensaje: mensaje_id='MARCAR_ADVERSARIO' token='TOKEN-2e476a2a-f69a-41c8-9a3d-deb491ce96cd' datos={'jugador_numero': 9, 'adversario_numero': 4}
2025-05-09 11:11:00 - mensajes - [ERROR] msg_id no interpretado. Data: {'mensaje_id': 'OCUPADO', 'datos': {'descripcion': 'El Servidor está ocupado en este momento. Intente más tarde.'}}
2025-05-09 11:11:00 - __main__ - [WARNING] Otro mensaje recibido. Mensaje enviado: 
Mensaje Enviado: mensaje_id='MARCAR_ADVERSARIO' token='TOKEN-2e476a2a-f69a-41c8-9a3d-deb491ce96cd' datos={'jugador_numero': 9, 'adversario_numero': 4}

Mensaje recibido: None
2025-05-09 11:11:01 - __main__ - [INFO] Reaccionar
2025-05-09 11:11:01 - utils - [INFO] Jugador mas cercano 1
2025-05-09 11:11:01 - __main__ - [INFO] Accion enviada. Mensaje: mensaje_id='MARCAR_ADVERSARIO' token='TOKEN-2e476a2a-f69a-41c8-9a3d-deb491ce96cd' datos={'jugador_numero': 1, 'adversario_numero': 11}
2025-05-09 11:11:01 - __main__ - [INFO] Reaccionar
2025-05-09 11:11:01 - utils - [INFO] Jugador mas cercano 1
2025-05-09 11:11:01 - __main__ - [INFO] Accion enviada. Mensaje: mensaje_id='CORRER' token='TOKEN-2e476a2a-f69a-41c8-9a3d-deb491ce96cd' datos={'movimientos': [{'jugador_numero': 1, 'x': 6, 'y': 19}]}
2025-05-09 11:11:01 - __main__ - [INFO] Reaccionar
2025-05-09 11:11:01 - utils - [INFO] Jugador mas cercano 9
2025-05-09 11:11:01 - __main__ - [INFO] Accion enviada. Mensaje: mensaje_id='MARCAR_ADVERSARIO' token='TOKEN-2e476a2a-f69a-41c8-9a3d-deb491ce96cd' datos={'jugador_numero': 9, 'adversario_numero': 1}
2025-05-09 11:11:01 - __main__ - [INFO] Reaccionar
2025-05-09 11:11:01 - utils - [INFO] Jugador mas cercano 1
2025-05-09 11:11:01 - __main__ - [INFO] Accion enviada. Mensaje: mensaje_id='MARCAR_ADVERSARIO' token='TOKEN-2e476a2a-f69a-41c8-9a3d-deb491ce96cd' datos={'jugador_numero': 1, 'adversario_numero': 11}
2025-05-09 11:11:01 - __main__ - [INFO] Reaccionar
2025-05-09 11:11:01 - utils - [INFO] Jugador mas cercano 1
2025-05-09 11:11:01 - __main__ - [INFO] Accion enviada. Mensaje: mensaje_id='CORRER' token='TOKEN-2e476a2a-f69a-41c8-9a3d-deb491ce96cd' datos={'movimientos': [{'jugador_numero': 1, 'x': 6, 'y': 19}]}
2025-05-09 11:11:01 - __main__ - [INFO] Reaccionar
2025-05-09 11:11:01 - utils - [INFO] Jugador mas cercano 9
2025-05-09 11:11:01 - __main__ - [INFO] Accion enviada. Mensaje: mensaje_id='MARCAR_ADVERSARIO' token='TOKEN-2e476a2a-f69a-41c8-9a3d-deb491ce96cd' datos={'jugador_numero': 9, 'adversario_numero': 1}
2025-05-09 11:11:01 - mensajes - [ERROR] msg_id no interpretado. Data: {'mensaje_id': 'OCUPADO', 'datos': {'descripcion': 'El Servidor está ocupado en este momento. Intente más tarde.'}}
2025-05-09 11:11:01 - __main__ - [WARNING] Otro mensaje recibido. Mensaje enviado: 
Mensaje Enviado: mensaje_id='MARCAR_ADVERSARIO' token='TOKEN-2e476a2a-f69a-41c8-9a3d-deb491ce96cd' datos={'jugador_numero': 9, 'adversario_numero': 1}

Mensaje recibido: None
2025-05-09 11:11:02 - __main__ - [INFO] Reaccionar
2025-05-09 11:11:02 - utils - [INFO] Jugador mas cercano 1
2025-05-09 11:11:02 - __main__ - [INFO] Accion enviada. Mensaje: mensaje_id='MARCAR_ADVERSARIO' token='TOKEN-2e476a2a-f69a-41c8-9a3d-deb491ce96cd' datos={'jugador_numero': 1, 'adversario_numero': 11}
2025-05-09 11:11:02 - __main__ - [INFO] Reaccionar
2025-05-09 11:11:02 - utils - [INFO] Jugador mas cercano 1
2025-05-09 11:11:02 - __main__ - [INFO] Accion enviada. Mensaje: mensaje_id='CORRER' token='TOKEN-2e476a2a-f69a-41c8-9a3d-deb491ce96cd' datos={'movimientos': [{'jugador_numero': 1, 'x': 6, 'y': 19}]}
2025-05-09 11:11:02 - __main__ - [INFO] Reaccionar
2025-05-09 11:11:02 - utils - [INFO] Jugador mas cercano 9
2025-05-09 11:11:02 - __main__ - [INFO] Accion enviada. Mensaje: mensaje_id='MARCAR_ADVERSARIO' token='TOKEN-2e476a2a-f69a-41c8-9a3d-deb491ce96cd' datos={'jugador_numero': 9, 'adversario_numero': 4}
2025-05-09 11:11:02 - __main__ - [INFO] Reaccionar
2025-05-09 11:11:02 - utils - [INFO] Jugador mas cercano 9
2025-05-09 11:11:02 - __main__ - [INFO] Accion enviada. Mensaje: mensaje_id='MARCAR_ADVERSARIO' token='TOKEN-2e476a2a-f69a-41c8-9a3d-deb491ce96cd' datos={'jugador_numero': 9, 'adversario_numero': 4}
2025-05-09 11:11:02 - __main__ - [INFO] Reaccionar
2025-05-09 11:11:02 - utils - [INFO] Jugador mas cercano 1
2025-05-09 11:11:02 - __main__ - [INFO] Accion enviada. Mensaje: mensaje_id='MARCAR_ADVERSARIO' token='TOKEN-2e476a2a-f69a-41c8-9a3d-deb491ce96cd' datos={'jugador_numero': 1, 'adversario_numero': 11}
2025-05-09 11:11:02 - __main__ - [INFO] Reaccionar
2025-05-09 11:11:02 - utils - [INFO] Jugador mas cercano 1
2025-05-09 11:11:02 - __main__ - [INFO] Accion enviada. Mensaje: mensaje_id='CORRER' token='TOKEN-2e476a2a-f69a-41c8-9a3d-deb491ce96cd' datos={'movimientos': [{'jugador_numero': 1, 'x': 6, 'y': 19}]}
2025-05-09 11:11:02 - mensajes - [ERROR] msg_id no interpretado. Data: {'mensaje_id': 'OCUPADO', 'datos': {'descripcion': 'El Servidor está ocupado en este momento. Intente más tarde.'}}
2025-05-09 11:11:02 - __main__ - [WARNING] Otro mensaje recibido. Mensaje enviado: 
Mensaje Enviado: mensaje_id='CORRER' token='TOKEN-2e476a2a-f69a-41c8-9a3d-deb491ce96cd' datos={'movimientos': [{'jugador_numero': 1, 'x': 6, 'y': 19}]}

Mensaje recibido: None
2025-05-09 11:11:03 - __main__ - [INFO] Reaccionar
2025-05-09 11:11:03 - utils - [INFO] Jugador mas cercano 1
2025-05-09 11:11:03 - __main__ - [INFO] Accion enviada. Mensaje: mensaje_id='MARCAR_ADVERSARIO' token='TOKEN-2e476a2a-f69a-41c8-9a3d-deb491ce96cd' datos={'jugador_numero': 1, 'adversario_numero': 11}
2025-05-09 11:11:03 - __main__ - [INFO] Reaccionar
2025-05-09 11:11:03 - utils - [INFO] Jugador mas cercano 1
2025-05-09 11:11:03 - __main__ - [INFO] Accion enviada. Mensaje: mensaje_id='CORRER' token='TOKEN-2e476a2a-f69a-41c8-9a3d-deb491ce96cd' datos={'movimientos': [{'jugador_numero': 1, 'x': 6, 'y': 19}]}
2025-05-09 11:11:03 - __main__ - [INFO] Reaccionar
2025-05-09 11:11:03 - utils - [INFO] Jugador mas cercano 9
2025-05-09 11:11:03 - __main__ - [INFO] Accion enviada. Mensaje: mensaje_id='MARCAR_ADVERSARIO' token='TOKEN-2e476a2a-f69a-41c8-9a3d-deb491ce96cd' datos={'jugador_numero': 9, 'adversario_numero': 4}
2025-05-09 11:11:03 - __main__ - [INFO] Reaccionar
2025-05-09 11:11:03 - utils - [INFO] Jugador mas cercano 1
2025-05-09 11:11:03 - __main__ - [INFO] Accion enviada. Mensaje: mensaje_id='MARCAR_ADVERSARIO' token='TOKEN-2e476a2a-f69a-41c8-9a3d-deb491ce96cd' datos={'jugador_numero': 1, 'adversario_numero': 11}
2025-05-09 11:11:03 - __main__ - [INFO] Reaccionar
2025-05-09 11:11:03 - utils - [INFO] Jugador mas cercano 1
2025-05-09 11:11:03 - __main__ - [INFO] Accion enviada. Mensaje: mensaje_id='CORRER' token='TOKEN-2e476a2a-f69a-41c8-9a3d-deb491ce96cd' datos={'movimientos': [{'jugador_numero': 1, 'x': 6, 'y': 19}]}
2025-05-09 11:11:03 - __main__ - [INFO] Reaccionar
2025-05-09 11:11:03 - utils - [INFO] Jugador mas cercano 9
2025-05-09 11:11:03 - __main__ - [INFO] Accion enviada. Mensaje: mensaje_id='MARCAR_ADVERSARIO' token='TOKEN-2e476a2a-f69a-41c8-9a3d-deb491ce96cd' datos={'jugador_numero': 9, 'adversario_numero': 4}
2025-05-09 11:11:03 - mensajes - [ERROR] msg_id no interpretado. Data: {'mensaje_id': 'OCUPADO', 'datos': {'descripcion': 'El Servidor está ocupado en este momento. Intente más tarde.'}}
2025-05-09 11:11:03 - __main__ - [WARNING] Otro mensaje recibido. Mensaje enviado: 
Mensaje Enviado: mensaje_id='MARCAR_ADVERSARIO' token='TOKEN-2e476a2a-f69a-41c8-9a3d-deb491ce96cd' datos={'jugador_numero': 9, 'adversario_numero': 4}

Mensaje recibido: None
2025-05-09 11:11:04 - __main__ - [INFO] Reaccionar
2025-05-09 11:11:04 - utils - [INFO] Jugador mas cercano 1
2025-05-09 11:11:04 - __main__ - [INFO] Accion enviada. Mensaje: mensaje_id='MARCAR_ADVERSARIO' token='TOKEN-2e476a2a-f69a-41c8-9a3d-deb491ce96cd' datos={'jugador_numero': 1, 'adversario_numero': 11}
2025-05-09 11:11:04 - __main__ - [INFO] Reaccionar
2025-05-09 11:11:04 - utils - [INFO] Jugador mas cercano 1
2025-05-09 11:11:04 - __main__ - [INFO] Accion enviada. Mensaje: mensaje_id='CORRER' token='TOKEN-2e476a2a-f69a-41c8-9a3d-deb491ce96cd' datos={'movimientos': [{'jugador_numero': 1, 'x': 6, 'y': 19}]}
2025-05-09 11:11:04 - __main__ - [INFO] Reaccionar
2025-05-09 11:11:04 - utils - [INFO] Jugador mas cercano 9
2025-05-09 11:11:04 - __main__ - [INFO] Accion enviada. Mensaje: mensaje_id='MARCAR_ADVERSARIO' token='TOKEN-2e476a2a-f69a-41c8-9a3d-deb491ce96cd' datos={'jugador_numero': 9, 'adversario_numero': 4}
2025-05-09 11:11:04 - __main__ - [INFO] Reaccionar
2025-05-09 11:11:04 - utils - [INFO] Jugador mas cercano 1
2025-05-09 11:11:04 - __main__ - [INFO] Accion enviada. Mensaje: mensaje_id='MARCAR_ADVERSARIO' token='TOKEN-2e476a2a-f69a-41c8-9a3d-deb491ce96cd' datos={'jugador_numero': 1, 'adversario_numero': 11}
2025-05-09 11:11:04 - __main__ - [INFO] Reaccionar
2025-05-09 11:11:04 - utils - [INFO] Jugador mas cercano 1
2025-05-09 11:11:04 - __main__ - [INFO] Accion enviada. Mensaje: mensaje_id='CORRER' token='TOKEN-2e476a2a-f69a-41c8-9a3d-deb491ce96cd' datos={'movimientos': [{'jugador_numero': 1, 'x': 6, 'y': 19}]}
2025-05-09 11:11:04 - __main__ - [INFO] Reaccionar
2025-05-09 11:11:04 - utils - [INFO] Jugador mas cercano 9
2025-05-09 11:11:04 - __main__ - [INFO] Accion enviada. Mensaje: mensaje_id='MARCAR_ADVERSARIO' token='TOKEN-2e476a2a-f69a-41c8-9a3d-deb491ce96cd' datos={'jugador_numero': 9, 'adversario_numero': 1}
2025-05-09 11:11:04 - mensajes - [ERROR] msg_id no interpretado. Data: {'mensaje_id': 'OCUPADO', 'datos': {'descripcion': 'El Servidor está ocupado en este momento. Intente más tarde.'}}
2025-05-09 11:11:04 - __main__ - [WARNING] Otro mensaje recibido. Mensaje enviado: 
Mensaje Enviado: mensaje_id='MARCAR_ADVERSARIO' token='TOKEN-2e476a2a-f69a-41c8-9a3d-deb491ce96cd' datos={'jugador_numero': 9, 'adversario_numero': 1}

Mensaje recibido: None
2025-05-09 11:11:05 - __main__ - [INFO] Reaccionar
2025-05-09 11:11:05 - utils - [INFO] Jugador mas cercano 1
2025-05-09 11:11:05 - __main__ - [INFO] Accion enviada. Mensaje: mensaje_id='MARCAR_ADVERSARIO' token='TOKEN-2e476a2a-f69a-41c8-9a3d-deb491ce96cd' datos={'jugador_numero': 1, 'adversario_numero': 11}
2025-05-09 11:11:05 - __main__ - [INFO] Reaccionar
2025-05-09 11:11:05 - utils - [INFO] Jugador mas cercano 1
2025-05-09 11:11:05 - __main__ - [INFO] Accion enviada. Mensaje: mensaje_id='CORRER' token='TOKEN-2e476a2a-f69a-41c8-9a3d-deb491ce96cd' datos={'movimientos': [{'jugador_numero': 1, 'x': 6, 'y': 19}]}
2025-05-09 11:11:05 - __main__ - [INFO] Reaccionar
2025-05-09 11:11:05 - utils - [INFO] Jugador mas cercano 9
2025-05-09 11:11:05 - __main__ - [INFO] Accion enviada. Mensaje: mensaje_id='MARCAR_ADVERSARIO' token='TOKEN-2e476a2a-f69a-41c8-9a3d-deb491ce96cd' datos={'jugador_numero': 9, 'adversario_numero': 4}
2025-05-09 11:11:05 - __main__ - [INFO] Reaccionar
2025-05-09 11:11:05 - utils - [INFO] Jugador mas cercano 1
2025-05-09 11:11:05 - __main__ - [INFO] Accion enviada. Mensaje: mensaje_id='MARCAR_ADVERSARIO' token='TOKEN-2e476a2a-f69a-41c8-9a3d-deb491ce96cd' datos={'jugador_numero': 1, 'adversario_numero': 11}
2025-05-09 11:11:05 - __main__ - [INFO] Reaccionar
2025-05-09 11:11:05 - utils - [INFO] Jugador mas cercano 1
2025-05-09 11:11:05 - __main__ - [INFO] Accion enviada. Mensaje: mensaje_id='CORRER' token='TOKEN-2e476a2a-f69a-41c8-9a3d-deb491ce96cd' datos={'movimientos': [{'jugador_numero': 1, 'x': 6, 'y': 19}]}
2025-05-09 11:11:05 - __main__ - [INFO] Reaccionar
2025-05-09 11:11:05 - utils - [INFO] Jugador mas cercano 9
2025-05-09 11:11:05 - __main__ - [INFO] Accion enviada. Mensaje: mensaje_id='MARCAR_ADVERSARIO' token='TOKEN-2e476a2a-f69a-41c8-9a3d-deb491ce96cd' datos={'jugador_numero': 9, 'adversario_numero': 1}
2025-05-09 11:11:05 - mensajes - [ERROR] msg_id no interpretado. Data: {'mensaje_id': 'OCUPADO', 'datos': {'descripcion': 'El Servidor está ocupado en este momento. Intente más tarde.'}}
2025-05-09 11:11:05 - __main__ - [WARNING] Otro mensaje recibido. Mensaje enviado: 
Mensaje Enviado: mensaje_id='MARCAR_ADVERSARIO' token='TOKEN-2e476a2a-f69a-41c8-9a3d-deb491ce96cd' datos={'jugador_numero': 9, 'adversario_numero': 1}

Mensaje recibido: None
2025-05-09 11:11:06 - __main__ - [INFO] Reaccionar
2025-05-09 11:11:06 - utils - [INFO] Jugador mas cercano 1
2025-05-09 11:11:06 - __main__ - [INFO] Accion enviada. Mensaje: mensaje_id='MARCAR_ADVERSARIO' token='TOKEN-2e476a2a-f69a-41c8-9a3d-deb491ce96cd' datos={'jugador_numero': 1, 'adversario_numero': 11}
2025-05-09 11:11:06 - __main__ - [INFO] Reaccionar
2025-05-09 11:11:06 - utils - [INFO] Jugador mas cercano 1
2025-05-09 11:11:06 - __main__ - [INFO] Accion enviada. Mensaje: mensaje_id='CORRER' token='TOKEN-2e476a2a-f69a-41c8-9a3d-deb491ce96cd' datos={'movimientos': [{'jugador_numero': 1, 'x': 6, 'y': 19}]}
2025-05-09 11:11:06 - __main__ - [INFO] Reaccionar
2025-05-09 11:11:06 - utils - [INFO] Jugador mas cercano 9
2025-05-09 11:11:06 - __main__ - [INFO] Accion enviada. Mensaje: mensaje_id='MARCAR_ADVERSARIO' token='TOKEN-2e476a2a-f69a-41c8-9a3d-deb491ce96cd' datos={'jugador_numero': 9, 'adversario_numero': 4}
2025-05-09 11:11:06 - __main__ - [INFO] Reaccionar
2025-05-09 11:11:06 - utils - [INFO] Jugador mas cercano 9
2025-05-09 11:11:06 - __main__ - [INFO] Accion enviada. Mensaje: mensaje_id='MARCAR_ADVERSARIO' token='TOKEN-2e476a2a-f69a-41c8-9a3d-deb491ce96cd' datos={'jugador_numero': 9, 'adversario_numero': 4}
2025-05-09 11:11:06 - __main__ - [INFO] Reaccionar
2025-05-09 11:11:06 - utils - [INFO] Jugador mas cercano 1
2025-05-09 11:11:06 - __main__ - [INFO] Accion enviada. Mensaje: mensaje_id='MARCAR_ADVERSARIO' token='TOKEN-2e476a2a-f69a-41c8-9a3d-deb491ce96cd' datos={'jugador_numero': 1, 'adversario_numero': 11}
2025-05-09 11:11:06 - __main__ - [INFO] Reaccionar
2025-05-09 11:11:06 - utils - [INFO] Jugador mas cercano 1
2025-05-09 11:11:06 - __main__ - [INFO] Accion enviada. Mensaje: mensaje_id='CORRER' token='TOKEN-2e476a2a-f69a-41c8-9a3d-deb491ce96cd' datos={'movimientos': [{'jugador_numero': 1, 'x': 6, 'y': 19}]}
2025-05-09 11:11:06 - mensajes - [ERROR] msg_id no interpretado. Data: {'mensaje_id': 'OCUPADO', 'datos': {'descripcion': 'El Servidor está ocupado en este momento. Intente más tarde.'}}
2025-05-09 11:11:06 - __main__ - [WARNING] Otro mensaje recibido. Mensaje enviado: 
Mensaje Enviado: mensaje_id='CORRER' token='TOKEN-2e476a2a-f69a-41c8-9a3d-deb491ce96cd' datos={'movimientos': [{'jugador_numero': 1, 'x': 6, 'y': 19}]}

Mensaje recibido: None
2025-05-09 11:11:07 - __main__ - [INFO] Reaccionar
2025-05-09 11:11:07 - utils - [INFO] Jugador mas cercano 1
2025-05-09 11:11:07 - __main__ - [INFO] Accion enviada. Mensaje: mensaje_id='MARCAR_ADVERSARIO' token='TOKEN-2e476a2a-f69a-41c8-9a3d-deb491ce96cd' datos={'jugador_numero': 1, 'adversario_numero': 11}
2025-05-09 11:11:07 - __main__ - [INFO] Reaccionar
2025-05-09 11:11:07 - utils - [INFO] Jugador mas cercano 1
2025-05-09 11:11:07 - __main__ - [INFO] Accion enviada. Mensaje: mensaje_id='CORRER' token='TOKEN-2e476a2a-f69a-41c8-9a3d-deb491ce96cd' datos={'movimientos': [{'jugador_numero': 1, 'x': 6, 'y': 19}]}
2025-05-09 11:11:07 - __main__ - [INFO] Reaccionar
2025-05-09 11:11:07 - utils - [INFO] Jugador mas cercano 9
2025-05-09 11:11:07 - __main__ - [INFO] Accion enviada. Mensaje: mensaje_id='MARCAR_ADVERSARIO' token='TOKEN-2e476a2a-f69a-41c8-9a3d-deb491ce96cd' datos={'jugador_numero': 9, 'adversario_numero': 1}
2025-05-09 11:11:07 - __main__ - [INFO] Reaccionar
2025-05-09 11:11:07 - utils - [INFO] Jugador mas cercano 9
2025-05-09 11:11:07 - __main__ - [INFO] Accion enviada. Mensaje: mensaje_id='MARCAR_ADVERSARIO' token='TOKEN-2e476a2a-f69a-41c8-9a3d-deb491ce96cd' datos={'jugador_numero': 9, 'adversario_numero': 4}
2025-05-09 11:11:07 - __main__ - [INFO] Reaccionar
2025-05-09 11:11:07 - utils - [INFO] Jugador mas cercano 1
2025-05-09 11:11:07 - __main__ - [INFO] Accion enviada. Mensaje: mensaje_id='MARCAR_ADVERSARIO' token='TOKEN-2e476a2a-f69a-41c8-9a3d-deb491ce96cd' datos={'jugador_numero': 1, 'adversario_numero': 11}
2025-05-09 11:11:07 - __main__ - [INFO] Reaccionar
2025-05-09 11:11:07 - utils - [INFO] Jugador mas cercano 1
2025-05-09 11:11:07 - __main__ - [INFO] Accion enviada. Mensaje: mensaje_id='CORRER' token='TOKEN-2e476a2a-f69a-41c8-9a3d-deb491ce96cd' datos={'movimientos': [{'jugador_numero': 1, 'x': 6, 'y': 19}]}
2025-05-09 11:11:07 - mensajes - [ERROR] msg_id no interpretado. Data: {'mensaje_id': 'OCUPADO', 'datos': {'descripcion': 'El Servidor está ocupado en este momento. Intente más tarde.'}}
2025-05-09 11:11:07 - __main__ - [WARNING] Otro mensaje recibido. Mensaje enviado: 
Mensaje Enviado: mensaje_id='CORRER' token='TOKEN-2e476a2a-f69a-41c8-9a3d-deb491ce96cd' datos={'movimientos': [{'jugador_numero': 1, 'x': 6, 'y': 19}]}

Mensaje recibido: None
2025-05-09 11:11:08 - __main__ - [INFO] Reaccionar
2025-05-09 11:11:08 - utils - [INFO] Jugador mas cercano 1
2025-05-09 11:11:08 - __main__ - [INFO] Accion enviada. Mensaje: mensaje_id='MARCAR_ADVERSARIO' token='TOKEN-2e476a2a-f69a-41c8-9a3d-deb491ce96cd' datos={'jugador_numero': 1, 'adversario_numero': 11}
2025-05-09 11:11:08 - __main__ - [INFO] Reaccionar
2025-05-09 11:11:08 - utils - [INFO] Jugador mas cercano 1
2025-05-09 11:11:08 - __main__ - [INFO] Accion enviada. Mensaje: mensaje_id='CORRER' token='TOKEN-2e476a2a-f69a-41c8-9a3d-deb491ce96cd' datos={'movimientos': [{'jugador_numero': 1, 'x': 6, 'y': 19}]}
2025-05-09 11:11:08 - __main__ - [INFO] Reaccionar
2025-05-09 11:11:08 - utils - [INFO] Jugador mas cercano 9
2025-05-09 11:11:08 - __main__ - [INFO] Accion enviada. Mensaje: mensaje_id='MARCAR_ADVERSARIO' token='TOKEN-2e476a2a-f69a-41c8-9a3d-deb491ce96cd' datos={'jugador_numero': 9, 'adversario_numero': 4}
2025-05-09 11:11:08 - __main__ - [INFO] Reaccionar
2025-05-09 11:11:08 - utils - [INFO] Jugador mas cercano 1
2025-05-09 11:11:08 - __main__ - [INFO] Accion enviada. Mensaje: mensaje_id='MARCAR_ADVERSARIO' token='TOKEN-2e476a2a-f69a-41c8-9a3d-deb491ce96cd' datos={'jugador_numero': 1, 'adversario_numero': 11}
2025-05-09 11:11:08 - __main__ - [INFO] Reaccionar
2025-05-09 11:11:08 - utils - [INFO] Jugador mas cercano 1
2025-05-09 11:11:08 - __main__ - [INFO] Accion enviada. Mensaje: mensaje_id='CORRER' token='TOKEN-2e476a2a-f69a-41c8-9a3d-deb491ce96cd' datos={'movimientos': [{'jugador_numero': 1, 'x': 6, 'y': 19}]}
2025-05-09 11:11:08 - __main__ - [INFO] Reaccionar
2025-05-09 11:11:08 - utils - [INFO] Jugador mas cercano 9
2025-05-09 11:11:08 - __main__ - [INFO] Accion enviada. Mensaje: mensaje_id='MARCAR_ADVERSARIO' token='TOKEN-2e476a2a-f69a-41c8-9a3d-deb491ce96cd' datos={'jugador_numero': 9, 'adversario_numero': 4}
2025-05-09 11:11:08 - mensajes - [ERROR] msg_id no interpretado. Data: {'mensaje_id': 'OCUPADO', 'datos': {'descripcion': 'El Servidor está ocupado en este momento. Intente más tarde.'}}
2025-05-09 11:11:08 - __main__ - [WARNING] Otro mensaje recibido. Mensaje enviado: 
Mensaje Enviado: mensaje_id='MARCAR_ADVERSARIO' token='TOKEN-2e476a2a-f69a-41c8-9a3d-deb491ce96cd' datos={'jugador_numero': 9, 'adversario_numero': 4}

Mensaje recibido: None
2025-05-09 11:11:09 - __main__ - [INFO] Reaccionar
2025-05-09 11:11:09 - utils - [INFO] Jugador mas cercano 1
2025-05-09 11:11:09 - __main__ - [INFO] Accion enviada. Mensaje: mensaje_id='MARCAR_ADVERSARIO' token='TOKEN-2e476a2a-f69a-41c8-9a3d-deb491ce96cd' datos={'jugador_numero': 1, 'adversario_numero': 11}
2025-05-09 11:11:09 - __main__ - [INFO] Reaccionar
2025-05-09 11:11:09 - utils - [INFO] Jugador mas cercano 1
2025-05-09 11:11:09 - __main__ - [INFO] Accion enviada. Mensaje: mensaje_id='CORRER' token='TOKEN-2e476a2a-f69a-41c8-9a3d-deb491ce96cd' datos={'movimientos': [{'jugador_numero': 1, 'x': 6, 'y': 19}]}
2025-05-09 11:11:09 - __main__ - [INFO] Reaccionar
2025-05-09 11:11:09 - utils - [INFO] Jugador mas cercano 9
2025-05-09 11:11:09 - __main__ - [INFO] Accion enviada. Mensaje: mensaje_id='MARCAR_ADVERSARIO' token='TOKEN-2e476a2a-f69a-41c8-9a3d-deb491ce96cd' datos={'jugador_numero': 9, 'adversario_numero': 1}
2025-05-09 11:11:09 - __main__ - [INFO] Reaccionar
2025-05-09 11:11:09 - utils - [INFO] Jugador mas cercano 1
2025-05-09 11:11:09 - __main__ - [INFO] Accion enviada. Mensaje: mensaje_id='MARCAR_ADVERSARIO' token='TOKEN-2e476a2a-f69a-41c8-9a3d-deb491ce96cd' datos={'jugador_numero': 1, 'adversario_numero': 11}
2025-05-09 11:11:09 - __main__ - [INFO] Reaccionar
2025-05-09 11:11:09 - utils - [INFO] Jugador mas cercano 1
2025-05-09 11:11:09 - __main__ - [INFO] Accion enviada. Mensaje: mensaje_id='CORRER' token='TOKEN-2e476a2a-f69a-41c8-9a3d-deb491ce96cd' datos={'movimientos': [{'jugador_numero': 1, 'x': 6, 'y': 19}]}
2025-05-09 11:11:09 - __main__ - [INFO] Reaccionar
2025-05-09 11:11:09 - utils - [INFO] Jugador mas cercano 9
2025-05-09 11:11:09 - __main__ - [INFO] Accion enviada. Mensaje: mensaje_id='MARCAR_ADVERSARIO' token='TOKEN-2e476a2a-f69a-41c8-9a3d-deb491ce96cd' datos={'jugador_numero': 9, 'adversario_numero': 1}
2025-05-09 11:11:09 - mensajes - [ERROR] msg_id no interpretado. Data: {'mensaje_id': 'OCUPADO', 'datos': {'descripcion': 'El Servidor está ocupado en este momento. Intente más tarde.'}}
2025-05-09 11:11:09 - __main__ - [WARNING] Otro mensaje recibido. Mensaje enviado: 
Mensaje Enviado: mensaje_id='MARCAR_ADVERSARIO' token='TOKEN-2e476a2a-f69a-41c8-9a3d-deb491ce96cd' datos={'jugador_numero': 9, 'adversario_numero': 1}

Mensaje recibido: None
2025-05-09 11:11:10 - __main__ - [INFO] Reaccionar
2025-05-09 11:11:10 - utils - [INFO] Jugador mas cercano 1
2025-05-09 11:11:10 - __main__ - [INFO] Accion enviada. Mensaje: mensaje_id='MARCAR_ADVERSARIO' token='TOKEN-2e476a2a-f69a-41c8-9a3d-deb491ce96cd' datos={'jugador_numero': 1, 'adversario_numero': 11}
2025-05-09 11:11:10 - __main__ - [INFO] Reaccionar
2025-05-09 11:11:10 - utils - [INFO] Jugador mas cercano 1
2025-05-09 11:11:10 - __main__ - [INFO] Accion enviada. Mensaje: mensaje_id='CORRER' token='TOKEN-2e476a2a-f69a-41c8-9a3d-deb491ce96cd' datos={'movimientos': [{'jugador_numero': 1, 'x': 6, 'y': 19}]}
2025-05-09 11:11:10 - __main__ - [INFO] Reaccionar
2025-05-09 11:11:10 - utils - [INFO] Jugador mas cercano 9
2025-05-09 11:11:10 - __main__ - [INFO] Accion enviada. Mensaje: mensaje_id='MARCAR_ADVERSARIO' token='TOKEN-2e476a2a-f69a-41c8-9a3d-deb491ce96cd' datos={'jugador_numero': 9, 'adversario_numero': 4}
2025-05-09 11:11:10 - __main__ - [INFO] Reaccionar
2025-05-09 11:11:10 - utils - [INFO] Jugador mas cercano 9
2025-05-09 11:11:10 - __main__ - [INFO] Accion enviada. Mensaje: mensaje_id='MARCAR_ADVERSARIO' token='TOKEN-2e476a2a-f69a-41c8-9a3d-deb491ce96cd' datos={'jugador_numero': 9, 'adversario_numero': 1}
2025-05-09 11:11:10 - __main__ - [INFO] Reaccionar
2025-05-09 11:11:10 - utils - [INFO] Jugador mas cercano 1
2025-05-09 11:11:10 - __main__ - [INFO] Accion enviada. Mensaje: mensaje_id='MARCAR_ADVERSARIO' token='TOKEN-2e476a2a-f69a-41c8-9a3d-deb491ce96cd' datos={'jugador_numero': 1, 'adversario_numero': 11}
2025-05-09 11:11:10 - __main__ - [INFO] Reaccionar
2025-05-09 11:11:10 - utils - [INFO] Jugador mas cercano 1
2025-05-09 11:11:10 - __main__ - [INFO] Accion enviada. Mensaje: mensaje_id='CORRER' token='TOKEN-2e476a2a-f69a-41c8-9a3d-deb491ce96cd' datos={'movimientos': [{'jugador_numero': 1, 'x': 6, 'y': 19}]}
2025-05-09 11:11:10 - mensajes - [ERROR] msg_id no interpretado. Data: {'mensaje_id': 'OCUPADO', 'datos': {'descripcion': 'El Servidor está ocupado en este momento. Intente más tarde.'}}
2025-05-09 11:11:10 - __main__ - [WARNING] Otro mensaje recibido. Mensaje enviado: 
Mensaje Enviado: mensaje_id='CORRER' token='TOKEN-2e476a2a-f69a-41c8-9a3d-deb491ce96cd' datos={'movimientos': [{'jugador_numero': 1, 'x': 6, 'y': 19}]}

Mensaje recibido: None
2025-05-09 11:11:11 - __main__ - [INFO] Reaccionar
2025-05-09 11:11:11 - utils - [INFO] Jugador mas cercano 1
2025-05-09 11:11:11 - __main__ - [INFO] Accion enviada. Mensaje: mensaje_id='MARCAR_ADVERSARIO' token='TOKEN-2e476a2a-f69a-41c8-9a3d-deb491ce96cd' datos={'jugador_numero': 1, 'adversario_numero': 11}
2025-05-09 11:11:11 - __main__ - [INFO] Reaccionar
2025-05-09 11:11:11 - utils - [INFO] Jugador mas cercano 1
2025-05-09 11:11:11 - __main__ - [INFO] Accion enviada. Mensaje: mensaje_id='CORRER' token='TOKEN-2e476a2a-f69a-41c8-9a3d-deb491ce96cd' datos={'movimientos': [{'jugador_numero': 1, 'x': 6, 'y': 19}]}
2025-05-09 11:11:11 - __main__ - [INFO] Reaccionar
2025-05-09 11:11:11 - utils - [INFO] Jugador mas cercano 9
2025-05-09 11:11:11 - __main__ - [INFO] Accion enviada. Mensaje: mensaje_id='MARCAR_ADVERSARIO' token='TOKEN-2e476a2a-f69a-41c8-9a3d-deb491ce96cd' datos={'jugador_numero': 9, 'adversario_numero': 4}
2025-05-09 11:11:11 - __main__ - [INFO] Reaccionar
2025-05-09 11:11:11 - utils - [INFO] Jugador mas cercano 1
2025-05-09 11:11:11 - __main__ - [INFO] Accion enviada. Mensaje: mensaje_id='MARCAR_ADVERSARIO' token='TOKEN-2e476a2a-f69a-41c8-9a3d-deb491ce96cd' datos={'jugador_numero': 1, 'adversario_numero': 11}
2025-05-09 11:11:11 - __main__ - [INFO] Reaccionar
2025-05-09 11:11:11 - utils - [INFO] Jugador mas cercano 1
2025-05-09 11:11:11 - __main__ - [INFO] Accion enviada. Mensaje: mensaje_id='CORRER' token='TOKEN-2e476a2a-f69a-41c8-9a3d-deb491ce96cd' datos={'movimientos': [{'jugador_numero': 1, 'x': 6, 'y': 19}]}
2025-05-09 11:11:11 - __main__ - [INFO] Reaccionar
2025-05-09 11:11:11 - utils - [INFO] Jugador mas cercano 9
2025-05-09 11:11:11 - __main__ - [INFO] Accion enviada. Mensaje: mensaje_id='MARCAR_ADVERSARIO' token='TOKEN-2e476a2a-f69a-41c8-9a3d-deb491ce96cd' datos={'jugador_numero': 9, 'adversario_numero': 1}
2025-05-09 11:11:11 - mensajes - [ERROR] msg_id no interpretado. Data: {'mensaje_id': 'OCUPADO', 'datos': {'descripcion': 'El Servidor está ocupado en este momento. Intente más tarde.'}}
2025-05-09 11:11:11 - __main__ - [WARNING] Otro mensaje recibido. Mensaje enviado: 
Mensaje Enviado: mensaje_id='MARCAR_ADVERSARIO' token='TOKEN-2e476a2a-f69a-41c8-9a3d-deb491ce96cd' datos={'jugador_numero': 9, 'adversario_numero': 1}

Mensaje recibido: None
2025-05-09 11:11:12 - __main__ - [INFO] Reaccionar
2025-05-09 11:11:12 - utils - [INFO] Jugador mas cercano 1
2025-05-09 11:11:12 - __main__ - [INFO] Accion enviada. Mensaje: mensaje_id='MARCAR_ADVERSARIO' token='TOKEN-2e476a2a-f69a-41c8-9a3d-deb491ce96cd' datos={'jugador_numero': 1, 'adversario_numero': 11}
2025-05-09 11:11:12 - __main__ - [INFO] Reaccionar
2025-05-09 11:11:12 - utils - [INFO] Jugador mas cercano 1
2025-05-09 11:11:12 - __main__ - [INFO] Accion enviada. Mensaje: mensaje_id='CORRER' token='TOKEN-2e476a2a-f69a-41c8-9a3d-deb491ce96cd' datos={'movimientos': [{'jugador_numero': 1, 'x': 6, 'y': 19}]}
2025-05-09 11:11:12 - __main__ - [INFO] Reaccionar
2025-05-09 11:11:12 - utils - [INFO] Jugador mas cercano 9
2025-05-09 11:11:12 - __main__ - [INFO] Accion enviada. Mensaje: mensaje_id='MARCAR_ADVERSARIO' token='TOKEN-2e476a2a-f69a-41c8-9a3d-deb491ce96cd' datos={'jugador_numero': 9, 'adversario_numero': 1}
2025-05-09 11:11:12 - __main__ - [INFO] Reaccionar
2025-05-09 11:11:12 - utils - [INFO] Jugador mas cercano 9
2025-05-09 11:11:12 - __main__ - [INFO] Accion enviada. Mensaje: mensaje_id='MARCAR_ADVERSARIO' token='TOKEN-2e476a2a-f69a-41c8-9a3d-deb491ce96cd' datos={'jugador_numero': 9, 'adversario_numero': 4}
2025-05-09 11:11:12 - __main__ - [INFO] Reaccionar
2025-05-09 11:11:12 - utils - [INFO] Jugador mas cercano 1
2025-05-09 11:11:12 - __main__ - [INFO] Accion enviada. Mensaje: mensaje_id='MARCAR_ADVERSARIO' token='TOKEN-2e476a2a-f69a-41c8-9a3d-deb491ce96cd' datos={'jugador_numero': 1, 'adversario_numero': 11}
2025-05-09 11:11:12 - __main__ - [INFO] Reaccionar
2025-05-09 11:11:12 - utils - [INFO] Jugador mas cercano 1
2025-05-09 11:11:12 - __main__ - [INFO] Accion enviada. Mensaje: mensaje_id='CORRER' token='TOKEN-2e476a2a-f69a-41c8-9a3d-deb491ce96cd' datos={'movimientos': [{'jugador_numero': 1, 'x': 6, 'y': 19}]}
2025-05-09 11:11:12 - mensajes - [ERROR] msg_id no interpretado. Data: {'mensaje_id': 'OCUPADO', 'datos': {'descripcion': 'El Servidor está ocupado en este momento. Intente más tarde.'}}
2025-05-09 11:11:12 - __main__ - [WARNING] Otro mensaje recibido. Mensaje enviado: 
Mensaje Enviado: mensaje_id='CORRER' token='TOKEN-2e476a2a-f69a-41c8-9a3d-deb491ce96cd' datos={'movimientos': [{'jugador_numero': 1, 'x': 6, 'y': 19}]}

Mensaje recibido: None
2025-05-09 11:11:13 - __main__ - [INFO] Reaccionar
2025-05-09 11:11:13 - utils - [INFO] Jugador mas cercano 1
2025-05-09 11:11:13 - __main__ - [INFO] Accion enviada. Mensaje: mensaje_id='MARCAR_ADVERSARIO' token='TOKEN-2e476a2a-f69a-41c8-9a3d-deb491ce96cd' datos={'jugador_numero': 1, 'adversario_numero': 11}
2025-05-09 11:11:13 - __main__ - [INFO] Reaccionar
2025-05-09 11:11:13 - utils - [INFO] Jugador mas cercano 1
2025-05-09 11:11:13 - __main__ - [INFO] Accion enviada. Mensaje: mensaje_id='CORRER' token='TOKEN-2e476a2a-f69a-41c8-9a3d-deb491ce96cd' datos={'movimientos': [{'jugador_numero': 1, 'x': 6, 'y': 19}]}
2025-05-09 11:11:13 - __main__ - [INFO] Reaccionar
2025-05-09 11:11:13 - utils - [INFO] Jugador mas cercano 9
2025-05-09 11:11:13 - __main__ - [INFO] Accion enviada. Mensaje: mensaje_id='MARCAR_ADVERSARIO' token='TOKEN-2e476a2a-f69a-41c8-9a3d-deb491ce96cd' datos={'jugador_numero': 9, 'adversario_numero': 1}
2025-05-09 11:11:13 - __main__ - [INFO] Reaccionar
2025-05-09 11:11:13 - utils - [INFO] Jugador mas cercano 1
2025-05-09 11:11:13 - __main__ - [INFO] Accion enviada. Mensaje: mensaje_id='MARCAR_ADVERSARIO' token='TOKEN-2e476a2a-f69a-41c8-9a3d-deb491ce96cd' datos={'jugador_numero': 1, 'adversario_numero': 11}
2025-05-09 11:11:13 - __main__ - [INFO] Reaccionar
2025-05-09 11:11:13 - utils - [INFO] Jugador mas cercano 1
2025-05-09 11:11:13 - __main__ - [INFO] Accion enviada. Mensaje: mensaje_id='CORRER' token='TOKEN-2e476a2a-f69a-41c8-9a3d-deb491ce96cd' datos={'movimientos': [{'jugador_numero': 1, 'x': 6, 'y': 19}]}
2025-05-09 11:11:13 - __main__ - [INFO] Reaccionar
2025-05-09 11:11:13 - utils - [INFO] Jugador mas cercano 9
2025-05-09 11:11:13 - __main__ - [INFO] Accion enviada. Mensaje: mensaje_id='MARCAR_ADVERSARIO' token='TOKEN-2e476a2a-f69a-41c8-9a3d-deb491ce96cd' datos={'jugador_numero': 9, 'adversario_numero': 1}
2025-05-09 11:11:13 - mensajes - [ERROR] msg_id no interpretado. Data: {'mensaje_id': 'OCUPADO', 'datos': {'descripcion': 'El Servidor está ocupado en este momento. Intente más tarde.'}}
2025-05-09 11:11:13 - __main__ - [WARNING] Otro mensaje recibido. Mensaje enviado: 
Mensaje Enviado: mensaje_id='MARCAR_ADVERSARIO' token='TOKEN-2e476a2a-f69a-41c8-9a3d-deb491ce96cd' datos={'jugador_numero': 9, 'adversario_numero': 1}

Mensaje recibido: None
2025-05-09 11:11:14 - __main__ - [INFO] Reaccionar
2025-05-09 11:11:14 - utils - [INFO] Jugador mas cercano 1
2025-05-09 11:11:14 - __main__ - [INFO] Accion enviada. Mensaje: mensaje_id='MARCAR_ADVERSARIO' token='TOKEN-2e476a2a-f69a-41c8-9a3d-deb491ce96cd' datos={'jugador_numero': 1, 'adversario_numero': 11}
2025-05-09 11:11:14 - __main__ - [INFO] Reaccionar
2025-05-09 11:11:14 - utils - [INFO] Jugador mas cercano 1
2025-05-09 11:11:14 - __main__ - [INFO] Accion enviada. Mensaje: mensaje_id='CORRER' token='TOKEN-2e476a2a-f69a-41c8-9a3d-deb491ce96cd' datos={'movimientos': [{'jugador_numero': 1, 'x': 6, 'y': 19}]}
2025-05-09 11:11:14 - __main__ - [INFO] Reaccionar
2025-05-09 11:11:14 - utils - [INFO] Jugador mas cercano 9
2025-05-09 11:11:14 - __main__ - [INFO] Accion enviada. Mensaje: mensaje_id='MARCAR_ADVERSARIO' token='TOKEN-2e476a2a-f69a-41c8-9a3d-deb491ce96cd' datos={'jugador_numero': 9, 'adversario_numero': 1}
2025-05-09 11:11:14 - __main__ - [INFO] Reaccionar
2025-05-09 11:11:14 - utils - [INFO] Jugador mas cercano 9
2025-05-09 11:11:14 - __main__ - [INFO] Accion enviada. Mensaje: mensaje_id='MARCAR_ADVERSARIO' token='TOKEN-2e476a2a-f69a-41c8-9a3d-deb491ce96cd' datos={'jugador_numero': 9, 'adversario_numero': 4}
2025-05-09 11:11:14 - __main__ - [INFO] Reaccionar
2025-05-09 11:11:14 - utils - [INFO] Jugador mas cercano 1
2025-05-09 11:11:14 - __main__ - [INFO] Accion enviada. Mensaje: mensaje_id='MARCAR_ADVERSARIO' token='TOKEN-2e476a2a-f69a-41c8-9a3d-deb491ce96cd' datos={'jugador_numero': 1, 'adversario_numero': 11}
2025-05-09 11:11:14 - __main__ - [INFO] Reaccionar
2025-05-09 11:11:14 - utils - [INFO] Jugador mas cercano 1
2025-05-09 11:11:14 - __main__ - [INFO] Accion enviada. Mensaje: mensaje_id='CORRER' token='TOKEN-2e476a2a-f69a-41c8-9a3d-deb491ce96cd' datos={'movimientos': [{'jugador_numero': 1, 'x': 6, 'y': 19}]}
2025-05-09 11:11:14 - mensajes - [ERROR] msg_id no interpretado. Data: {'mensaje_id': 'OCUPADO', 'datos': {'descripcion': 'El Servidor está ocupado en este momento. Intente más tarde.'}}
2025-05-09 11:11:14 - __main__ - [WARNING] Otro mensaje recibido. Mensaje enviado: 
Mensaje Enviado: mensaje_id='CORRER' token='TOKEN-2e476a2a-f69a-41c8-9a3d-deb491ce96cd' datos={'movimientos': [{'jugador_numero': 1, 'x': 6, 'y': 19}]}

Mensaje recibido: None
2025-05-09 11:11:15 - __main__ - [INFO] Reaccionar
2025-05-09 11:11:15 - utils - [INFO] Jugador mas cercano 1
2025-05-09 11:11:15 - __main__ - [INFO] Accion enviada. Mensaje: mensaje_id='MARCAR_ADVERSARIO' token='TOKEN-2e476a2a-f69a-41c8-9a3d-deb491ce96cd' datos={'jugador_numero': 1, 'adversario_numero': 11}
2025-05-09 11:11:15 - __main__ - [INFO] Reaccionar
2025-05-09 11:11:15 - utils - [INFO] Jugador mas cercano 1
2025-05-09 11:11:15 - __main__ - [INFO] Accion enviada. Mensaje: mensaje_id='CORRER' token='TOKEN-2e476a2a-f69a-41c8-9a3d-deb491ce96cd' datos={'movimientos': [{'jugador_numero': 1, 'x': 6, 'y': 19}]}
2025-05-09 11:11:15 - __main__ - [INFO] Reaccionar
2025-05-09 11:11:15 - utils - [INFO] Jugador mas cercano 9
2025-05-09 11:11:15 - __main__ - [INFO] Accion enviada. Mensaje: mensaje_id='MARCAR_ADVERSARIO' token='TOKEN-2e476a2a-f69a-41c8-9a3d-deb491ce96cd' datos={'jugador_numero': 9, 'adversario_numero': 4}
2025-05-09 11:11:15 - __main__ - [INFO] Reaccionar
2025-05-09 11:11:15 - utils - [INFO] Jugador mas cercano 9
2025-05-09 11:11:15 - __main__ - [INFO] Accion enviada. Mensaje: mensaje_id='MARCAR_ADVERSARIO' token='TOKEN-2e476a2a-f69a-41c8-9a3d-deb491ce96cd' datos={'jugador_numero': 9, 'adversario_numero': 4}
2025-05-09 11:11:15 - __main__ - [INFO] Reaccionar
2025-05-09 11:11:15 - utils - [INFO] Jugador mas cercano 1
2025-05-09 11:11:15 - __main__ - [INFO] Accion enviada. Mensaje: mensaje_id='MARCAR_ADVERSARIO' token='TOKEN-2e476a2a-f69a-41c8-9a3d-deb491ce96cd' datos={'jugador_numero': 1, 'adversario_numero': 11}
2025-05-09 11:11:15 - __main__ - [INFO] Reaccionar
2025-05-09 11:11:15 - utils - [INFO] Jugador mas cercano 1
2025-05-09 11:11:15 - __main__ - [INFO] Accion enviada. Mensaje: mensaje_id='CORRER' token='TOKEN-2e476a2a-f69a-41c8-9a3d-deb491ce96cd' datos={'movimientos': [{'jugador_numero': 1, 'x': 6, 'y': 19}]}
2025-05-09 11:11:15 - mensajes - [ERROR] msg_id no interpretado. Data: {'mensaje_id': 'OCUPADO', 'datos': {'descripcion': 'El Servidor está ocupado en este momento. Intente más tarde.'}}
2025-05-09 11:11:15 - __main__ - [WARNING] Otro mensaje recibido. Mensaje enviado: 
Mensaje Enviado: mensaje_id='CORRER' token='TOKEN-2e476a2a-f69a-41c8-9a3d-deb491ce96cd' datos={'movimientos': [{'jugador_numero': 1, 'x': 6, 'y': 19}]}

Mensaje recibido: None
2025-05-09 11:11:16 - __main__ - [INFO] Reaccionar
2025-05-09 11:11:16 - utils - [INFO] Jugador mas cercano 1
2025-05-09 11:11:16 - __main__ - [INFO] Accion enviada. Mensaje: mensaje_id='MARCAR_ADVERSARIO' token='TOKEN-2e476a2a-f69a-41c8-9a3d-deb491ce96cd' datos={'jugador_numero': 1, 'adversario_numero': 11}
2025-05-09 11:11:16 - __main__ - [INFO] Reaccionar
2025-05-09 11:11:16 - utils - [INFO] Jugador mas cercano 1
2025-05-09 11:11:16 - __main__ - [INFO] Accion enviada. Mensaje: mensaje_id='CORRER' token='TOKEN-2e476a2a-f69a-41c8-9a3d-deb491ce96cd' datos={'movimientos': [{'jugador_numero': 1, 'x': 6, 'y': 19}]}
2025-05-09 11:11:16 - __main__ - [INFO] Reaccionar
2025-05-09 11:11:16 - utils - [INFO] Jugador mas cercano 9
2025-05-09 11:11:16 - __main__ - [INFO] Accion enviada. Mensaje: mensaje_id='MARCAR_ADVERSARIO' token='TOKEN-2e476a2a-f69a-41c8-9a3d-deb491ce96cd' datos={'jugador_numero': 9, 'adversario_numero': 4}
2025-05-09 11:11:16 - __main__ - [INFO] Reaccionar
2025-05-09 11:11:16 - utils - [INFO] Jugador mas cercano 1
2025-05-09 11:11:16 - __main__ - [INFO] Accion enviada. Mensaje: mensaje_id='MARCAR_ADVERSARIO' token='TOKEN-2e476a2a-f69a-41c8-9a3d-deb491ce96cd' datos={'jugador_numero': 1, 'adversario_numero': 11}
2025-05-09 11:11:16 - __main__ - [INFO] Reaccionar
2025-05-09 11:11:16 - utils - [INFO] Jugador mas cercano 1
2025-05-09 11:11:16 - __main__ - [INFO] Accion enviada. Mensaje: mensaje_id='CORRER' token='TOKEN-2e476a2a-f69a-41c8-9a3d-deb491ce96cd' datos={'movimientos': [{'jugador_numero': 1, 'x': 6, 'y': 19}]}
2025-05-09 11:11:16 - __main__ - [INFO] Reaccionar
2025-05-09 11:11:16 - utils - [INFO] Jugador mas cercano 9
2025-05-09 11:11:16 - __main__ - [INFO] Accion enviada. Mensaje: mensaje_id='MARCAR_ADVERSARIO' token='TOKEN-2e476a2a-f69a-41c8-9a3d-deb491ce96cd' datos={'jugador_numero': 9, 'adversario_numero': 4}
2025-05-09 11:11:16 - mensajes - [ERROR] msg_id no interpretado. Data: {'mensaje_id': 'OCUPADO', 'datos': {'descripcion': 'El Servidor está ocupado en este momento. Intente más tarde.'}}
2025-05-09 11:11:16 - __main__ - [WARNING] Otro mensaje recibido. Mensaje enviado: 
Mensaje Enviado: mensaje_id='MARCAR_ADVERSARIO' token='TOKEN-2e476a2a-f69a-41c8-9a3d-deb491ce96cd' datos={'jugador_numero': 9, 'adversario_numero': 4}

Mensaje recibido: None
2025-05-09 11:11:17 - __main__ - [INFO] Reaccionar
2025-05-09 11:11:17 - utils - [INFO] Jugador mas cercano 1
2025-05-09 11:11:17 - __main__ - [INFO] Accion enviada. Mensaje: mensaje_id='MARCAR_ADVERSARIO' token='TOKEN-2e476a2a-f69a-41c8-9a3d-deb491ce96cd' datos={'jugador_numero': 1, 'adversario_numero': 11}
2025-05-09 11:11:17 - __main__ - [INFO] Reaccionar
2025-05-09 11:11:17 - utils - [INFO] Jugador mas cercano 1
2025-05-09 11:11:17 - __main__ - [INFO] Accion enviada. Mensaje: mensaje_id='CORRER' token='TOKEN-2e476a2a-f69a-41c8-9a3d-deb491ce96cd' datos={'movimientos': [{'jugador_numero': 1, 'x': 6, 'y': 19}]}
2025-05-09 11:11:17 - __main__ - [INFO] Reaccionar
2025-05-09 11:11:17 - utils - [INFO] Jugador mas cercano 9
2025-05-09 11:11:17 - __main__ - [INFO] Accion enviada. Mensaje: mensaje_id='MARCAR_ADVERSARIO' token='TOKEN-2e476a2a-f69a-41c8-9a3d-deb491ce96cd' datos={'jugador_numero': 9, 'adversario_numero': 1}
2025-05-09 11:11:17 - __main__ - [INFO] Reaccionar
2025-05-09 11:11:17 - utils - [INFO] Jugador mas cercano 1
2025-05-09 11:11:17 - __main__ - [INFO] Accion enviada. Mensaje: mensaje_id='MARCAR_ADVERSARIO' token='TOKEN-2e476a2a-f69a-41c8-9a3d-deb491ce96cd' datos={'jugador_numero': 1, 'adversario_numero': 11}
2025-05-09 11:11:17 - __main__ - [INFO] Reaccionar
2025-05-09 11:11:17 - utils - [INFO] Jugador mas cercano 1
2025-05-09 11:11:17 - __main__ - [INFO] Accion enviada. Mensaje: mensaje_id='CORRER' token='TOKEN-2e476a2a-f69a-41c8-9a3d-deb491ce96cd' datos={'movimientos': [{'jugador_numero': 1, 'x': 6, 'y': 19}]}
2025-05-09 11:11:17 - __main__ - [INFO] Reaccionar
2025-05-09 11:11:17 - utils - [INFO] Jugador mas cercano 9
2025-05-09 11:11:17 - __main__ - [INFO] Accion enviada. Mensaje: mensaje_id='MARCAR_ADVERSARIO' token='TOKEN-2e476a2a-f69a-41c8-9a3d-deb491ce96cd' datos={'jugador_numero': 9, 'adversario_numero': 1}
2025-05-09 11:11:17 - mensajes - [ERROR] msg_id no interpretado. Data: {'mensaje_id': 'OCUPADO', 'datos': {'descripcion': 'El Servidor está ocupado en este momento. Intente más tarde.'}}
2025-05-09 11:11:17 - __main__ - [WARNING] Otro mensaje recibido. Mensaje enviado: 
Mensaje Enviado: mensaje_id='MARCAR_ADVERSARIO' token='TOKEN-2e476a2a-f69a-41c8-9a3d-deb491ce96cd' datos={'jugador_numero': 9, 'adversario_numero': 1}

Mensaje recibido: None
2025-05-09 11:11:18 - __main__ - [INFO] Reaccionar
2025-05-09 11:11:18 - utils - [INFO] Jugador mas cercano 1
2025-05-09 11:11:18 - __main__ - [INFO] Accion enviada. Mensaje: mensaje_id='MARCAR_ADVERSARIO' token='TOKEN-2e476a2a-f69a-41c8-9a3d-deb491ce96cd' datos={'jugador_numero': 1, 'adversario_numero': 11}
2025-05-09 11:11:18 - __main__ - [INFO] Reaccionar
2025-05-09 11:11:18 - utils - [INFO] Jugador mas cercano 1
2025-05-09 11:11:18 - __main__ - [INFO] Accion enviada. Mensaje: mensaje_id='CORRER' token='TOKEN-2e476a2a-f69a-41c8-9a3d-deb491ce96cd' datos={'movimientos': [{'jugador_numero': 1, 'x': 6, 'y': 19}]}
2025-05-09 11:11:18 - __main__ - [INFO] Reaccionar
2025-05-09 11:11:18 - utils - [INFO] Jugador mas cercano 9
2025-05-09 11:11:18 - __main__ - [INFO] Accion enviada. Mensaje: mensaje_id='MARCAR_ADVERSARIO' token='TOKEN-2e476a2a-f69a-41c8-9a3d-deb491ce96cd' datos={'jugador_numero': 9, 'adversario_numero': 1}
2025-05-09 11:11:18 - __main__ - [INFO] Reaccionar
2025-05-09 11:11:18 - utils - [INFO] Jugador mas cercano 9
2025-05-09 11:11:18 - __main__ - [INFO] Accion enviada. Mensaje: mensaje_id='MARCAR_ADVERSARIO' token='TOKEN-2e476a2a-f69a-41c8-9a3d-deb491ce96cd' datos={'jugador_numero': 9, 'adversario_numero': 1}
2025-05-09 11:11:18 - __main__ - [INFO] Reaccionar
2025-05-09 11:11:18 - utils - [INFO] Jugador mas cercano 1
2025-05-09 11:11:18 - __main__ - [INFO] Accion enviada. Mensaje: mensaje_id='MARCAR_ADVERSARIO' token='TOKEN-2e476a2a-f69a-41c8-9a3d-deb491ce96cd' datos={'jugador_numero': 1, 'adversario_numero': 11}
2025-05-09 11:11:18 - __main__ - [INFO] Reaccionar
2025-05-09 11:11:18 - utils - [INFO] Jugador mas cercano 1
2025-05-09 11:11:18 - __main__ - [INFO] Accion enviada. Mensaje: mensaje_id='CORRER' token='TOKEN-2e476a2a-f69a-41c8-9a3d-deb491ce96cd' datos={'movimientos': [{'jugador_numero': 1, 'x': 6, 'y': 19}]}
2025-05-09 11:11:18 - mensajes - [ERROR] msg_id no interpretado. Data: {'mensaje_id': 'OCUPADO', 'datos': {'descripcion': 'El Servidor está ocupado en este momento. Intente más tarde.'}}
2025-05-09 11:11:18 - __main__ - [WARNING] Otro mensaje recibido. Mensaje enviado: 
Mensaje Enviado: mensaje_id='CORRER' token='TOKEN-2e476a2a-f69a-41c8-9a3d-deb491ce96cd' datos={'movimientos': [{'jugador_numero': 1, 'x': 6, 'y': 19}]}

Mensaje recibido: None
2025-05-09 11:11:19 - __main__ - [INFO] Reaccionar
2025-05-09 11:11:19 - utils - [INFO] Jugador mas cercano 1
2025-05-09 11:11:19 - __main__ - [INFO] Accion enviada. Mensaje: mensaje_id='MARCAR_ADVERSARIO' token='TOKEN-2e476a2a-f69a-41c8-9a3d-deb491ce96cd' datos={'jugador_numero': 1, 'adversario_numero': 11}
2025-05-09 11:11:19 - __main__ - [INFO] Reaccionar
2025-05-09 11:11:19 - utils - [INFO] Jugador mas cercano 1
2025-05-09 11:11:19 - __main__ - [INFO] Accion enviada. Mensaje: mensaje_id='CORRER' token='TOKEN-2e476a2a-f69a-41c8-9a3d-deb491ce96cd' datos={'movimientos': [{'jugador_numero': 1, 'x': 6, 'y': 19}]}
2025-05-09 11:11:19 - __main__ - [INFO] Reaccionar
2025-05-09 11:11:19 - utils - [INFO] Jugador mas cercano 9
2025-05-09 11:11:19 - __main__ - [INFO] Accion enviada. Mensaje: mensaje_id='MARCAR_ADVERSARIO' token='TOKEN-2e476a2a-f69a-41c8-9a3d-deb491ce96cd' datos={'jugador_numero': 9, 'adversario_numero': 4}
2025-05-09 11:11:19 - __main__ - [INFO] Reaccionar
2025-05-09 11:11:19 - utils - [INFO] Jugador mas cercano 9
2025-05-09 11:11:19 - __main__ - [INFO] Accion enviada. Mensaje: mensaje_id='MARCAR_ADVERSARIO' token='TOKEN-2e476a2a-f69a-41c8-9a3d-deb491ce96cd' datos={'jugador_numero': 9, 'adversario_numero': 1}
2025-05-09 11:11:19 - __main__ - [INFO] Reaccionar
2025-05-09 11:11:19 - utils - [INFO] Jugador mas cercano 1
2025-05-09 11:11:19 - __main__ - [INFO] Accion enviada. Mensaje: mensaje_id='MARCAR_ADVERSARIO' token='TOKEN-2e476a2a-f69a-41c8-9a3d-deb491ce96cd' datos={'jugador_numero': 1, 'adversario_numero': 11}
2025-05-09 11:11:19 - __main__ - [INFO] Reaccionar
2025-05-09 11:11:19 - utils - [INFO] Jugador mas cercano 1
2025-05-09 11:11:19 - __main__ - [INFO] Accion enviada. Mensaje: mensaje_id='CORRER' token='TOKEN-2e476a2a-f69a-41c8-9a3d-deb491ce96cd' datos={'movimientos': [{'jugador_numero': 1, 'x': 6, 'y': 19}]}
2025-05-09 11:11:19 - mensajes - [ERROR] msg_id no interpretado. Data: {'mensaje_id': 'OCUPADO', 'datos': {'descripcion': 'El Servidor está ocupado en este momento. Intente más tarde.'}}
2025-05-09 11:11:19 - __main__ - [WARNING] Otro mensaje recibido. Mensaje enviado: 
Mensaje Enviado: mensaje_id='CORRER' token='TOKEN-2e476a2a-f69a-41c8-9a3d-deb491ce96cd' datos={'movimientos': [{'jugador_numero': 1, 'x': 6, 'y': 19}]}

Mensaje recibido: None
2025-05-09 11:11:20 - __main__ - [INFO] Reaccionar
2025-05-09 11:11:20 - utils - [INFO] Jugador mas cercano 1
2025-05-09 11:11:20 - __main__ - [INFO] Accion enviada. Mensaje: mensaje_id='MARCAR_ADVERSARIO' token='TOKEN-2e476a2a-f69a-41c8-9a3d-deb491ce96cd' datos={'jugador_numero': 1, 'adversario_numero': 11}
2025-05-09 11:11:20 - __main__ - [INFO] Reaccionar
2025-05-09 11:11:20 - utils - [INFO] Jugador mas cercano 1
2025-05-09 11:11:20 - __main__ - [INFO] Accion enviada. Mensaje: mensaje_id='CORRER' token='TOKEN-2e476a2a-f69a-41c8-9a3d-deb491ce96cd' datos={'movimientos': [{'jugador_numero': 1, 'x': 6, 'y': 19}]}
2025-05-09 11:11:20 - __main__ - [INFO] Reaccionar
2025-05-09 11:11:20 - utils - [INFO] Jugador mas cercano 9
2025-05-09 11:11:20 - __main__ - [INFO] Accion enviada. Mensaje: mensaje_id='MARCAR_ADVERSARIO' token='TOKEN-2e476a2a-f69a-41c8-9a3d-deb491ce96cd' datos={'jugador_numero': 9, 'adversario_numero': 4}
2025-05-09 11:11:20 - __main__ - [INFO] Reaccionar
2025-05-09 11:11:20 - utils - [INFO] Jugador mas cercano 9
2025-05-09 11:11:20 - __main__ - [INFO] Accion enviada. Mensaje: mensaje_id='MARCAR_ADVERSARIO' token='TOKEN-2e476a2a-f69a-41c8-9a3d-deb491ce96cd' datos={'jugador_numero': 9, 'adversario_numero': 1}
2025-05-09 11:11:20 - __main__ - [INFO] Reaccionar
2025-05-09 11:11:20 - utils - [INFO] Jugador mas cercano 1
2025-05-09 11:11:20 - __main__ - [INFO] Accion enviada. Mensaje: mensaje_id='MARCAR_ADVERSARIO' token='TOKEN-2e476a2a-f69a-41c8-9a3d-deb491ce96cd' datos={'jugador_numero': 1, 'adversario_numero': 11}
2025-05-09 11:11:20 - __main__ - [INFO] Reaccionar
2025-05-09 11:11:20 - utils - [INFO] Jugador mas cercano 1
2025-05-09 11:11:20 - __main__ - [INFO] Accion enviada. Mensaje: mensaje_id='CORRER' token='TOKEN-2e476a2a-f69a-41c8-9a3d-deb491ce96cd' datos={'movimientos': [{'jugador_numero': 1, 'x': 6, 'y': 19}]}
2025-05-09 11:11:20 - mensajes - [ERROR] msg_id no interpretado. Data: {'mensaje_id': 'OCUPADO', 'datos': {'descripcion': 'El Servidor está ocupado en este momento. Intente más tarde.'}}
2025-05-09 11:11:20 - __main__ - [WARNING] Otro mensaje recibido. Mensaje enviado: 
Mensaje Enviado: mensaje_id='CORRER' token='TOKEN-2e476a2a-f69a-41c8-9a3d-deb491ce96cd' datos={'movimientos': [{'jugador_numero': 1, 'x': 6, 'y': 19}]}

Mensaje recibido: None
2025-05-09 11:11:21 - __main__ - [INFO] Reaccionar
2025-05-09 11:11:21 - utils - [INFO] Jugador mas cercano 1
2025-05-09 11:11:21 - __main__ - [INFO] Accion enviada. Mensaje: mensaje_id='MARCAR_ADVERSARIO' token='TOKEN-2e476a2a-f69a-41c8-9a3d-deb491ce96cd' datos={'jugador_numero': 1, 'adversario_numero': 11}
2025-05-09 11:11:21 - __main__ - [INFO] Reaccionar
2025-05-09 11:11:21 - utils - [INFO] Jugador mas cercano 1
2025-05-09 11:11:21 - __main__ - [INFO] Accion enviada. Mensaje: mensaje_id='CORRER' token='TOKEN-2e476a2a-f69a-41c8-9a3d-deb491ce96cd' datos={'movimientos': [{'jugador_numero': 1, 'x': 6, 'y': 19}]}
2025-05-09 11:11:21 - __main__ - [INFO] Reaccionar
2025-05-09 11:11:21 - utils - [INFO] Jugador mas cercano 9
2025-05-09 11:11:21 - __main__ - [INFO] Accion enviada. Mensaje: mensaje_id='MARCAR_ADVERSARIO' token='TOKEN-2e476a2a-f69a-41c8-9a3d-deb491ce96cd' datos={'jugador_numero': 9, 'adversario_numero': 4}
2025-05-09 11:11:21 - __main__ - [INFO] Reaccionar
2025-05-09 11:11:21 - utils - [INFO] Jugador mas cercano 9
2025-05-09 11:11:21 - __main__ - [INFO] Accion enviada. Mensaje: mensaje_id='MARCAR_ADVERSARIO' token='TOKEN-2e476a2a-f69a-41c8-9a3d-deb491ce96cd' datos={'jugador_numero': 9, 'adversario_numero': 4}
2025-05-09 11:11:21 - __main__ - [INFO] Reaccionar
2025-05-09 11:11:21 - utils - [INFO] Jugador mas cercano 1
2025-05-09 11:11:21 - __main__ - [INFO] Accion enviada. Mensaje: mensaje_id='MARCAR_ADVERSARIO' token='TOKEN-2e476a2a-f69a-41c8-9a3d-deb491ce96cd' datos={'jugador_numero': 1, 'adversario_numero': 11}
2025-05-09 11:11:21 - __main__ - [INFO] Reaccionar
2025-05-09 11:11:21 - utils - [INFO] Jugador mas cercano 1
2025-05-09 11:11:21 - __main__ - [INFO] Accion enviada. Mensaje: mensaje_id='CORRER' token='TOKEN-2e476a2a-f69a-41c8-9a3d-deb491ce96cd' datos={'movimientos': [{'jugador_numero': 1, 'x': 6, 'y': 19}]}
2025-05-09 11:11:21 - mensajes - [ERROR] msg_id no interpretado. Data: {'mensaje_id': 'OCUPADO', 'datos': {'descripcion': 'El Servidor está ocupado en este momento. Intente más tarde.'}}
2025-05-09 11:11:21 - __main__ - [WARNING] Otro mensaje recibido. Mensaje enviado: 
Mensaje Enviado: mensaje_id='CORRER' token='TOKEN-2e476a2a-f69a-41c8-9a3d-deb491ce96cd' datos={'movimientos': [{'jugador_numero': 1, 'x': 6, 'y': 19}]}

Mensaje recibido: None
2025-05-09 11:11:22 - __main__ - [INFO] Reaccionar
2025-05-09 11:11:22 - utils - [INFO] Jugador mas cercano 1
2025-05-09 11:11:22 - __main__ - [INFO] Accion enviada. Mensaje: mensaje_id='MARCAR_ADVERSARIO' token='TOKEN-2e476a2a-f69a-41c8-9a3d-deb491ce96cd' datos={'jugador_numero': 1, 'adversario_numero': 11}
2025-05-09 11:11:22 - __main__ - [INFO] Reaccionar
2025-05-09 11:11:22 - utils - [INFO] Jugador mas cercano 1
2025-05-09 11:11:22 - __main__ - [INFO] Accion enviada. Mensaje: mensaje_id='CORRER' token='TOKEN-2e476a2a-f69a-41c8-9a3d-deb491ce96cd' datos={'movimientos': [{'jugador_numero': 1, 'x': 6, 'y': 19}]}
2025-05-09 11:11:22 - __main__ - [INFO] Reaccionar
2025-05-09 11:11:22 - utils - [INFO] Jugador mas cercano 9
2025-05-09 11:11:22 - __main__ - [INFO] Accion enviada. Mensaje: mensaje_id='MARCAR_ADVERSARIO' token='TOKEN-2e476a2a-f69a-41c8-9a3d-deb491ce96cd' datos={'jugador_numero': 9, 'adversario_numero': 4}
2025-05-09 11:11:22 - __main__ - [INFO] Reaccionar
2025-05-09 11:11:22 - utils - [INFO] Jugador mas cercano 1
2025-05-09 11:11:22 - __main__ - [INFO] Accion enviada. Mensaje: mensaje_id='MARCAR_ADVERSARIO' token='TOKEN-2e476a2a-f69a-41c8-9a3d-deb491ce96cd' datos={'jugador_numero': 1, 'adversario_numero': 11}
2025-05-09 11:11:22 - __main__ - [INFO] Reaccionar
2025-05-09 11:11:22 - utils - [INFO] Jugador mas cercano 1
2025-05-09 11:11:22 - __main__ - [INFO] Accion enviada. Mensaje: mensaje_id='CORRER' token='TOKEN-2e476a2a-f69a-41c8-9a3d-deb491ce96cd' datos={'movimientos': [{'jugador_numero': 1, 'x': 6, 'y': 19}]}
2025-05-09 11:11:22 - __main__ - [INFO] Reaccionar
2025-05-09 11:11:22 - utils - [INFO] Jugador mas cercano 9
2025-05-09 11:11:22 - __main__ - [INFO] Accion enviada. Mensaje: mensaje_id='MARCAR_ADVERSARIO' token='TOKEN-2e476a2a-f69a-41c8-9a3d-deb491ce96cd' datos={'jugador_numero': 9, 'adversario_numero': 1}
2025-05-09 11:11:22 - mensajes - [ERROR] msg_id no interpretado. Data: {'mensaje_id': 'OCUPADO', 'datos': {'descripcion': 'El Servidor está ocupado en este momento. Intente más tarde.'}}
2025-05-09 11:11:22 - __main__ - [WARNING] Otro mensaje recibido. Mensaje enviado: 
Mensaje Enviado: mensaje_id='MARCAR_ADVERSARIO' token='TOKEN-2e476a2a-f69a-41c8-9a3d-deb491ce96cd' datos={'jugador_numero': 9, 'adversario_numero': 1}

Mensaje recibido: None
2025-05-09 11:11:23 - __main__ - [INFO] Reaccionar
2025-05-09 11:11:23 - utils - [INFO] Jugador mas cercano 1
2025-05-09 11:11:23 - __main__ - [INFO] Accion enviada. Mensaje: mensaje_id='MARCAR_ADVERSARIO' token='TOKEN-2e476a2a-f69a-41c8-9a3d-deb491ce96cd' datos={'jugador_numero': 1, 'adversario_numero': 11}
2025-05-09 11:11:23 - __main__ - [INFO] Reaccionar
2025-05-09 11:11:23 - utils - [INFO] Jugador mas cercano 1
2025-05-09 11:11:23 - __main__ - [INFO] Accion enviada. Mensaje: mensaje_id='CORRER' token='TOKEN-2e476a2a-f69a-41c8-9a3d-deb491ce96cd' datos={'movimientos': [{'jugador_numero': 1, 'x': 6, 'y': 19}]}
2025-05-09 11:11:23 - __main__ - [INFO] Reaccionar
2025-05-09 11:11:23 - utils - [INFO] Jugador mas cercano 9
2025-05-09 11:11:23 - __main__ - [INFO] Accion enviada. Mensaje: mensaje_id='MARCAR_ADVERSARIO' token='TOKEN-2e476a2a-f69a-41c8-9a3d-deb491ce96cd' datos={'jugador_numero': 9, 'adversario_numero': 1}
2025-05-09 11:11:23 - __main__ - [INFO] Reaccionar
2025-05-09 11:11:23 - utils - [INFO] Jugador mas cercano 9
2025-05-09 11:11:23 - __main__ - [INFO] Accion enviada. Mensaje: mensaje_id='MARCAR_ADVERSARIO' token='TOKEN-2e476a2a-f69a-41c8-9a3d-deb491ce96cd' datos={'jugador_numero': 9, 'adversario_numero': 4}
2025-05-09 11:11:23 - __main__ - [INFO] Reaccionar
2025-05-09 11:11:23 - utils - [INFO] Jugador mas cercano 1
2025-05-09 11:11:23 - __main__ - [INFO] Accion enviada. Mensaje: mensaje_id='MARCAR_ADVERSARIO' token='TOKEN-2e476a2a-f69a-41c8-9a3d-deb491ce96cd' datos={'jugador_numero': 1, 'adversario_numero': 11}
2025-05-09 11:11:23 - __main__ - [INFO] Reaccionar
2025-05-09 11:11:23 - utils - [INFO] Jugador mas cercano 1
2025-05-09 11:11:23 - __main__ - [INFO] Accion enviada. Mensaje: mensaje_id='CORRER' token='TOKEN-2e476a2a-f69a-41c8-9a3d-deb491ce96cd' datos={'movimientos': [{'jugador_numero': 1, 'x': 6, 'y': 19}]}
2025-05-09 11:11:23 - mensajes - [ERROR] msg_id no interpretado. Data: {'mensaje_id': 'OCUPADO', 'datos': {'descripcion': 'El Servidor está ocupado en este momento. Intente más tarde.'}}
2025-05-09 11:11:23 - __main__ - [WARNING] Otro mensaje recibido. Mensaje enviado: 
Mensaje Enviado: mensaje_id='CORRER' token='TOKEN-2e476a2a-f69a-41c8-9a3d-deb491ce96cd' datos={'movimientos': [{'jugador_numero': 1, 'x': 6, 'y': 19}]}

Mensaje recibido: None
2025-05-09 11:11:24 - __main__ - [INFO] Reaccionar
2025-05-09 11:11:24 - utils - [INFO] Jugador mas cercano 1
2025-05-09 11:11:24 - __main__ - [INFO] Accion enviada. Mensaje: mensaje_id='MARCAR_ADVERSARIO' token='TOKEN-2e476a2a-f69a-41c8-9a3d-deb491ce96cd' datos={'jugador_numero': 1, 'adversario_numero': 11}
2025-05-09 11:11:24 - __main__ - [INFO] Reaccionar
2025-05-09 11:11:24 - utils - [INFO] Jugador mas cercano 1
2025-05-09 11:11:24 - __main__ - [INFO] Accion enviada. Mensaje: mensaje_id='CORRER' token='TOKEN-2e476a2a-f69a-41c8-9a3d-deb491ce96cd' datos={'movimientos': [{'jugador_numero': 1, 'x': 6, 'y': 19}]}
2025-05-09 11:11:24 - __main__ - [INFO] Reaccionar
2025-05-09 11:11:24 - utils - [INFO] Jugador mas cercano 9
2025-05-09 11:11:24 - __main__ - [INFO] Accion enviada. Mensaje: mensaje_id='MARCAR_ADVERSARIO' token='TOKEN-2e476a2a-f69a-41c8-9a3d-deb491ce96cd' datos={'jugador_numero': 9, 'adversario_numero': 4}
2025-05-09 11:11:24 - __main__ - [INFO] Reaccionar
2025-05-09 11:11:24 - utils - [INFO] Jugador mas cercano 9
2025-05-09 11:11:24 - __main__ - [INFO] Accion enviada. Mensaje: mensaje_id='MARCAR_ADVERSARIO' token='TOKEN-2e476a2a-f69a-41c8-9a3d-deb491ce96cd' datos={'jugador_numero': 9, 'adversario_numero': 4}
2025-05-09 11:11:24 - __main__ - [INFO] Reaccionar
2025-05-09 11:11:24 - utils - [INFO] Jugador mas cercano 1
2025-05-09 11:11:24 - __main__ - [INFO] Accion enviada. Mensaje: mensaje_id='MARCAR_ADVERSARIO' token='TOKEN-2e476a2a-f69a-41c8-9a3d-deb491ce96cd' datos={'jugador_numero': 1, 'adversario_numero': 11}
2025-05-09 11:11:24 - __main__ - [INFO] Reaccionar
2025-05-09 11:11:24 - utils - [INFO] Jugador mas cercano 1
2025-05-09 11:11:24 - __main__ - [INFO] Accion enviada. Mensaje: mensaje_id='CORRER' token='TOKEN-2e476a2a-f69a-41c8-9a3d-deb491ce96cd' datos={'movimientos': [{'jugador_numero': 1, 'x': 6, 'y': 19}]}
2025-05-09 11:11:24 - mensajes - [ERROR] msg_id no interpretado. Data: {'mensaje_id': 'OCUPADO', 'datos': {'descripcion': 'El Servidor está ocupado en este momento. Intente más tarde.'}}
2025-05-09 11:11:24 - __main__ - [WARNING] Otro mensaje recibido. Mensaje enviado: 
Mensaje Enviado: mensaje_id='CORRER' token='TOKEN-2e476a2a-f69a-41c8-9a3d-deb491ce96cd' datos={'movimientos': [{'jugador_numero': 1, 'x': 6, 'y': 19}]}

Mensaje recibido: None
2025-05-09 11:11:25 - __main__ - [INFO] Reaccionar
2025-05-09 11:11:25 - utils - [INFO] Jugador mas cercano 1
2025-05-09 11:11:25 - __main__ - [INFO] Accion enviada. Mensaje: mensaje_id='MARCAR_ADVERSARIO' token='TOKEN-2e476a2a-f69a-41c8-9a3d-deb491ce96cd' datos={'jugador_numero': 1, 'adversario_numero': 11}
2025-05-09 11:11:25 - __main__ - [INFO] Reaccionar
2025-05-09 11:11:25 - utils - [INFO] Jugador mas cercano 1
2025-05-09 11:11:25 - __main__ - [INFO] Accion enviada. Mensaje: mensaje_id='CORRER' token='TOKEN-2e476a2a-f69a-41c8-9a3d-deb491ce96cd' datos={'movimientos': [{'jugador_numero': 1, 'x': 6, 'y': 19}]}
2025-05-09 11:11:25 - __main__ - [INFO] Reaccionar
2025-05-09 11:11:25 - utils - [INFO] Jugador mas cercano 9
2025-05-09 11:11:25 - __main__ - [INFO] Accion enviada. Mensaje: mensaje_id='MARCAR_ADVERSARIO' token='TOKEN-2e476a2a-f69a-41c8-9a3d-deb491ce96cd' datos={'jugador_numero': 9, 'adversario_numero': 1}
2025-05-09 11:11:25 - __main__ - [INFO] Reaccionar
2025-05-09 11:11:25 - utils - [INFO] Jugador mas cercano 9
2025-05-09 11:11:25 - __main__ - [INFO] Accion enviada. Mensaje: mensaje_id='MARCAR_ADVERSARIO' token='TOKEN-2e476a2a-f69a-41c8-9a3d-deb491ce96cd' datos={'jugador_numero': 9, 'adversario_numero': 4}
2025-05-09 11:11:25 - __main__ - [INFO] Reaccionar
2025-05-09 11:11:25 - utils - [INFO] Jugador mas cercano 1
2025-05-09 11:11:25 - __main__ - [INFO] Accion enviada. Mensaje: mensaje_id='MARCAR_ADVERSARIO' token='TOKEN-2e476a2a-f69a-41c8-9a3d-deb491ce96cd' datos={'jugador_numero': 1, 'adversario_numero': 11}
2025-05-09 11:11:25 - __main__ - [INFO] Reaccionar
2025-05-09 11:11:25 - utils - [INFO] Jugador mas cercano 1
2025-05-09 11:11:25 - __main__ - [INFO] Accion enviada. Mensaje: mensaje_id='CORRER' token='TOKEN-2e476a2a-f69a-41c8-9a3d-deb491ce96cd' datos={'movimientos': [{'jugador_numero': 1, 'x': 6, 'y': 19}]}
2025-05-09 11:11:25 - mensajes - [ERROR] msg_id no interpretado. Data: {'mensaje_id': 'OCUPADO', 'datos': {'descripcion': 'El Servidor está ocupado en este momento. Intente más tarde.'}}
2025-05-09 11:11:25 - __main__ - [WARNING] Otro mensaje recibido. Mensaje enviado: 
Mensaje Enviado: mensaje_id='CORRER' token='TOKEN-2e476a2a-f69a-41c8-9a3d-deb491ce96cd' datos={'movimientos': [{'jugador_numero': 1, 'x': 6, 'y': 19}]}

Mensaje recibido: None
2025-05-09 11:11:26 - __main__ - [INFO] Reaccionar
2025-05-09 11:11:26 - utils - [INFO] Jugador mas cercano 1
2025-05-09 11:11:26 - __main__ - [INFO] Accion enviada. Mensaje: mensaje_id='MARCAR_ADVERSARIO' token='TOKEN-2e476a2a-f69a-41c8-9a3d-deb491ce96cd' datos={'jugador_numero': 1, 'adversario_numero': 11}
2025-05-09 11:11:26 - __main__ - [INFO] Reaccionar
2025-05-09 11:11:26 - utils - [INFO] Jugador mas cercano 1
2025-05-09 11:11:26 - __main__ - [INFO] Accion enviada. Mensaje: mensaje_id='CORRER' token='TOKEN-2e476a2a-f69a-41c8-9a3d-deb491ce96cd' datos={'movimientos': [{'jugador_numero': 1, 'x': 6, 'y': 19}]}
2025-05-09 11:11:26 - __main__ - [INFO] Reaccionar
2025-05-09 11:11:26 - utils - [INFO] Jugador mas cercano 9
2025-05-09 11:11:26 - __main__ - [INFO] Accion enviada. Mensaje: mensaje_id='MARCAR_ADVERSARIO' token='TOKEN-2e476a2a-f69a-41c8-9a3d-deb491ce96cd' datos={'jugador_numero': 9, 'adversario_numero': 1}
2025-05-09 11:11:26 - __main__ - [INFO] Reaccionar
2025-05-09 11:11:26 - utils - [INFO] Jugador mas cercano 9
2025-05-09 11:11:26 - __main__ - [INFO] Accion enviada. Mensaje: mensaje_id='MARCAR_ADVERSARIO' token='TOKEN-2e476a2a-f69a-41c8-9a3d-deb491ce96cd' datos={'jugador_numero': 9, 'adversario_numero': 4}
2025-05-09 11:11:26 - __main__ - [INFO] Reaccionar
2025-05-09 11:11:26 - utils - [INFO] Jugador mas cercano 1
2025-05-09 11:11:26 - __main__ - [INFO] Accion enviada. Mensaje: mensaje_id='MARCAR_ADVERSARIO' token='TOKEN-2e476a2a-f69a-41c8-9a3d-deb491ce96cd' datos={'jugador_numero': 1, 'adversario_numero': 11}
2025-05-09 11:11:26 - __main__ - [INFO] Reaccionar
2025-05-09 11:11:26 - utils - [INFO] Jugador mas cercano 1
2025-05-09 11:11:26 - __main__ - [INFO] Accion enviada. Mensaje: mensaje_id='CORRER' token='TOKEN-2e476a2a-f69a-41c8-9a3d-deb491ce96cd' datos={'movimientos': [{'jugador_numero': 1, 'x': 6, 'y': 19}]}
2025-05-09 11:11:26 - mensajes - [ERROR] msg_id no interpretado. Data: {'mensaje_id': 'OCUPADO', 'datos': {'descripcion': 'El Servidor está ocupado en este momento. Intente más tarde.'}}
2025-05-09 11:11:26 - __main__ - [WARNING] Otro mensaje recibido. Mensaje enviado: 
Mensaje Enviado: mensaje_id='CORRER' token='TOKEN-2e476a2a-f69a-41c8-9a3d-deb491ce96cd' datos={'movimientos': [{'jugador_numero': 1, 'x': 6, 'y': 19}]}

Mensaje recibido: None
2025-05-09 11:11:27 - __main__ - [INFO] Reaccionar
2025-05-09 11:11:27 - utils - [INFO] Jugador mas cercano 1
2025-05-09 11:11:27 - __main__ - [INFO] Accion enviada. Mensaje: mensaje_id='MARCAR_ADVERSARIO' token='TOKEN-2e476a2a-f69a-41c8-9a3d-deb491ce96cd' datos={'jugador_numero': 1, 'adversario_numero': 11}
2025-05-09 11:11:27 - __main__ - [INFO] Reaccionar
2025-05-09 11:11:27 - utils - [INFO] Jugador mas cercano 1
2025-05-09 11:11:27 - __main__ - [INFO] Accion enviada. Mensaje: mensaje_id='CORRER' token='TOKEN-2e476a2a-f69a-41c8-9a3d-deb491ce96cd' datos={'movimientos': [{'jugador_numero': 1, 'x': 6, 'y': 19}]}
2025-05-09 11:11:27 - __main__ - [INFO] Reaccionar
2025-05-09 11:11:27 - utils - [INFO] Jugador mas cercano 9
2025-05-09 11:11:27 - __main__ - [INFO] Accion enviada. Mensaje: mensaje_id='MARCAR_ADVERSARIO' token='TOKEN-2e476a2a-f69a-41c8-9a3d-deb491ce96cd' datos={'jugador_numero': 9, 'adversario_numero': 4}
2025-05-09 11:11:27 - __main__ - [INFO] Reaccionar
2025-05-09 11:11:27 - utils - [INFO] Jugador mas cercano 1
2025-05-09 11:11:27 - __main__ - [INFO] Accion enviada. Mensaje: mensaje_id='MARCAR_ADVERSARIO' token='TOKEN-2e476a2a-f69a-41c8-9a3d-deb491ce96cd' datos={'jugador_numero': 1, 'adversario_numero': 11}
2025-05-09 11:11:27 - __main__ - [INFO] Reaccionar
2025-05-09 11:11:27 - utils - [INFO] Jugador mas cercano 1
2025-05-09 11:11:27 - __main__ - [INFO] Accion enviada. Mensaje: mensaje_id='CORRER' token='TOKEN-2e476a2a-f69a-41c8-9a3d-deb491ce96cd' datos={'movimientos': [{'jugador_numero': 1, 'x': 6, 'y': 19}]}
2025-05-09 11:11:27 - __main__ - [INFO] Reaccionar
2025-05-09 11:11:27 - utils - [INFO] Jugador mas cercano 9
2025-05-09 11:11:27 - __main__ - [INFO] Accion enviada. Mensaje: mensaje_id='MARCAR_ADVERSARIO' token='TOKEN-2e476a2a-f69a-41c8-9a3d-deb491ce96cd' datos={'jugador_numero': 9, 'adversario_numero': 1}
2025-05-09 11:11:27 - mensajes - [ERROR] msg_id no interpretado. Data: {'mensaje_id': 'OCUPADO', 'datos': {'descripcion': 'El Servidor está ocupado en este momento. Intente más tarde.'}}
2025-05-09 11:11:27 - __main__ - [WARNING] Otro mensaje recibido. Mensaje enviado: 
Mensaje Enviado: mensaje_id='MARCAR_ADVERSARIO' token='TOKEN-2e476a2a-f69a-41c8-9a3d-deb491ce96cd' datos={'jugador_numero': 9, 'adversario_numero': 1}

Mensaje recibido: None
2025-05-09 11:11:28 - __main__ - [INFO] Reaccionar
2025-05-09 11:11:28 - utils - [INFO] Jugador mas cercano 1
2025-05-09 11:11:28 - __main__ - [INFO] Accion enviada. Mensaje: mensaje_id='MARCAR_ADVERSARIO' token='TOKEN-2e476a2a-f69a-41c8-9a3d-deb491ce96cd' datos={'jugador_numero': 1, 'adversario_numero': 11}
2025-05-09 11:11:28 - __main__ - [INFO] Reaccionar
2025-05-09 11:11:28 - utils - [INFO] Jugador mas cercano 1
2025-05-09 11:11:28 - __main__ - [INFO] Accion enviada. Mensaje: mensaje_id='CORRER' token='TOKEN-2e476a2a-f69a-41c8-9a3d-deb491ce96cd' datos={'movimientos': [{'jugador_numero': 1, 'x': 6, 'y': 19}]}
2025-05-09 11:11:28 - __main__ - [INFO] Reaccionar
2025-05-09 11:11:28 - utils - [INFO] Jugador mas cercano 9
2025-05-09 11:11:28 - __main__ - [INFO] Accion enviada. Mensaje: mensaje_id='MARCAR_ADVERSARIO' token='TOKEN-2e476a2a-f69a-41c8-9a3d-deb491ce96cd' datos={'jugador_numero': 9, 'adversario_numero': 4}
2025-05-09 11:11:28 - __main__ - [INFO] Reaccionar
2025-05-09 11:11:28 - utils - [INFO] Jugador mas cercano 1
2025-05-09 11:11:28 - __main__ - [INFO] Accion enviada. Mensaje: mensaje_id='MARCAR_ADVERSARIO' token='TOKEN-2e476a2a-f69a-41c8-9a3d-deb491ce96cd' datos={'jugador_numero': 1, 'adversario_numero': 11}
2025-05-09 11:11:28 - __main__ - [INFO] Reaccionar
2025-05-09 11:11:28 - utils - [INFO] Jugador mas cercano 1
2025-05-09 11:11:28 - __main__ - [INFO] Accion enviada. Mensaje: mensaje_id='CORRER' token='TOKEN-2e476a2a-f69a-41c8-9a3d-deb491ce96cd' datos={'movimientos': [{'jugador_numero': 1, 'x': 6, 'y': 19}]}
2025-05-09 11:11:28 - __main__ - [INFO] Reaccionar
2025-05-09 11:11:28 - utils - [INFO] Jugador mas cercano 9
2025-05-09 11:11:28 - __main__ - [INFO] Accion enviada. Mensaje: mensaje_id='MARCAR_ADVERSARIO' token='TOKEN-2e476a2a-f69a-41c8-9a3d-deb491ce96cd' datos={'jugador_numero': 9, 'adversario_numero': 4}
2025-05-09 11:11:28 - mensajes - [ERROR] msg_id no interpretado. Data: {'mensaje_id': 'OCUPADO', 'datos': {'descripcion': 'El Servidor está ocupado en este momento. Intente más tarde.'}}
2025-05-09 11:11:28 - __main__ - [WARNING] Otro mensaje recibido. Mensaje enviado: 
Mensaje Enviado: mensaje_id='MARCAR_ADVERSARIO' token='TOKEN-2e476a2a-f69a-41c8-9a3d-deb491ce96cd' datos={'jugador_numero': 9, 'adversario_numero': 4}

Mensaje recibido: None
2025-05-09 11:11:29 - __main__ - [INFO] Reaccionar
2025-05-09 11:11:29 - utils - [INFO] Jugador mas cercano 1
2025-05-09 11:11:29 - __main__ - [INFO] Accion enviada. Mensaje: mensaje_id='MARCAR_ADVERSARIO' token='TOKEN-2e476a2a-f69a-41c8-9a3d-deb491ce96cd' datos={'jugador_numero': 1, 'adversario_numero': 11}
2025-05-09 11:11:29 - __main__ - [INFO] Reaccionar
2025-05-09 11:11:29 - utils - [INFO] Jugador mas cercano 1
2025-05-09 11:11:29 - __main__ - [INFO] Accion enviada. Mensaje: mensaje_id='CORRER' token='TOKEN-2e476a2a-f69a-41c8-9a3d-deb491ce96cd' datos={'movimientos': [{'jugador_numero': 1, 'x': 6, 'y': 19}]}
2025-05-09 11:11:29 - __main__ - [INFO] Reaccionar
2025-05-09 11:11:29 - utils - [INFO] Jugador mas cercano 9
2025-05-09 11:11:29 - __main__ - [INFO] Accion enviada. Mensaje: mensaje_id='MARCAR_ADVERSARIO' token='TOKEN-2e476a2a-f69a-41c8-9a3d-deb491ce96cd' datos={'jugador_numero': 9, 'adversario_numero': 1}
2025-05-09 11:11:29 - __main__ - [INFO] Reaccionar
2025-05-09 11:11:29 - utils - [INFO] Jugador mas cercano 9
2025-05-09 11:11:29 - __main__ - [INFO] Accion enviada. Mensaje: mensaje_id='MARCAR_ADVERSARIO' token='TOKEN-2e476a2a-f69a-41c8-9a3d-deb491ce96cd' datos={'jugador_numero': 9, 'adversario_numero': 4}
2025-05-09 11:11:29 - __main__ - [INFO] Reaccionar
2025-05-09 11:11:29 - utils - [INFO] Jugador mas cercano 1
2025-05-09 11:11:29 - __main__ - [INFO] Accion enviada. Mensaje: mensaje_id='MARCAR_ADVERSARIO' token='TOKEN-2e476a2a-f69a-41c8-9a3d-deb491ce96cd' datos={'jugador_numero': 1, 'adversario_numero': 11}
2025-05-09 11:11:29 - __main__ - [INFO] Reaccionar
2025-05-09 11:11:29 - utils - [INFO] Jugador mas cercano 1
2025-05-09 11:11:29 - __main__ - [INFO] Accion enviada. Mensaje: mensaje_id='CORRER' token='TOKEN-2e476a2a-f69a-41c8-9a3d-deb491ce96cd' datos={'movimientos': [{'jugador_numero': 1, 'x': 6, 'y': 19}]}
2025-05-09 11:11:29 - mensajes - [ERROR] msg_id no interpretado. Data: {'mensaje_id': 'OCUPADO', 'datos': {'descripcion': 'El Servidor está ocupado en este momento. Intente más tarde.'}}
2025-05-09 11:11:29 - __main__ - [WARNING] Otro mensaje recibido. Mensaje enviado: 
Mensaje Enviado: mensaje_id='CORRER' token='TOKEN-2e476a2a-f69a-41c8-9a3d-deb491ce96cd' datos={'movimientos': [{'jugador_numero': 1, 'x': 6, 'y': 19}]}

Mensaje recibido: None
2025-05-09 11:11:30 - __main__ - [INFO] Reaccionar
2025-05-09 11:11:30 - utils - [INFO] Jugador mas cercano 1
2025-05-09 11:11:30 - __main__ - [INFO] Accion enviada. Mensaje: mensaje_id='MARCAR_ADVERSARIO' token='TOKEN-2e476a2a-f69a-41c8-9a3d-deb491ce96cd' datos={'jugador_numero': 1, 'adversario_numero': 11}
2025-05-09 11:11:30 - __main__ - [INFO] Reaccionar
2025-05-09 11:11:30 - utils - [INFO] Jugador mas cercano 1
2025-05-09 11:11:30 - __main__ - [INFO] Accion enviada. Mensaje: mensaje_id='CORRER' token='TOKEN-2e476a2a-f69a-41c8-9a3d-deb491ce96cd' datos={'movimientos': [{'jugador_numero': 1, 'x': 6, 'y': 19}]}
2025-05-09 11:11:30 - __main__ - [INFO] Reaccionar
2025-05-09 11:11:30 - utils - [INFO] Jugador mas cercano 9
2025-05-09 11:11:30 - __main__ - [INFO] Accion enviada. Mensaje: mensaje_id='MARCAR_ADVERSARIO' token='TOKEN-2e476a2a-f69a-41c8-9a3d-deb491ce96cd' datos={'jugador_numero': 9, 'adversario_numero': 1}
2025-05-09 11:11:30 - __main__ - [INFO] Reaccionar
2025-05-09 11:11:30 - utils - [INFO] Jugador mas cercano 1
2025-05-09 11:11:30 - __main__ - [INFO] Accion enviada. Mensaje: mensaje_id='MARCAR_ADVERSARIO' token='TOKEN-2e476a2a-f69a-41c8-9a3d-deb491ce96cd' datos={'jugador_numero': 1, 'adversario_numero': 11}
2025-05-09 11:11:30 - __main__ - [INFO] Reaccionar
2025-05-09 11:11:30 - utils - [INFO] Jugador mas cercano 1
2025-05-09 11:11:30 - __main__ - [INFO] Accion enviada. Mensaje: mensaje_id='CORRER' token='TOKEN-2e476a2a-f69a-41c8-9a3d-deb491ce96cd' datos={'movimientos': [{'jugador_numero': 1, 'x': 6, 'y': 19}]}
2025-05-09 11:11:30 - __main__ - [INFO] Reaccionar
2025-05-09 11:11:30 - utils - [INFO] Jugador mas cercano 9
2025-05-09 11:11:30 - __main__ - [INFO] Accion enviada. Mensaje: mensaje_id='MARCAR_ADVERSARIO' token='TOKEN-2e476a2a-f69a-41c8-9a3d-deb491ce96cd' datos={'jugador_numero': 9, 'adversario_numero': 1}
2025-05-09 11:11:30 - mensajes - [ERROR] msg_id no interpretado. Data: {'mensaje_id': 'OCUPADO', 'datos': {'descripcion': 'El Servidor está ocupado en este momento. Intente más tarde.'}}
2025-05-09 11:11:30 - __main__ - [WARNING] Otro mensaje recibido. Mensaje enviado: 
Mensaje Enviado: mensaje_id='MARCAR_ADVERSARIO' token='TOKEN-2e476a2a-f69a-41c8-9a3d-deb491ce96cd' datos={'jugador_numero': 9, 'adversario_numero': 1}

Mensaje recibido: None
2025-05-09 11:11:31 - __main__ - [INFO] Reaccionar
2025-05-09 11:11:31 - utils - [INFO] Jugador mas cercano 1
2025-05-09 11:11:31 - __main__ - [INFO] Accion enviada. Mensaje: mensaje_id='MARCAR_ADVERSARIO' token='TOKEN-2e476a2a-f69a-41c8-9a3d-deb491ce96cd' datos={'jugador_numero': 1, 'adversario_numero': 11}
2025-05-09 11:11:31 - __main__ - [INFO] Reaccionar
2025-05-09 11:11:31 - utils - [INFO] Jugador mas cercano 1
2025-05-09 11:11:31 - __main__ - [INFO] Accion enviada. Mensaje: mensaje_id='CORRER' token='TOKEN-2e476a2a-f69a-41c8-9a3d-deb491ce96cd' datos={'movimientos': [{'jugador_numero': 1, 'x': 6, 'y': 19}]}
2025-05-09 11:11:31 - __main__ - [INFO] Reaccionar
2025-05-09 11:11:31 - utils - [INFO] Jugador mas cercano 9
2025-05-09 11:11:31 - __main__ - [INFO] Accion enviada. Mensaje: mensaje_id='MARCAR_ADVERSARIO' token='TOKEN-2e476a2a-f69a-41c8-9a3d-deb491ce96cd' datos={'jugador_numero': 9, 'adversario_numero': 4}
2025-05-09 11:11:31 - __main__ - [INFO] Reaccionar
2025-05-09 11:11:31 - utils - [INFO] Jugador mas cercano 1
2025-05-09 11:11:31 - __main__ - [INFO] Accion enviada. Mensaje: mensaje_id='MARCAR_ADVERSARIO' token='TOKEN-2e476a2a-f69a-41c8-9a3d-deb491ce96cd' datos={'jugador_numero': 1, 'adversario_numero': 11}
2025-05-09 11:11:31 - __main__ - [INFO] Reaccionar
2025-05-09 11:11:31 - utils - [INFO] Jugador mas cercano 1
2025-05-09 11:11:31 - __main__ - [INFO] Accion enviada. Mensaje: mensaje_id='CORRER' token='TOKEN-2e476a2a-f69a-41c8-9a3d-deb491ce96cd' datos={'movimientos': [{'jugador_numero': 1, 'x': 6, 'y': 19}]}
2025-05-09 11:11:31 - __main__ - [INFO] Reaccionar
2025-05-09 11:11:31 - utils - [INFO] Jugador mas cercano 9
2025-05-09 11:11:31 - __main__ - [INFO] Accion enviada. Mensaje: mensaje_id='MARCAR_ADVERSARIO' token='TOKEN-2e476a2a-f69a-41c8-9a3d-deb491ce96cd' datos={'jugador_numero': 9, 'adversario_numero': 4}
2025-05-09 11:11:31 - mensajes - [ERROR] msg_id no interpretado. Data: {'mensaje_id': 'OCUPADO', 'datos': {'descripcion': 'El Servidor está ocupado en este momento. Intente más tarde.'}}
2025-05-09 11:11:31 - __main__ - [WARNING] Otro mensaje recibido. Mensaje enviado: 
Mensaje Enviado: mensaje_id='MARCAR_ADVERSARIO' token='TOKEN-2e476a2a-f69a-41c8-9a3d-deb491ce96cd' datos={'jugador_numero': 9, 'adversario_numero': 4}

Mensaje recibido: None
2025-05-09 11:11:32 - __main__ - [INFO] Reaccionar
2025-05-09 11:11:32 - utils - [INFO] Jugador mas cercano 1
2025-05-09 11:11:32 - __main__ - [INFO] Accion enviada. Mensaje: mensaje_id='MARCAR_ADVERSARIO' token='TOKEN-2e476a2a-f69a-41c8-9a3d-deb491ce96cd' datos={'jugador_numero': 1, 'adversario_numero': 11}
2025-05-09 11:11:32 - __main__ - [INFO] Reaccionar
2025-05-09 11:11:32 - utils - [INFO] Jugador mas cercano 1
2025-05-09 11:11:32 - __main__ - [INFO] Accion enviada. Mensaje: mensaje_id='CORRER' token='TOKEN-2e476a2a-f69a-41c8-9a3d-deb491ce96cd' datos={'movimientos': [{'jugador_numero': 1, 'x': 6, 'y': 19}]}
2025-05-09 11:11:32 - __main__ - [INFO] Reaccionar
2025-05-09 11:11:32 - utils - [INFO] Jugador mas cercano 9
2025-05-09 11:11:32 - __main__ - [INFO] Accion enviada. Mensaje: mensaje_id='MARCAR_ADVERSARIO' token='TOKEN-2e476a2a-f69a-41c8-9a3d-deb491ce96cd' datos={'jugador_numero': 9, 'adversario_numero': 1}
2025-05-09 11:11:32 - __main__ - [INFO] Reaccionar
2025-05-09 11:11:32 - utils - [INFO] Jugador mas cercano 9
2025-05-09 11:11:32 - __main__ - [INFO] Accion enviada. Mensaje: mensaje_id='MARCAR_ADVERSARIO' token='TOKEN-2e476a2a-f69a-41c8-9a3d-deb491ce96cd' datos={'jugador_numero': 9, 'adversario_numero': 4}
2025-05-09 11:11:32 - __main__ - [INFO] Reaccionar
2025-05-09 11:11:32 - utils - [INFO] Jugador mas cercano 1
2025-05-09 11:11:32 - __main__ - [INFO] Accion enviada. Mensaje: mensaje_id='MARCAR_ADVERSARIO' token='TOKEN-2e476a2a-f69a-41c8-9a3d-deb491ce96cd' datos={'jugador_numero': 1, 'adversario_numero': 11}
2025-05-09 11:11:32 - __main__ - [INFO] Reaccionar
2025-05-09 11:11:32 - utils - [INFO] Jugador mas cercano 1
2025-05-09 11:11:32 - __main__ - [INFO] Accion enviada. Mensaje: mensaje_id='CORRER' token='TOKEN-2e476a2a-f69a-41c8-9a3d-deb491ce96cd' datos={'movimientos': [{'jugador_numero': 1, 'x': 6, 'y': 19}]}
2025-05-09 11:11:32 - mensajes - [ERROR] msg_id no interpretado. Data: {'mensaje_id': 'OCUPADO', 'datos': {'descripcion': 'El Servidor está ocupado en este momento. Intente más tarde.'}}
2025-05-09 11:11:32 - __main__ - [WARNING] Otro mensaje recibido. Mensaje enviado: 
Mensaje Enviado: mensaje_id='CORRER' token='TOKEN-2e476a2a-f69a-41c8-9a3d-deb491ce96cd' datos={'movimientos': [{'jugador_numero': 1, 'x': 6, 'y': 19}]}

Mensaje recibido: None
2025-05-09 11:11:33 - __main__ - [INFO] Reaccionar
2025-05-09 11:11:33 - utils - [INFO] Jugador mas cercano 1
2025-05-09 11:11:33 - __main__ - [INFO] Accion enviada. Mensaje: mensaje_id='MARCAR_ADVERSARIO' token='TOKEN-2e476a2a-f69a-41c8-9a3d-deb491ce96cd' datos={'jugador_numero': 1, 'adversario_numero': 11}
2025-05-09 11:11:33 - __main__ - [INFO] Reaccionar
2025-05-09 11:11:33 - utils - [INFO] Jugador mas cercano 1
2025-05-09 11:11:33 - __main__ - [INFO] Accion enviada. Mensaje: mensaje_id='CORRER' token='TOKEN-2e476a2a-f69a-41c8-9a3d-deb491ce96cd' datos={'movimientos': [{'jugador_numero': 1, 'x': 6, 'y': 19}]}
2025-05-09 11:11:33 - __main__ - [INFO] Reaccionar
2025-05-09 11:11:33 - utils - [INFO] Jugador mas cercano 9
2025-05-09 11:11:33 - __main__ - [INFO] Accion enviada. Mensaje: mensaje_id='MARCAR_ADVERSARIO' token='TOKEN-2e476a2a-f69a-41c8-9a3d-deb491ce96cd' datos={'jugador_numero': 9, 'adversario_numero': 4}
2025-05-09 11:11:33 - __main__ - [INFO] Reaccionar
2025-05-09 11:11:33 - utils - [INFO] Jugador mas cercano 1
2025-05-09 11:11:33 - __main__ - [INFO] Accion enviada. Mensaje: mensaje_id='MARCAR_ADVERSARIO' token='TOKEN-2e476a2a-f69a-41c8-9a3d-deb491ce96cd' datos={'jugador_numero': 1, 'adversario_numero': 11}
2025-05-09 11:11:33 - __main__ - [INFO] Reaccionar
2025-05-09 11:11:33 - utils - [INFO] Jugador mas cercano 1
2025-05-09 11:11:33 - __main__ - [INFO] Accion enviada. Mensaje: mensaje_id='CORRER' token='TOKEN-2e476a2a-f69a-41c8-9a3d-deb491ce96cd' datos={'movimientos': [{'jugador_numero': 1, 'x': 6, 'y': 19}]}
2025-05-09 11:11:33 - __main__ - [INFO] Reaccionar
2025-05-09 11:11:33 - utils - [INFO] Jugador mas cercano 9
2025-05-09 11:11:33 - __main__ - [INFO] Accion enviada. Mensaje: mensaje_id='MARCAR_ADVERSARIO' token='TOKEN-2e476a2a-f69a-41c8-9a3d-deb491ce96cd' datos={'jugador_numero': 9, 'adversario_numero': 1}
2025-05-09 11:11:33 - mensajes - [ERROR] msg_id no interpretado. Data: {'mensaje_id': 'OCUPADO', 'datos': {'descripcion': 'El Servidor está ocupado en este momento. Intente más tarde.'}}
2025-05-09 11:11:33 - __main__ - [WARNING] Otro mensaje recibido. Mensaje enviado: 
Mensaje Enviado: mensaje_id='MARCAR_ADVERSARIO' token='TOKEN-2e476a2a-f69a-41c8-9a3d-deb491ce96cd' datos={'jugador_numero': 9, 'adversario_numero': 1}

Mensaje recibido: None
2025-05-09 11:11:34 - __main__ - [INFO] Reaccionar
2025-05-09 11:11:34 - utils - [INFO] Jugador mas cercano 1
2025-05-09 11:11:34 - __main__ - [INFO] Accion enviada. Mensaje: mensaje_id='MARCAR_ADVERSARIO' token='TOKEN-2e476a2a-f69a-41c8-9a3d-deb491ce96cd' datos={'jugador_numero': 1, 'adversario_numero': 11}
2025-05-09 11:11:34 - __main__ - [INFO] Reaccionar
2025-05-09 11:11:34 - utils - [INFO] Jugador mas cercano 1
2025-05-09 11:11:34 - __main__ - [INFO] Accion enviada. Mensaje: mensaje_id='CORRER' token='TOKEN-2e476a2a-f69a-41c8-9a3d-deb491ce96cd' datos={'movimientos': [{'jugador_numero': 1, 'x': 6, 'y': 19}]}
2025-05-09 11:11:34 - __main__ - [INFO] Reaccionar
2025-05-09 11:11:34 - utils - [INFO] Jugador mas cercano 9
2025-05-09 11:11:34 - __main__ - [INFO] Accion enviada. Mensaje: mensaje_id='MARCAR_ADVERSARIO' token='TOKEN-2e476a2a-f69a-41c8-9a3d-deb491ce96cd' datos={'jugador_numero': 9, 'adversario_numero': 1}
2025-05-09 11:11:34 - __main__ - [INFO] Reaccionar
2025-05-09 11:11:34 - utils - [INFO] Jugador mas cercano 9
2025-05-09 11:11:34 - __main__ - [INFO] Accion enviada. Mensaje: mensaje_id='MARCAR_ADVERSARIO' token='TOKEN-2e476a2a-f69a-41c8-9a3d-deb491ce96cd' datos={'jugador_numero': 9, 'adversario_numero': 4}
2025-05-09 11:11:34 - __main__ - [INFO] Reaccionar
2025-05-09 11:11:34 - utils - [INFO] Jugador mas cercano 1
2025-05-09 11:11:34 - __main__ - [INFO] Accion enviada. Mensaje: mensaje_id='MARCAR_ADVERSARIO' token='TOKEN-2e476a2a-f69a-41c8-9a3d-deb491ce96cd' datos={'jugador_numero': 1, 'adversario_numero': 11}
2025-05-09 11:11:34 - __main__ - [INFO] Reaccionar
2025-05-09 11:11:34 - utils - [INFO] Jugador mas cercano 1
2025-05-09 11:11:34 - __main__ - [INFO] Accion enviada. Mensaje: mensaje_id='CORRER' token='TOKEN-2e476a2a-f69a-41c8-9a3d-deb491ce96cd' datos={'movimientos': [{'jugador_numero': 1, 'x': 6, 'y': 19}]}
2025-05-09 11:11:34 - mensajes - [ERROR] msg_id no interpretado. Data: {'mensaje_id': 'OCUPADO', 'datos': {'descripcion': 'El Servidor está ocupado en este momento. Intente más tarde.'}}
2025-05-09 11:11:34 - __main__ - [WARNING] Otro mensaje recibido. Mensaje enviado: 
Mensaje Enviado: mensaje_id='CORRER' token='TOKEN-2e476a2a-f69a-41c8-9a3d-deb491ce96cd' datos={'movimientos': [{'jugador_numero': 1, 'x': 6, 'y': 19}]}

Mensaje recibido: None
2025-05-09 11:11:35 - __main__ - [INFO] Reaccionar
2025-05-09 11:11:35 - utils - [INFO] Jugador mas cercano 1
2025-05-09 11:11:35 - __main__ - [INFO] Accion enviada. Mensaje: mensaje_id='MARCAR_ADVERSARIO' token='TOKEN-2e476a2a-f69a-41c8-9a3d-deb491ce96cd' datos={'jugador_numero': 1, 'adversario_numero': 11}
2025-05-09 11:11:35 - __main__ - [INFO] Reaccionar
2025-05-09 11:11:35 - utils - [INFO] Jugador mas cercano 1
2025-05-09 11:11:35 - __main__ - [INFO] Accion enviada. Mensaje: mensaje_id='CORRER' token='TOKEN-2e476a2a-f69a-41c8-9a3d-deb491ce96cd' datos={'movimientos': [{'jugador_numero': 1, 'x': 6, 'y': 19}]}
2025-05-09 11:11:35 - __main__ - [INFO] Reaccionar
2025-05-09 11:11:35 - utils - [INFO] Jugador mas cercano 9
2025-05-09 11:11:35 - __main__ - [INFO] Accion enviada. Mensaje: mensaje_id='MARCAR_ADVERSARIO' token='TOKEN-2e476a2a-f69a-41c8-9a3d-deb491ce96cd' datos={'jugador_numero': 9, 'adversario_numero': 4}
2025-05-09 11:11:35 - __main__ - [INFO] Reaccionar
2025-05-09 11:11:35 - utils - [INFO] Jugador mas cercano 1
2025-05-09 11:11:35 - __main__ - [INFO] Accion enviada. Mensaje: mensaje_id='MARCAR_ADVERSARIO' token='TOKEN-2e476a2a-f69a-41c8-9a3d-deb491ce96cd' datos={'jugador_numero': 1, 'adversario_numero': 11}
2025-05-09 11:11:35 - __main__ - [INFO] Reaccionar
2025-05-09 11:11:35 - utils - [INFO] Jugador mas cercano 1
2025-05-09 11:11:35 - __main__ - [INFO] Accion enviada. Mensaje: mensaje_id='CORRER' token='TOKEN-2e476a2a-f69a-41c8-9a3d-deb491ce96cd' datos={'movimientos': [{'jugador_numero': 1, 'x': 6, 'y': 19}]}
2025-05-09 11:11:35 - __main__ - [INFO] Reaccionar
2025-05-09 11:11:35 - utils - [INFO] Jugador mas cercano 9
2025-05-09 11:11:35 - __main__ - [INFO] Accion enviada. Mensaje: mensaje_id='MARCAR_ADVERSARIO' token='TOKEN-2e476a2a-f69a-41c8-9a3d-deb491ce96cd' datos={'jugador_numero': 9, 'adversario_numero': 4}
2025-05-09 11:11:35 - mensajes - [ERROR] msg_id no interpretado. Data: {'mensaje_id': 'OCUPADO', 'datos': {'descripcion': 'El Servidor está ocupado en este momento. Intente más tarde.'}}
2025-05-09 11:11:35 - __main__ - [WARNING] Otro mensaje recibido. Mensaje enviado: 
Mensaje Enviado: mensaje_id='MARCAR_ADVERSARIO' token='TOKEN-2e476a2a-f69a-41c8-9a3d-deb491ce96cd' datos={'jugador_numero': 9, 'adversario_numero': 4}

Mensaje recibido: None
2025-05-09 11:11:36 - __main__ - [INFO] Reaccionar
2025-05-09 11:11:36 - utils - [INFO] Jugador mas cercano 1
2025-05-09 11:11:36 - __main__ - [INFO] Accion enviada. Mensaje: mensaje_id='MARCAR_ADVERSARIO' token='TOKEN-2e476a2a-f69a-41c8-9a3d-deb491ce96cd' datos={'jugador_numero': 1, 'adversario_numero': 11}
2025-05-09 11:11:36 - __main__ - [INFO] Reaccionar
2025-05-09 11:11:36 - utils - [INFO] Jugador mas cercano 1
2025-05-09 11:11:36 - __main__ - [INFO] Accion enviada. Mensaje: mensaje_id='CORRER' token='TOKEN-2e476a2a-f69a-41c8-9a3d-deb491ce96cd' datos={'movimientos': [{'jugador_numero': 1, 'x': 6, 'y': 19}]}
2025-05-09 11:11:36 - __main__ - [INFO] Reaccionar
2025-05-09 11:11:36 - utils - [INFO] Jugador mas cercano 9
2025-05-09 11:11:36 - __main__ - [INFO] Accion enviada. Mensaje: mensaje_id='MARCAR_ADVERSARIO' token='TOKEN-2e476a2a-f69a-41c8-9a3d-deb491ce96cd' datos={'jugador_numero': 9, 'adversario_numero': 4}
2025-05-09 11:11:36 - __main__ - [INFO] Reaccionar
2025-05-09 11:11:36 - utils - [INFO] Jugador mas cercano 1
2025-05-09 11:11:36 - __main__ - [INFO] Accion enviada. Mensaje: mensaje_id='MARCAR_ADVERSARIO' token='TOKEN-2e476a2a-f69a-41c8-9a3d-deb491ce96cd' datos={'jugador_numero': 1, 'adversario_numero': 11}
2025-05-09 11:11:36 - __main__ - [INFO] Reaccionar
2025-05-09 11:11:36 - utils - [INFO] Jugador mas cercano 1
2025-05-09 11:11:36 - __main__ - [INFO] Accion enviada. Mensaje: mensaje_id='CORRER' token='TOKEN-2e476a2a-f69a-41c8-9a3d-deb491ce96cd' datos={'movimientos': [{'jugador_numero': 1, 'x': 6, 'y': 19}]}
2025-05-09 11:11:36 - __main__ - [INFO] Reaccionar
2025-05-09 11:11:36 - utils - [INFO] Jugador mas cercano 9
2025-05-09 11:11:36 - __main__ - [INFO] Accion enviada. Mensaje: mensaje_id='MARCAR_ADVERSARIO' token='TOKEN-2e476a2a-f69a-41c8-9a3d-deb491ce96cd' datos={'jugador_numero': 9, 'adversario_numero': 4}
2025-05-09 11:11:36 - mensajes - [ERROR] msg_id no interpretado. Data: {'mensaje_id': 'OCUPADO', 'datos': {'descripcion': 'El Servidor está ocupado en este momento. Intente más tarde.'}}
2025-05-09 11:11:36 - __main__ - [WARNING] Otro mensaje recibido. Mensaje enviado: 
Mensaje Enviado: mensaje_id='MARCAR_ADVERSARIO' token='TOKEN-2e476a2a-f69a-41c8-9a3d-deb491ce96cd' datos={'jugador_numero': 9, 'adversario_numero': 4}

Mensaje recibido: None
2025-05-09 11:11:37 - __main__ - [INFO] Reaccionar
2025-05-09 11:11:37 - utils - [INFO] Jugador mas cercano 1
2025-05-09 11:11:37 - __main__ - [INFO] Accion enviada. Mensaje: mensaje_id='MARCAR_ADVERSARIO' token='TOKEN-2e476a2a-f69a-41c8-9a3d-deb491ce96cd' datos={'jugador_numero': 1, 'adversario_numero': 11}
2025-05-09 11:11:37 - __main__ - [INFO] Reaccionar
2025-05-09 11:11:37 - utils - [INFO] Jugador mas cercano 1
2025-05-09 11:11:37 - __main__ - [INFO] Accion enviada. Mensaje: mensaje_id='CORRER' token='TOKEN-2e476a2a-f69a-41c8-9a3d-deb491ce96cd' datos={'movimientos': [{'jugador_numero': 1, 'x': 6, 'y': 19}]}
2025-05-09 11:11:37 - __main__ - [INFO] Reaccionar
2025-05-09 11:11:37 - utils - [INFO] Jugador mas cercano 9
2025-05-09 11:11:37 - __main__ - [INFO] Accion enviada. Mensaje: mensaje_id='MARCAR_ADVERSARIO' token='TOKEN-2e476a2a-f69a-41c8-9a3d-deb491ce96cd' datos={'jugador_numero': 9, 'adversario_numero': 1}
2025-05-09 11:11:37 - __main__ - [INFO] Reaccionar
2025-05-09 11:11:37 - utils - [INFO] Jugador mas cercano 9
2025-05-09 11:11:37 - __main__ - [INFO] Accion enviada. Mensaje: mensaje_id='MARCAR_ADVERSARIO' token='TOKEN-2e476a2a-f69a-41c8-9a3d-deb491ce96cd' datos={'jugador_numero': 9, 'adversario_numero': 4}
2025-05-09 11:11:37 - __main__ - [INFO] Reaccionar
2025-05-09 11:11:37 - utils - [INFO] Jugador mas cercano 1
2025-05-09 11:11:37 - __main__ - [INFO] Accion enviada. Mensaje: mensaje_id='MARCAR_ADVERSARIO' token='TOKEN-2e476a2a-f69a-41c8-9a3d-deb491ce96cd' datos={'jugador_numero': 1, 'adversario_numero': 11}
2025-05-09 11:11:37 - __main__ - [INFO] Reaccionar
2025-05-09 11:11:37 - utils - [INFO] Jugador mas cercano 1
2025-05-09 11:11:37 - __main__ - [INFO] Accion enviada. Mensaje: mensaje_id='CORRER' token='TOKEN-2e476a2a-f69a-41c8-9a3d-deb491ce96cd' datos={'movimientos': [{'jugador_numero': 1, 'x': 6, 'y': 19}]}
2025-05-09 11:11:37 - mensajes - [ERROR] msg_id no interpretado. Data: {'mensaje_id': 'OCUPADO', 'datos': {'descripcion': 'El Servidor está ocupado en este momento. Intente más tarde.'}}
2025-05-09 11:11:37 - __main__ - [WARNING] Otro mensaje recibido. Mensaje enviado: 
Mensaje Enviado: mensaje_id='CORRER' token='TOKEN-2e476a2a-f69a-41c8-9a3d-deb491ce96cd' datos={'movimientos': [{'jugador_numero': 1, 'x': 6, 'y': 19}]}

Mensaje recibido: None
2025-05-09 11:11:38 - __main__ - [INFO] Reaccionar
2025-05-09 11:11:38 - utils - [INFO] Jugador mas cercano 9
2025-05-09 11:11:38 - __main__ - [INFO] Accion enviada. Mensaje: mensaje_id='MARCAR_ADVERSARIO' token='TOKEN-2e476a2a-f69a-41c8-9a3d-deb491ce96cd' datos={'jugador_numero': 9, 'adversario_numero': 1}
2025-05-09 11:11:38 - __main__ - [INFO] Reaccionar
2025-05-09 11:11:38 - utils - [INFO] Jugador mas cercano 1
2025-05-09 11:11:38 - __main__ - [INFO] Accion enviada. Mensaje: mensaje_id='MARCAR_ADVERSARIO' token='TOKEN-2e476a2a-f69a-41c8-9a3d-deb491ce96cd' datos={'jugador_numero': 1, 'adversario_numero': 11}
2025-05-09 11:11:38 - __main__ - [INFO] Reaccionar
2025-05-09 11:11:38 - utils - [INFO] Jugador mas cercano 1
2025-05-09 11:11:38 - __main__ - [INFO] Accion enviada. Mensaje: mensaje_id='CORRER' token='TOKEN-2e476a2a-f69a-41c8-9a3d-deb491ce96cd' datos={'movimientos': [{'jugador_numero': 1, 'x': 6, 'y': 19}]}
2025-05-09 11:11:38 - __main__ - [INFO] Reaccionar
2025-05-09 11:11:38 - utils - [INFO] Jugador mas cercano 9
2025-05-09 11:11:38 - __main__ - [INFO] Accion enviada. Mensaje: mensaje_id='MARCAR_ADVERSARIO' token='TOKEN-2e476a2a-f69a-41c8-9a3d-deb491ce96cd' datos={'jugador_numero': 9, 'adversario_numero': 1}
2025-05-09 11:11:38 - __main__ - [INFO] Reaccionar
2025-05-09 11:11:38 - utils - [INFO] Jugador mas cercano 1
2025-05-09 11:11:38 - __main__ - [INFO] Accion enviada. Mensaje: mensaje_id='MARCAR_ADVERSARIO' token='TOKEN-2e476a2a-f69a-41c8-9a3d-deb491ce96cd' datos={'jugador_numero': 1, 'adversario_numero': 11}
2025-05-09 11:11:38 - __main__ - [INFO] Reaccionar
2025-05-09 11:11:38 - utils - [INFO] Jugador mas cercano 1
2025-05-09 11:11:38 - __main__ - [INFO] Accion enviada. Mensaje: mensaje_id='CORRER' token='TOKEN-2e476a2a-f69a-41c8-9a3d-deb491ce96cd' datos={'movimientos': [{'jugador_numero': 1, 'x': 6, 'y': 19}]}
2025-05-09 11:11:38 - mensajes - [ERROR] msg_id no interpretado. Data: {'mensaje_id': 'OCUPADO', 'datos': {'descripcion': 'El Servidor está ocupado en este momento. Intente más tarde.'}}
2025-05-09 11:11:38 - __main__ - [WARNING] Otro mensaje recibido. Mensaje enviado: 
Mensaje Enviado: mensaje_id='CORRER' token='TOKEN-2e476a2a-f69a-41c8-9a3d-deb491ce96cd' datos={'movimientos': [{'jugador_numero': 1, 'x': 6, 'y': 19}]}

Mensaje recibido: None
2025-05-09 11:11:39 - __main__ - [INFO] Reaccionar
2025-05-09 11:11:39 - utils - [INFO] Jugador mas cercano 1
2025-05-09 11:11:39 - __main__ - [INFO] Accion enviada. Mensaje: mensaje_id='MARCAR_ADVERSARIO' token='TOKEN-2e476a2a-f69a-41c8-9a3d-deb491ce96cd' datos={'jugador_numero': 1, 'adversario_numero': 11}
2025-05-09 11:11:39 - __main__ - [INFO] Reaccionar
2025-05-09 11:11:39 - utils - [INFO] Jugador mas cercano 1
2025-05-09 11:11:39 - __main__ - [INFO] Accion enviada. Mensaje: mensaje_id='CORRER' token='TOKEN-2e476a2a-f69a-41c8-9a3d-deb491ce96cd' datos={'movimientos': [{'jugador_numero': 1, 'x': 6, 'y': 19}]}
2025-05-09 11:11:39 - __main__ - [INFO] Reaccionar
2025-05-09 11:11:39 - utils - [INFO] Jugador mas cercano 9
2025-05-09 11:11:39 - __main__ - [INFO] Accion enviada. Mensaje: mensaje_id='MARCAR_ADVERSARIO' token='TOKEN-2e476a2a-f69a-41c8-9a3d-deb491ce96cd' datos={'jugador_numero': 9, 'adversario_numero': 1}
2025-05-09 11:11:39 - __main__ - [INFO] Reaccionar
2025-05-09 11:11:39 - utils - [INFO] Jugador mas cercano 1
2025-05-09 11:11:39 - __main__ - [INFO] Accion enviada. Mensaje: mensaje_id='MARCAR_ADVERSARIO' token='TOKEN-2e476a2a-f69a-41c8-9a3d-deb491ce96cd' datos={'jugador_numero': 1, 'adversario_numero': 11}
2025-05-09 11:11:39 - __main__ - [INFO] Reaccionar
2025-05-09 11:11:39 - utils - [INFO] Jugador mas cercano 1
2025-05-09 11:11:39 - __main__ - [INFO] Accion enviada. Mensaje: mensaje_id='CORRER' token='TOKEN-2e476a2a-f69a-41c8-9a3d-deb491ce96cd' datos={'movimientos': [{'jugador_numero': 1, 'x': 6, 'y': 19}]}
2025-05-09 11:11:39 - __main__ - [INFO] Reaccionar
2025-05-09 11:11:39 - utils - [INFO] Jugador mas cercano 9
2025-05-09 11:11:39 - __main__ - [INFO] Accion enviada. Mensaje: mensaje_id='MARCAR_ADVERSARIO' token='TOKEN-2e476a2a-f69a-41c8-9a3d-deb491ce96cd' datos={'jugador_numero': 9, 'adversario_numero': 1}
2025-05-09 11:11:39 - mensajes - [ERROR] msg_id no interpretado. Data: {'mensaje_id': 'OCUPADO', 'datos': {'descripcion': 'El Servidor está ocupado en este momento. Intente más tarde.'}}
2025-05-09 11:11:39 - __main__ - [WARNING] Otro mensaje recibido. Mensaje enviado: 
Mensaje Enviado: mensaje_id='MARCAR_ADVERSARIO' token='TOKEN-2e476a2a-f69a-41c8-9a3d-deb491ce96cd' datos={'jugador_numero': 9, 'adversario_numero': 1}

Mensaje recibido: None
2025-05-09 11:11:40 - __main__ - [INFO] Reaccionar
2025-05-09 11:11:40 - utils - [INFO] Jugador mas cercano 1
2025-05-09 11:11:40 - __main__ - [INFO] Accion enviada. Mensaje: mensaje_id='MARCAR_ADVERSARIO' token='TOKEN-2e476a2a-f69a-41c8-9a3d-deb491ce96cd' datos={'jugador_numero': 1, 'adversario_numero': 11}
2025-05-09 11:11:40 - __main__ - [INFO] Reaccionar
2025-05-09 11:11:40 - utils - [INFO] Jugador mas cercano 1
2025-05-09 11:11:40 - __main__ - [INFO] Accion enviada. Mensaje: mensaje_id='CORRER' token='TOKEN-2e476a2a-f69a-41c8-9a3d-deb491ce96cd' datos={'movimientos': [{'jugador_numero': 1, 'x': 6, 'y': 19}]}
2025-05-09 11:11:40 - __main__ - [INFO] Reaccionar
2025-05-09 11:11:40 - utils - [INFO] Jugador mas cercano 9
2025-05-09 11:11:40 - __main__ - [INFO] Accion enviada. Mensaje: mensaje_id='MARCAR_ADVERSARIO' token='TOKEN-2e476a2a-f69a-41c8-9a3d-deb491ce96cd' datos={'jugador_numero': 9, 'adversario_numero': 1}
2025-05-09 11:11:40 - __main__ - [INFO] Reaccionar
2025-05-09 11:11:40 - utils - [INFO] Jugador mas cercano 9
2025-05-09 11:11:40 - __main__ - [INFO] Accion enviada. Mensaje: mensaje_id='MARCAR_ADVERSARIO' token='TOKEN-2e476a2a-f69a-41c8-9a3d-deb491ce96cd' datos={'jugador_numero': 9, 'adversario_numero': 1}
2025-05-09 11:11:40 - __main__ - [INFO] Reaccionar
2025-05-09 11:11:40 - utils - [INFO] Jugador mas cercano 1
2025-05-09 11:11:40 - __main__ - [INFO] Accion enviada. Mensaje: mensaje_id='MARCAR_ADVERSARIO' token='TOKEN-2e476a2a-f69a-41c8-9a3d-deb491ce96cd' datos={'jugador_numero': 1, 'adversario_numero': 11}
2025-05-09 11:11:40 - __main__ - [INFO] Reaccionar
2025-05-09 11:11:40 - utils - [INFO] Jugador mas cercano 1
2025-05-09 11:11:40 - __main__ - [INFO] Accion enviada. Mensaje: mensaje_id='CORRER' token='TOKEN-2e476a2a-f69a-41c8-9a3d-deb491ce96cd' datos={'movimientos': [{'jugador_numero': 1, 'x': 6, 'y': 19}]}
2025-05-09 11:11:40 - mensajes - [ERROR] msg_id no interpretado. Data: {'mensaje_id': 'OCUPADO', 'datos': {'descripcion': 'El Servidor está ocupado en este momento. Intente más tarde.'}}
2025-05-09 11:11:40 - __main__ - [WARNING] Otro mensaje recibido. Mensaje enviado: 
Mensaje Enviado: mensaje_id='CORRER' token='TOKEN-2e476a2a-f69a-41c8-9a3d-deb491ce96cd' datos={'movimientos': [{'jugador_numero': 1, 'x': 6, 'y': 19}]}

Mensaje recibido: None
2025-05-09 11:11:41 - __main__ - [INFO] Reaccionar
2025-05-09 11:11:41 - utils - [INFO] Jugador mas cercano 1
2025-05-09 11:11:41 - __main__ - [INFO] Accion enviada. Mensaje: mensaje_id='MARCAR_ADVERSARIO' token='TOKEN-2e476a2a-f69a-41c8-9a3d-deb491ce96cd' datos={'jugador_numero': 1, 'adversario_numero': 11}
2025-05-09 11:11:41 - __main__ - [INFO] Reaccionar
2025-05-09 11:11:41 - utils - [INFO] Jugador mas cercano 1
2025-05-09 11:11:41 - __main__ - [INFO] Accion enviada. Mensaje: mensaje_id='CORRER' token='TOKEN-2e476a2a-f69a-41c8-9a3d-deb491ce96cd' datos={'movimientos': [{'jugador_numero': 1, 'x': 6, 'y': 19}]}
2025-05-09 11:11:41 - __main__ - [INFO] Reaccionar
2025-05-09 11:11:41 - utils - [INFO] Jugador mas cercano 9
2025-05-09 11:11:41 - __main__ - [INFO] Accion enviada. Mensaje: mensaje_id='MARCAR_ADVERSARIO' token='TOKEN-2e476a2a-f69a-41c8-9a3d-deb491ce96cd' datos={'jugador_numero': 9, 'adversario_numero': 4}
2025-05-09 11:11:41 - __main__ - [INFO] Reaccionar
2025-05-09 11:11:41 - utils - [INFO] Jugador mas cercano 1
2025-05-09 11:11:41 - __main__ - [INFO] Accion enviada. Mensaje: mensaje_id='MARCAR_ADVERSARIO' token='TOKEN-2e476a2a-f69a-41c8-9a3d-deb491ce96cd' datos={'jugador_numero': 1, 'adversario_numero': 11}
2025-05-09 11:11:41 - __main__ - [INFO] Reaccionar
2025-05-09 11:11:41 - utils - [INFO] Jugador mas cercano 1
2025-05-09 11:11:41 - __main__ - [INFO] Accion enviada. Mensaje: mensaje_id='CORRER' token='TOKEN-2e476a2a-f69a-41c8-9a3d-deb491ce96cd' datos={'movimientos': [{'jugador_numero': 1, 'x': 6, 'y': 19}]}
2025-05-09 11:11:41 - __main__ - [INFO] Reaccionar
2025-05-09 11:11:41 - utils - [INFO] Jugador mas cercano 9
2025-05-09 11:11:41 - __main__ - [INFO] Accion enviada. Mensaje: mensaje_id='MARCAR_ADVERSARIO' token='TOKEN-2e476a2a-f69a-41c8-9a3d-deb491ce96cd' datos={'jugador_numero': 9, 'adversario_numero': 4}
2025-05-09 11:11:41 - mensajes - [ERROR] msg_id no interpretado. Data: {'mensaje_id': 'OCUPADO', 'datos': {'descripcion': 'El Servidor está ocupado en este momento. Intente más tarde.'}}
2025-05-09 11:11:41 - __main__ - [WARNING] Otro mensaje recibido. Mensaje enviado: 
Mensaje Enviado: mensaje_id='MARCAR_ADVERSARIO' token='TOKEN-2e476a2a-f69a-41c8-9a3d-deb491ce96cd' datos={'jugador_numero': 9, 'adversario_numero': 4}

Mensaje recibido: None
2025-05-09 11:11:42 - __main__ - [INFO] Reaccionar
2025-05-09 11:11:42 - utils - [INFO] Jugador mas cercano 1
2025-05-09 11:11:42 - __main__ - [INFO] Accion enviada. Mensaje: mensaje_id='MARCAR_ADVERSARIO' token='TOKEN-2e476a2a-f69a-41c8-9a3d-deb491ce96cd' datos={'jugador_numero': 1, 'adversario_numero': 11}
2025-05-09 11:11:42 - __main__ - [INFO] Reaccionar
2025-05-09 11:11:42 - utils - [INFO] Jugador mas cercano 1
2025-05-09 11:11:42 - __main__ - [INFO] Accion enviada. Mensaje: mensaje_id='CORRER' token='TOKEN-2e476a2a-f69a-41c8-9a3d-deb491ce96cd' datos={'movimientos': [{'jugador_numero': 1, 'x': 6, 'y': 19}]}
2025-05-09 11:11:42 - __main__ - [INFO] Reaccionar
2025-05-09 11:11:42 - utils - [INFO] Jugador mas cercano 9
2025-05-09 11:11:42 - __main__ - [INFO] Accion enviada. Mensaje: mensaje_id='MARCAR_ADVERSARIO' token='TOKEN-2e476a2a-f69a-41c8-9a3d-deb491ce96cd' datos={'jugador_numero': 9, 'adversario_numero': 1}
2025-05-09 11:11:42 - __main__ - [INFO] Reaccionar
2025-05-09 11:11:42 - utils - [INFO] Jugador mas cercano 1
2025-05-09 11:11:42 - __main__ - [INFO] Accion enviada. Mensaje: mensaje_id='MARCAR_ADVERSARIO' token='TOKEN-2e476a2a-f69a-41c8-9a3d-deb491ce96cd' datos={'jugador_numero': 1, 'adversario_numero': 11}
2025-05-09 11:11:42 - __main__ - [INFO] Reaccionar
2025-05-09 11:11:42 - utils - [INFO] Jugador mas cercano 1
2025-05-09 11:11:42 - __main__ - [INFO] Accion enviada. Mensaje: mensaje_id='CORRER' token='TOKEN-2e476a2a-f69a-41c8-9a3d-deb491ce96cd' datos={'movimientos': [{'jugador_numero': 1, 'x': 6, 'y': 19}]}
2025-05-09 11:11:42 - __main__ - [INFO] Reaccionar
2025-05-09 11:11:42 - utils - [INFO] Jugador mas cercano 9
2025-05-09 11:11:42 - __main__ - [INFO] Accion enviada. Mensaje: mensaje_id='MARCAR_ADVERSARIO' token='TOKEN-2e476a2a-f69a-41c8-9a3d-deb491ce96cd' datos={'jugador_numero': 9, 'adversario_numero': 4}
2025-05-09 11:11:42 - mensajes - [ERROR] msg_id no interpretado. Data: {'mensaje_id': 'OCUPADO', 'datos': {'descripcion': 'El Servidor está ocupado en este momento. Intente más tarde.'}}
2025-05-09 11:11:42 - __main__ - [WARNING] Otro mensaje recibido. Mensaje enviado: 
Mensaje Enviado: mensaje_id='MARCAR_ADVERSARIO' token='TOKEN-2e476a2a-f69a-41c8-9a3d-deb491ce96cd' datos={'jugador_numero': 9, 'adversario_numero': 4}

Mensaje recibido: None
2025-05-09 11:11:43 - __main__ - [INFO] Reaccionar
2025-05-09 11:11:43 - utils - [INFO] Jugador mas cercano 1
2025-05-09 11:11:43 - __main__ - [INFO] Accion enviada. Mensaje: mensaje_id='MARCAR_ADVERSARIO' token='TOKEN-2e476a2a-f69a-41c8-9a3d-deb491ce96cd' datos={'jugador_numero': 1, 'adversario_numero': 11}
2025-05-09 11:11:43 - __main__ - [INFO] Reaccionar
2025-05-09 11:11:43 - utils - [INFO] Jugador mas cercano 1
2025-05-09 11:11:43 - __main__ - [INFO] Accion enviada. Mensaje: mensaje_id='CORRER' token='TOKEN-2e476a2a-f69a-41c8-9a3d-deb491ce96cd' datos={'movimientos': [{'jugador_numero': 1, 'x': 6, 'y': 19}]}
2025-05-09 11:11:43 - __main__ - [INFO] Reaccionar
2025-05-09 11:11:43 - utils - [INFO] Jugador mas cercano 9
2025-05-09 11:11:43 - __main__ - [INFO] Accion enviada. Mensaje: mensaje_id='MARCAR_ADVERSARIO' token='TOKEN-2e476a2a-f69a-41c8-9a3d-deb491ce96cd' datos={'jugador_numero': 9, 'adversario_numero': 1}
2025-05-09 11:11:43 - __main__ - [INFO] Reaccionar
2025-05-09 11:11:43 - utils - [INFO] Jugador mas cercano 1
2025-05-09 11:11:43 - __main__ - [INFO] Accion enviada. Mensaje: mensaje_id='MARCAR_ADVERSARIO' token='TOKEN-2e476a2a-f69a-41c8-9a3d-deb491ce96cd' datos={'jugador_numero': 1, 'adversario_numero': 11}
2025-05-09 11:11:43 - __main__ - [INFO] Reaccionar
2025-05-09 11:11:43 - utils - [INFO] Jugador mas cercano 1
2025-05-09 11:11:43 - __main__ - [INFO] Accion enviada. Mensaje: mensaje_id='CORRER' token='TOKEN-2e476a2a-f69a-41c8-9a3d-deb491ce96cd' datos={'movimientos': [{'jugador_numero': 1, 'x': 6, 'y': 19}]}
2025-05-09 11:11:43 - __main__ - [INFO] Reaccionar
2025-05-09 11:11:43 - utils - [INFO] Jugador mas cercano 9
2025-05-09 11:11:43 - __main__ - [INFO] Accion enviada. Mensaje: mensaje_id='MARCAR_ADVERSARIO' token='TOKEN-2e476a2a-f69a-41c8-9a3d-deb491ce96cd' datos={'jugador_numero': 9, 'adversario_numero': 1}
2025-05-09 11:11:43 - mensajes - [ERROR] msg_id no interpretado. Data: {'mensaje_id': 'OCUPADO', 'datos': {'descripcion': 'El Servidor está ocupado en este momento. Intente más tarde.'}}
2025-05-09 11:11:43 - __main__ - [WARNING] Otro mensaje recibido. Mensaje enviado: 
Mensaje Enviado: mensaje_id='MARCAR_ADVERSARIO' token='TOKEN-2e476a2a-f69a-41c8-9a3d-deb491ce96cd' datos={'jugador_numero': 9, 'adversario_numero': 1}

Mensaje recibido: None
2025-05-09 11:11:44 - __main__ - [INFO] Reaccionar
2025-05-09 11:11:44 - utils - [INFO] Jugador mas cercano 1
2025-05-09 11:11:44 - __main__ - [INFO] Accion enviada. Mensaje: mensaje_id='MARCAR_ADVERSARIO' token='TOKEN-2e476a2a-f69a-41c8-9a3d-deb491ce96cd' datos={'jugador_numero': 1, 'adversario_numero': 11}
2025-05-09 11:11:44 - __main__ - [INFO] Reaccionar
2025-05-09 11:11:44 - utils - [INFO] Jugador mas cercano 1
2025-05-09 11:11:44 - __main__ - [INFO] Accion enviada. Mensaje: mensaje_id='CORRER' token='TOKEN-2e476a2a-f69a-41c8-9a3d-deb491ce96cd' datos={'movimientos': [{'jugador_numero': 1, 'x': 6, 'y': 19}]}
2025-05-09 11:11:44 - __main__ - [INFO] Reaccionar
2025-05-09 11:11:44 - utils - [INFO] Jugador mas cercano 9
2025-05-09 11:11:44 - __main__ - [INFO] Accion enviada. Mensaje: mensaje_id='MARCAR_ADVERSARIO' token='TOKEN-2e476a2a-f69a-41c8-9a3d-deb491ce96cd' datos={'jugador_numero': 9, 'adversario_numero': 1}
2025-05-09 11:11:44 - __main__ - [INFO] Reaccionar
2025-05-09 11:11:44 - utils - [INFO] Jugador mas cercano 1
2025-05-09 11:11:44 - __main__ - [INFO] Accion enviada. Mensaje: mensaje_id='MARCAR_ADVERSARIO' token='TOKEN-2e476a2a-f69a-41c8-9a3d-deb491ce96cd' datos={'jugador_numero': 1, 'adversario_numero': 11}
2025-05-09 11:11:44 - __main__ - [INFO] Reaccionar
2025-05-09 11:11:44 - utils - [INFO] Jugador mas cercano 1
2025-05-09 11:11:44 - __main__ - [INFO] Accion enviada. Mensaje: mensaje_id='CORRER' token='TOKEN-2e476a2a-f69a-41c8-9a3d-deb491ce96cd' datos={'movimientos': [{'jugador_numero': 1, 'x': 6, 'y': 19}]}
2025-05-09 11:11:44 - __main__ - [INFO] Reaccionar
2025-05-09 11:11:44 - utils - [INFO] Jugador mas cercano 9
2025-05-09 11:11:44 - __main__ - [INFO] Accion enviada. Mensaje: mensaje_id='MARCAR_ADVERSARIO' token='TOKEN-2e476a2a-f69a-41c8-9a3d-deb491ce96cd' datos={'jugador_numero': 9, 'adversario_numero': 1}
2025-05-09 11:11:44 - mensajes - [ERROR] msg_id no interpretado. Data: {'mensaje_id': 'OCUPADO', 'datos': {'descripcion': 'El Servidor está ocupado en este momento. Intente más tarde.'}}
2025-05-09 11:11:44 - __main__ - [WARNING] Otro mensaje recibido. Mensaje enviado: 
Mensaje Enviado: mensaje_id='MARCAR_ADVERSARIO' token='TOKEN-2e476a2a-f69a-41c8-9a3d-deb491ce96cd' datos={'jugador_numero': 9, 'adversario_numero': 1}

Mensaje recibido: None
2025-05-09 11:11:45 - __main__ - [INFO] Reaccionar
2025-05-09 11:11:45 - utils - [INFO] Jugador mas cercano 1
2025-05-09 11:11:45 - __main__ - [INFO] Accion enviada. Mensaje: mensaje_id='MARCAR_ADVERSARIO' token='TOKEN-2e476a2a-f69a-41c8-9a3d-deb491ce96cd' datos={'jugador_numero': 1, 'adversario_numero': 11}
2025-05-09 11:11:45 - __main__ - [INFO] Reaccionar
2025-05-09 11:11:45 - utils - [INFO] Jugador mas cercano 1
2025-05-09 11:11:45 - __main__ - [INFO] Accion enviada. Mensaje: mensaje_id='CORRER' token='TOKEN-2e476a2a-f69a-41c8-9a3d-deb491ce96cd' datos={'movimientos': [{'jugador_numero': 1, 'x': 6, 'y': 19}]}
2025-05-09 11:11:45 - __main__ - [INFO] Reaccionar
2025-05-09 11:11:45 - utils - [INFO] Jugador mas cercano 9
2025-05-09 11:11:45 - __main__ - [INFO] Accion enviada. Mensaje: mensaje_id='MARCAR_ADVERSARIO' token='TOKEN-2e476a2a-f69a-41c8-9a3d-deb491ce96cd' datos={'jugador_numero': 9, 'adversario_numero': 1}
2025-05-09 11:11:45 - __main__ - [INFO] Reaccionar
2025-05-09 11:11:45 - utils - [INFO] Jugador mas cercano 9
2025-05-09 11:11:45 - __main__ - [INFO] Accion enviada. Mensaje: mensaje_id='MARCAR_ADVERSARIO' token='TOKEN-2e476a2a-f69a-41c8-9a3d-deb491ce96cd' datos={'jugador_numero': 9, 'adversario_numero': 1}
2025-05-09 11:11:45 - __main__ - [INFO] Reaccionar
2025-05-09 11:11:45 - utils - [INFO] Jugador mas cercano 1
2025-05-09 11:11:45 - __main__ - [INFO] Accion enviada. Mensaje: mensaje_id='MARCAR_ADVERSARIO' token='TOKEN-2e476a2a-f69a-41c8-9a3d-deb491ce96cd' datos={'jugador_numero': 1, 'adversario_numero': 11}
2025-05-09 11:11:45 - __main__ - [INFO] Reaccionar
2025-05-09 11:11:45 - utils - [INFO] Jugador mas cercano 1
2025-05-09 11:11:45 - __main__ - [INFO] Accion enviada. Mensaje: mensaje_id='CORRER' token='TOKEN-2e476a2a-f69a-41c8-9a3d-deb491ce96cd' datos={'movimientos': [{'jugador_numero': 1, 'x': 6, 'y': 19}]}
2025-05-09 11:11:45 - mensajes - [ERROR] msg_id no interpretado. Data: {'mensaje_id': 'OCUPADO', 'datos': {'descripcion': 'El Servidor está ocupado en este momento. Intente más tarde.'}}
2025-05-09 11:11:45 - __main__ - [WARNING] Otro mensaje recibido. Mensaje enviado: 
Mensaje Enviado: mensaje_id='CORRER' token='TOKEN-2e476a2a-f69a-41c8-9a3d-deb491ce96cd' datos={'movimientos': [{'jugador_numero': 1, 'x': 6, 'y': 19}]}

Mensaje recibido: None
2025-05-09 11:11:46 - __main__ - [INFO] Reaccionar
2025-05-09 11:11:46 - utils - [INFO] Jugador mas cercano 1
2025-05-09 11:11:46 - __main__ - [INFO] Accion enviada. Mensaje: mensaje_id='MARCAR_ADVERSARIO' token='TOKEN-2e476a2a-f69a-41c8-9a3d-deb491ce96cd' datos={'jugador_numero': 1, 'adversario_numero': 11}
2025-05-09 11:11:46 - __main__ - [INFO] Reaccionar
2025-05-09 11:11:46 - utils - [INFO] Jugador mas cercano 1
2025-05-09 11:11:46 - __main__ - [INFO] Accion enviada. Mensaje: mensaje_id='CORRER' token='TOKEN-2e476a2a-f69a-41c8-9a3d-deb491ce96cd' datos={'movimientos': [{'jugador_numero': 1, 'x': 6, 'y': 19}]}
2025-05-09 11:11:46 - __main__ - [INFO] Reaccionar
2025-05-09 11:11:46 - utils - [INFO] Jugador mas cercano 9
2025-05-09 11:11:46 - __main__ - [INFO] Accion enviada. Mensaje: mensaje_id='MARCAR_ADVERSARIO' token='TOKEN-2e476a2a-f69a-41c8-9a3d-deb491ce96cd' datos={'jugador_numero': 9, 'adversario_numero': 1}
2025-05-09 11:11:46 - __main__ - [INFO] Reaccionar
2025-05-09 11:11:46 - utils - [INFO] Jugador mas cercano 9
2025-05-09 11:11:46 - __main__ - [INFO] Accion enviada. Mensaje: mensaje_id='MARCAR_ADVERSARIO' token='TOKEN-2e476a2a-f69a-41c8-9a3d-deb491ce96cd' datos={'jugador_numero': 9, 'adversario_numero': 4}
2025-05-09 11:11:46 - __main__ - [INFO] Reaccionar
2025-05-09 11:11:46 - utils - [INFO] Jugador mas cercano 1
2025-05-09 11:11:46 - __main__ - [INFO] Accion enviada. Mensaje: mensaje_id='MARCAR_ADVERSARIO' token='TOKEN-2e476a2a-f69a-41c8-9a3d-deb491ce96cd' datos={'jugador_numero': 1, 'adversario_numero': 11}
2025-05-09 11:11:46 - __main__ - [INFO] Reaccionar
2025-05-09 11:11:46 - utils - [INFO] Jugador mas cercano 1
2025-05-09 11:11:46 - __main__ - [INFO] Accion enviada. Mensaje: mensaje_id='CORRER' token='TOKEN-2e476a2a-f69a-41c8-9a3d-deb491ce96cd' datos={'movimientos': [{'jugador_numero': 1, 'x': 6, 'y': 19}]}
2025-05-09 11:11:46 - mensajes - [ERROR] msg_id no interpretado. Data: {'mensaje_id': 'OCUPADO', 'datos': {'descripcion': 'El Servidor está ocupado en este momento. Intente más tarde.'}}
2025-05-09 11:11:46 - __main__ - [WARNING] Otro mensaje recibido. Mensaje enviado: 
Mensaje Enviado: mensaje_id='CORRER' token='TOKEN-2e476a2a-f69a-41c8-9a3d-deb491ce96cd' datos={'movimientos': [{'jugador_numero': 1, 'x': 6, 'y': 19}]}

Mensaje recibido: None
2025-05-09 11:11:47 - __main__ - [INFO] Reaccionar
2025-05-09 11:11:47 - utils - [INFO] Jugador mas cercano 1
2025-05-09 11:11:47 - __main__ - [INFO] Accion enviada. Mensaje: mensaje_id='MARCAR_ADVERSARIO' token='TOKEN-2e476a2a-f69a-41c8-9a3d-deb491ce96cd' datos={'jugador_numero': 1, 'adversario_numero': 11}
2025-05-09 11:11:47 - __main__ - [INFO] Reaccionar
2025-05-09 11:11:47 - utils - [INFO] Jugador mas cercano 1
2025-05-09 11:11:47 - __main__ - [INFO] Accion enviada. Mensaje: mensaje_id='CORRER' token='TOKEN-2e476a2a-f69a-41c8-9a3d-deb491ce96cd' datos={'movimientos': [{'jugador_numero': 1, 'x': 6, 'y': 19}]}
2025-05-09 11:11:47 - __main__ - [INFO] Reaccionar
2025-05-09 11:11:47 - utils - [INFO] Jugador mas cercano 9
2025-05-09 11:11:47 - __main__ - [INFO] Accion enviada. Mensaje: mensaje_id='MARCAR_ADVERSARIO' token='TOKEN-2e476a2a-f69a-41c8-9a3d-deb491ce96cd' datos={'jugador_numero': 9, 'adversario_numero': 1}
2025-05-09 11:11:47 - __main__ - [INFO] Reaccionar
2025-05-09 11:11:47 - utils - [INFO] Jugador mas cercano 9
2025-05-09 11:11:47 - __main__ - [INFO] Accion enviada. Mensaje: mensaje_id='MARCAR_ADVERSARIO' token='TOKEN-2e476a2a-f69a-41c8-9a3d-deb491ce96cd' datos={'jugador_numero': 9, 'adversario_numero': 1}
2025-05-09 11:11:47 - __main__ - [INFO] Reaccionar
2025-05-09 11:11:47 - utils - [INFO] Jugador mas cercano 1
2025-05-09 11:11:47 - __main__ - [INFO] Accion enviada. Mensaje: mensaje_id='MARCAR_ADVERSARIO' token='TOKEN-2e476a2a-f69a-41c8-9a3d-deb491ce96cd' datos={'jugador_numero': 1, 'adversario_numero': 11}
2025-05-09 11:11:47 - __main__ - [INFO] Reaccionar
2025-05-09 11:11:47 - utils - [INFO] Jugador mas cercano 1
2025-05-09 11:11:47 - __main__ - [INFO] Accion enviada. Mensaje: mensaje_id='CORRER' token='TOKEN-2e476a2a-f69a-41c8-9a3d-deb491ce96cd' datos={'movimientos': [{'jugador_numero': 1, 'x': 6, 'y': 19}]}
2025-05-09 11:11:47 - mensajes - [ERROR] msg_id no interpretado. Data: {'mensaje_id': 'OCUPADO', 'datos': {'descripcion': 'El Servidor está ocupado en este momento. Intente más tarde.'}}
2025-05-09 11:11:47 - __main__ - [WARNING] Otro mensaje recibido. Mensaje enviado: 
Mensaje Enviado: mensaje_id='CORRER' token='TOKEN-2e476a2a-f69a-41c8-9a3d-deb491ce96cd' datos={'movimientos': [{'jugador_numero': 1, 'x': 6, 'y': 19}]}

Mensaje recibido: None
2025-05-09 11:11:48 - __main__ - [INFO] Reaccionar
2025-05-09 11:11:48 - utils - [INFO] Jugador mas cercano 1
2025-05-09 11:11:48 - __main__ - [INFO] Accion enviada. Mensaje: mensaje_id='MARCAR_ADVERSARIO' token='TOKEN-2e476a2a-f69a-41c8-9a3d-deb491ce96cd' datos={'jugador_numero': 1, 'adversario_numero': 11}
2025-05-09 11:11:48 - __main__ - [INFO] Reaccionar
2025-05-09 11:11:48 - utils - [INFO] Jugador mas cercano 1
2025-05-09 11:11:48 - __main__ - [INFO] Accion enviada. Mensaje: mensaje_id='CORRER' token='TOKEN-2e476a2a-f69a-41c8-9a3d-deb491ce96cd' datos={'movimientos': [{'jugador_numero': 1, 'x': 6, 'y': 19}]}
2025-05-09 11:11:48 - __main__ - [INFO] Reaccionar
2025-05-09 11:11:48 - utils - [INFO] Jugador mas cercano 9
2025-05-09 11:11:48 - __main__ - [INFO] Accion enviada. Mensaje: mensaje_id='MARCAR_ADVERSARIO' token='TOKEN-2e476a2a-f69a-41c8-9a3d-deb491ce96cd' datos={'jugador_numero': 9, 'adversario_numero': 4}
2025-05-09 11:11:48 - __main__ - [INFO] Reaccionar
2025-05-09 11:11:48 - utils - [INFO] Jugador mas cercano 1
2025-05-09 11:11:48 - __main__ - [INFO] Accion enviada. Mensaje: mensaje_id='MARCAR_ADVERSARIO' token='TOKEN-2e476a2a-f69a-41c8-9a3d-deb491ce96cd' datos={'jugador_numero': 1, 'adversario_numero': 11}
2025-05-09 11:11:48 - __main__ - [INFO] Reaccionar
2025-05-09 11:11:48 - utils - [INFO] Jugador mas cercano 1
2025-05-09 11:11:48 - __main__ - [INFO] Accion enviada. Mensaje: mensaje_id='CORRER' token='TOKEN-2e476a2a-f69a-41c8-9a3d-deb491ce96cd' datos={'movimientos': [{'jugador_numero': 1, 'x': 6, 'y': 19}]}
2025-05-09 11:11:48 - __main__ - [INFO] Reaccionar
2025-05-09 11:11:48 - utils - [INFO] Jugador mas cercano 9
2025-05-09 11:11:48 - __main__ - [INFO] Accion enviada. Mensaje: mensaje_id='MARCAR_ADVERSARIO' token='TOKEN-2e476a2a-f69a-41c8-9a3d-deb491ce96cd' datos={'jugador_numero': 9, 'adversario_numero': 4}
2025-05-09 11:11:48 - mensajes - [ERROR] msg_id no interpretado. Data: {'mensaje_id': 'OCUPADO', 'datos': {'descripcion': 'El Servidor está ocupado en este momento. Intente más tarde.'}}
2025-05-09 11:11:48 - __main__ - [WARNING] Otro mensaje recibido. Mensaje enviado: 
Mensaje Enviado: mensaje_id='MARCAR_ADVERSARIO' token='TOKEN-2e476a2a-f69a-41c8-9a3d-deb491ce96cd' datos={'jugador_numero': 9, 'adversario_numero': 4}

Mensaje recibido: None
2025-05-09 11:11:49 - __main__ - [INFO] Reaccionar
2025-05-09 11:11:49 - utils - [INFO] Jugador mas cercano 1
2025-05-09 11:11:49 - __main__ - [INFO] Accion enviada. Mensaje: mensaje_id='MARCAR_ADVERSARIO' token='TOKEN-2e476a2a-f69a-41c8-9a3d-deb491ce96cd' datos={'jugador_numero': 1, 'adversario_numero': 11}
2025-05-09 11:11:49 - __main__ - [INFO] Reaccionar
2025-05-09 11:11:49 - utils - [INFO] Jugador mas cercano 1
2025-05-09 11:11:49 - __main__ - [INFO] Accion enviada. Mensaje: mensaje_id='CORRER' token='TOKEN-2e476a2a-f69a-41c8-9a3d-deb491ce96cd' datos={'movimientos': [{'jugador_numero': 1, 'x': 6, 'y': 19}]}
2025-05-09 11:11:49 - __main__ - [INFO] Reaccionar
2025-05-09 11:11:49 - utils - [INFO] Jugador mas cercano 9
2025-05-09 11:11:49 - __main__ - [INFO] Accion enviada. Mensaje: mensaje_id='MARCAR_ADVERSARIO' token='TOKEN-2e476a2a-f69a-41c8-9a3d-deb491ce96cd' datos={'jugador_numero': 9, 'adversario_numero': 4}
2025-05-09 11:11:49 - __main__ - [INFO] Reaccionar
2025-05-09 11:11:49 - utils - [INFO] Jugador mas cercano 9
2025-05-09 11:11:49 - __main__ - [INFO] Accion enviada. Mensaje: mensaje_id='MARCAR_ADVERSARIO' token='TOKEN-2e476a2a-f69a-41c8-9a3d-deb491ce96cd' datos={'jugador_numero': 9, 'adversario_numero': 1}
2025-05-09 11:11:49 - __main__ - [INFO] Reaccionar
2025-05-09 11:11:49 - utils - [INFO] Jugador mas cercano 1
2025-05-09 11:11:49 - __main__ - [INFO] Accion enviada. Mensaje: mensaje_id='MARCAR_ADVERSARIO' token='TOKEN-2e476a2a-f69a-41c8-9a3d-deb491ce96cd' datos={'jugador_numero': 1, 'adversario_numero': 11}
2025-05-09 11:11:49 - __main__ - [INFO] Reaccionar
2025-05-09 11:11:49 - utils - [INFO] Jugador mas cercano 1
2025-05-09 11:11:49 - __main__ - [INFO] Accion enviada. Mensaje: mensaje_id='CORRER' token='TOKEN-2e476a2a-f69a-41c8-9a3d-deb491ce96cd' datos={'movimientos': [{'jugador_numero': 1, 'x': 6, 'y': 19}]}
2025-05-09 11:11:49 - mensajes - [ERROR] msg_id no interpretado. Data: {'mensaje_id': 'OCUPADO', 'datos': {'descripcion': 'El Servidor está ocupado en este momento. Intente más tarde.'}}
2025-05-09 11:11:49 - __main__ - [WARNING] Otro mensaje recibido. Mensaje enviado: 
Mensaje Enviado: mensaje_id='CORRER' token='TOKEN-2e476a2a-f69a-41c8-9a3d-deb491ce96cd' datos={'movimientos': [{'jugador_numero': 1, 'x': 6, 'y': 19}]}

Mensaje recibido: None
2025-05-09 11:11:50 - __main__ - [INFO] Reaccionar
2025-05-09 11:11:50 - utils - [INFO] Jugador mas cercano 1
2025-05-09 11:11:50 - __main__ - [INFO] Accion enviada. Mensaje: mensaje_id='MARCAR_ADVERSARIO' token='TOKEN-2e476a2a-f69a-41c8-9a3d-deb491ce96cd' datos={'jugador_numero': 1, 'adversario_numero': 11}
2025-05-09 11:11:50 - __main__ - [INFO] Reaccionar
2025-05-09 11:11:50 - utils - [INFO] Jugador mas cercano 1
2025-05-09 11:11:50 - __main__ - [INFO] Accion enviada. Mensaje: mensaje_id='CORRER' token='TOKEN-2e476a2a-f69a-41c8-9a3d-deb491ce96cd' datos={'movimientos': [{'jugador_numero': 1, 'x': 6, 'y': 19}]}
2025-05-09 11:11:50 - __main__ - [INFO] Reaccionar
2025-05-09 11:11:50 - utils - [INFO] Jugador mas cercano 9
2025-05-09 11:11:50 - __main__ - [INFO] Accion enviada. Mensaje: mensaje_id='MARCAR_ADVERSARIO' token='TOKEN-2e476a2a-f69a-41c8-9a3d-deb491ce96cd' datos={'jugador_numero': 9, 'adversario_numero': 4}
2025-05-09 11:11:50 - __main__ - [INFO] Reaccionar
2025-05-09 11:11:50 - utils - [INFO] Jugador mas cercano 1
2025-05-09 11:11:50 - __main__ - [INFO] Accion enviada. Mensaje: mensaje_id='MARCAR_ADVERSARIO' token='TOKEN-2e476a2a-f69a-41c8-9a3d-deb491ce96cd' datos={'jugador_numero': 1, 'adversario_numero': 11}
2025-05-09 11:11:50 - __main__ - [INFO] Reaccionar
2025-05-09 11:11:50 - utils - [INFO] Jugador mas cercano 1
2025-05-09 11:11:50 - __main__ - [INFO] Accion enviada. Mensaje: mensaje_id='CORRER' token='TOKEN-2e476a2a-f69a-41c8-9a3d-deb491ce96cd' datos={'movimientos': [{'jugador_numero': 1, 'x': 6, 'y': 19}]}
2025-05-09 11:11:50 - __main__ - [INFO] Reaccionar
2025-05-09 11:11:50 - utils - [INFO] Jugador mas cercano 9
2025-05-09 11:11:50 - __main__ - [INFO] Accion enviada. Mensaje: mensaje_id='MARCAR_ADVERSARIO' token='TOKEN-2e476a2a-f69a-41c8-9a3d-deb491ce96cd' datos={'jugador_numero': 9, 'adversario_numero': 1}
2025-05-09 11:11:50 - mensajes - [ERROR] msg_id no interpretado. Data: {'mensaje_id': 'OCUPADO', 'datos': {'descripcion': 'El Servidor está ocupado en este momento. Intente más tarde.'}}
2025-05-09 11:11:50 - __main__ - [WARNING] Otro mensaje recibido. Mensaje enviado: 
Mensaje Enviado: mensaje_id='MARCAR_ADVERSARIO' token='TOKEN-2e476a2a-f69a-41c8-9a3d-deb491ce96cd' datos={'jugador_numero': 9, 'adversario_numero': 1}

Mensaje recibido: None
2025-05-09 11:11:51 - __main__ - [INFO] Reaccionar
2025-05-09 11:11:51 - utils - [INFO] Jugador mas cercano 1
2025-05-09 11:11:51 - __main__ - [INFO] Accion enviada. Mensaje: mensaje_id='MARCAR_ADVERSARIO' token='TOKEN-2e476a2a-f69a-41c8-9a3d-deb491ce96cd' datos={'jugador_numero': 1, 'adversario_numero': 11}
2025-05-09 11:11:51 - __main__ - [INFO] Reaccionar
2025-05-09 11:11:51 - utils - [INFO] Jugador mas cercano 1
2025-05-09 11:11:51 - __main__ - [INFO] Accion enviada. Mensaje: mensaje_id='CORRER' token='TOKEN-2e476a2a-f69a-41c8-9a3d-deb491ce96cd' datos={'movimientos': [{'jugador_numero': 1, 'x': 6, 'y': 19}]}
2025-05-09 11:11:51 - __main__ - [INFO] Reaccionar
2025-05-09 11:11:51 - utils - [INFO] Jugador mas cercano 9
2025-05-09 11:11:51 - __main__ - [INFO] Accion enviada. Mensaje: mensaje_id='MARCAR_ADVERSARIO' token='TOKEN-2e476a2a-f69a-41c8-9a3d-deb491ce96cd' datos={'jugador_numero': 9, 'adversario_numero': 1}
2025-05-09 11:11:51 - __main__ - [INFO] Reaccionar
2025-05-09 11:11:51 - utils - [INFO] Jugador mas cercano 1
2025-05-09 11:11:51 - __main__ - [INFO] Accion enviada. Mensaje: mensaje_id='MARCAR_ADVERSARIO' token='TOKEN-2e476a2a-f69a-41c8-9a3d-deb491ce96cd' datos={'jugador_numero': 1, 'adversario_numero': 11}
2025-05-09 11:11:51 - __main__ - [INFO] Reaccionar
2025-05-09 11:11:51 - utils - [INFO] Jugador mas cercano 1
2025-05-09 11:11:51 - __main__ - [INFO] Accion enviada. Mensaje: mensaje_id='CORRER' token='TOKEN-2e476a2a-f69a-41c8-9a3d-deb491ce96cd' datos={'movimientos': [{'jugador_numero': 1, 'x': 6, 'y': 19}]}
2025-05-09 11:11:51 - __main__ - [INFO] Reaccionar
2025-05-09 11:11:51 - utils - [INFO] Jugador mas cercano 9
2025-05-09 11:11:51 - __main__ - [INFO] Accion enviada. Mensaje: mensaje_id='MARCAR_ADVERSARIO' token='TOKEN-2e476a2a-f69a-41c8-9a3d-deb491ce96cd' datos={'jugador_numero': 9, 'adversario_numero': 1}
2025-05-09 11:11:51 - mensajes - [ERROR] msg_id no interpretado. Data: {'mensaje_id': 'OCUPADO', 'datos': {'descripcion': 'El Servidor está ocupado en este momento. Intente más tarde.'}}
2025-05-09 11:11:51 - __main__ - [WARNING] Otro mensaje recibido. Mensaje enviado: 
Mensaje Enviado: mensaje_id='MARCAR_ADVERSARIO' token='TOKEN-2e476a2a-f69a-41c8-9a3d-deb491ce96cd' datos={'jugador_numero': 9, 'adversario_numero': 1}

Mensaje recibido: None
2025-05-09 11:11:52 - __main__ - [INFO] Reaccionar
2025-05-09 11:11:52 - utils - [INFO] Jugador mas cercano 1
2025-05-09 11:11:52 - __main__ - [INFO] Accion enviada. Mensaje: mensaje_id='MARCAR_ADVERSARIO' token='TOKEN-2e476a2a-f69a-41c8-9a3d-deb491ce96cd' datos={'jugador_numero': 1, 'adversario_numero': 11}
2025-05-09 11:11:52 - __main__ - [INFO] Reaccionar
2025-05-09 11:11:52 - utils - [INFO] Jugador mas cercano 1
2025-05-09 11:11:52 - __main__ - [INFO] Accion enviada. Mensaje: mensaje_id='CORRER' token='TOKEN-2e476a2a-f69a-41c8-9a3d-deb491ce96cd' datos={'movimientos': [{'jugador_numero': 1, 'x': 6, 'y': 19}]}
2025-05-09 11:11:52 - __main__ - [INFO] Reaccionar
2025-05-09 11:11:52 - utils - [INFO] Jugador mas cercano 9
2025-05-09 11:11:52 - __main__ - [INFO] Accion enviada. Mensaje: mensaje_id='MARCAR_ADVERSARIO' token='TOKEN-2e476a2a-f69a-41c8-9a3d-deb491ce96cd' datos={'jugador_numero': 9, 'adversario_numero': 1}
2025-05-09 11:11:52 - __main__ - [INFO] Reaccionar
2025-05-09 11:11:52 - utils - [INFO] Jugador mas cercano 9
2025-05-09 11:11:52 - __main__ - [INFO] Accion enviada. Mensaje: mensaje_id='MARCAR_ADVERSARIO' token='TOKEN-2e476a2a-f69a-41c8-9a3d-deb491ce96cd' datos={'jugador_numero': 9, 'adversario_numero': 4}
2025-05-09 11:11:52 - __main__ - [INFO] Reaccionar
2025-05-09 11:11:52 - utils - [INFO] Jugador mas cercano 1
2025-05-09 11:11:52 - __main__ - [INFO] Accion enviada. Mensaje: mensaje_id='MARCAR_ADVERSARIO' token='TOKEN-2e476a2a-f69a-41c8-9a3d-deb491ce96cd' datos={'jugador_numero': 1, 'adversario_numero': 11}
2025-05-09 11:11:52 - __main__ - [INFO] Reaccionar
2025-05-09 11:11:52 - utils - [INFO] Jugador mas cercano 1
2025-05-09 11:11:52 - __main__ - [INFO] Accion enviada. Mensaje: mensaje_id='CORRER' token='TOKEN-2e476a2a-f69a-41c8-9a3d-deb491ce96cd' datos={'movimientos': [{'jugador_numero': 1, 'x': 6, 'y': 19}]}
2025-05-09 11:11:52 - mensajes - [ERROR] msg_id no interpretado. Data: {'mensaje_id': 'OCUPADO', 'datos': {'descripcion': 'El Servidor está ocupado en este momento. Intente más tarde.'}}
2025-05-09 11:11:52 - __main__ - [WARNING] Otro mensaje recibido. Mensaje enviado: 
Mensaje Enviado: mensaje_id='CORRER' token='TOKEN-2e476a2a-f69a-41c8-9a3d-deb491ce96cd' datos={'movimientos': [{'jugador_numero': 1, 'x': 6, 'y': 19}]}

Mensaje recibido: None
2025-05-09 11:11:53 - __main__ - [INFO] Reaccionar
2025-05-09 11:11:53 - utils - [INFO] Jugador mas cercano 1
2025-05-09 11:11:53 - __main__ - [INFO] Accion enviada. Mensaje: mensaje_id='MARCAR_ADVERSARIO' token='TOKEN-2e476a2a-f69a-41c8-9a3d-deb491ce96cd' datos={'jugador_numero': 1, 'adversario_numero': 11}
2025-05-09 11:11:53 - __main__ - [INFO] Reaccionar
2025-05-09 11:11:53 - utils - [INFO] Jugador mas cercano 1
2025-05-09 11:11:53 - __main__ - [INFO] Accion enviada. Mensaje: mensaje_id='CORRER' token='TOKEN-2e476a2a-f69a-41c8-9a3d-deb491ce96cd' datos={'movimientos': [{'jugador_numero': 1, 'x': 6, 'y': 19}]}
2025-05-09 11:11:53 - __main__ - [INFO] Reaccionar
2025-05-09 11:11:53 - utils - [INFO] Jugador mas cercano 9
2025-05-09 11:11:53 - __main__ - [INFO] Accion enviada. Mensaje: mensaje_id='MARCAR_ADVERSARIO' token='TOKEN-2e476a2a-f69a-41c8-9a3d-deb491ce96cd' datos={'jugador_numero': 9, 'adversario_numero': 4}
2025-05-09 11:11:53 - __main__ - [INFO] Reaccionar
2025-05-09 11:11:53 - utils - [INFO] Jugador mas cercano 9
2025-05-09 11:11:53 - __main__ - [INFO] Accion enviada. Mensaje: mensaje_id='MARCAR_ADVERSARIO' token='TOKEN-2e476a2a-f69a-41c8-9a3d-deb491ce96cd' datos={'jugador_numero': 9, 'adversario_numero': 1}
2025-05-09 11:11:53 - __main__ - [INFO] Reaccionar
2025-05-09 11:11:53 - utils - [INFO] Jugador mas cercano 1
2025-05-09 11:11:53 - __main__ - [INFO] Accion enviada. Mensaje: mensaje_id='MARCAR_ADVERSARIO' token='TOKEN-2e476a2a-f69a-41c8-9a3d-deb491ce96cd' datos={'jugador_numero': 1, 'adversario_numero': 11}
2025-05-09 11:11:53 - __main__ - [INFO] Reaccionar
2025-05-09 11:11:53 - utils - [INFO] Jugador mas cercano 1
2025-05-09 11:11:53 - __main__ - [INFO] Accion enviada. Mensaje: mensaje_id='CORRER' token='TOKEN-2e476a2a-f69a-41c8-9a3d-deb491ce96cd' datos={'movimientos': [{'jugador_numero': 1, 'x': 6, 'y': 19}]}
2025-05-09 11:11:53 - mensajes - [ERROR] msg_id no interpretado. Data: {'mensaje_id': 'OCUPADO', 'datos': {'descripcion': 'El Servidor está ocupado en este momento. Intente más tarde.'}}
2025-05-09 11:11:53 - __main__ - [WARNING] Otro mensaje recibido. Mensaje enviado: 
Mensaje Enviado: mensaje_id='CORRER' token='TOKEN-2e476a2a-f69a-41c8-9a3d-deb491ce96cd' datos={'movimientos': [{'jugador_numero': 1, 'x': 6, 'y': 19}]}

Mensaje recibido: None
2025-05-09 11:11:54 - __main__ - [INFO] Reaccionar
2025-05-09 11:11:54 - utils - [INFO] Jugador mas cercano 1
2025-05-09 11:11:54 - __main__ - [INFO] Accion enviada. Mensaje: mensaje_id='MARCAR_ADVERSARIO' token='TOKEN-2e476a2a-f69a-41c8-9a3d-deb491ce96cd' datos={'jugador_numero': 1, 'adversario_numero': 11}
2025-05-09 11:11:54 - __main__ - [INFO] Reaccionar
2025-05-09 11:11:54 - utils - [INFO] Jugador mas cercano 1
2025-05-09 11:11:54 - __main__ - [INFO] Accion enviada. Mensaje: mensaje_id='CORRER' token='TOKEN-2e476a2a-f69a-41c8-9a3d-deb491ce96cd' datos={'movimientos': [{'jugador_numero': 1, 'x': 6, 'y': 19}]}
2025-05-09 11:11:54 - __main__ - [INFO] Reaccionar
2025-05-09 11:11:54 - utils - [INFO] Jugador mas cercano 9
2025-05-09 11:11:54 - __main__ - [INFO] Accion enviada. Mensaje: mensaje_id='MARCAR_ADVERSARIO' token='TOKEN-2e476a2a-f69a-41c8-9a3d-deb491ce96cd' datos={'jugador_numero': 9, 'adversario_numero': 1}
2025-05-09 11:11:54 - __main__ - [INFO] Reaccionar
2025-05-09 11:11:54 - utils - [INFO] Jugador mas cercano 9
2025-05-09 11:11:54 - __main__ - [INFO] Accion enviada. Mensaje: mensaje_id='MARCAR_ADVERSARIO' token='TOKEN-2e476a2a-f69a-41c8-9a3d-deb491ce96cd' datos={'jugador_numero': 9, 'adversario_numero': 4}
2025-05-09 11:11:54 - __main__ - [INFO] Reaccionar
2025-05-09 11:11:54 - utils - [INFO] Jugador mas cercano 1
2025-05-09 11:11:54 - __main__ - [INFO] Accion enviada. Mensaje: mensaje_id='MARCAR_ADVERSARIO' token='TOKEN-2e476a2a-f69a-41c8-9a3d-deb491ce96cd' datos={'jugador_numero': 1, 'adversario_numero': 11}
2025-05-09 11:11:54 - __main__ - [INFO] Reaccionar
2025-05-09 11:11:54 - utils - [INFO] Jugador mas cercano 1
2025-05-09 11:11:54 - __main__ - [INFO] Accion enviada. Mensaje: mensaje_id='CORRER' token='TOKEN-2e476a2a-f69a-41c8-9a3d-deb491ce96cd' datos={'movimientos': [{'jugador_numero': 1, 'x': 6, 'y': 19}]}
2025-05-09 11:11:54 - mensajes - [ERROR] msg_id no interpretado. Data: {'mensaje_id': 'OCUPADO', 'datos': {'descripcion': 'El Servidor está ocupado en este momento. Intente más tarde.'}}
2025-05-09 11:11:54 - __main__ - [WARNING] Otro mensaje recibido. Mensaje enviado: 
Mensaje Enviado: mensaje_id='CORRER' token='TOKEN-2e476a2a-f69a-41c8-9a3d-deb491ce96cd' datos={'movimientos': [{'jugador_numero': 1, 'x': 6, 'y': 19}]}

Mensaje recibido: None
2025-05-09 11:11:55 - __main__ - [INFO] Reaccionar
2025-05-09 11:11:55 - utils - [INFO] Jugador mas cercano 1
2025-05-09 11:11:55 - __main__ - [INFO] Accion enviada. Mensaje: mensaje_id='MARCAR_ADVERSARIO' token='TOKEN-2e476a2a-f69a-41c8-9a3d-deb491ce96cd' datos={'jugador_numero': 1, 'adversario_numero': 11}
2025-05-09 11:11:55 - __main__ - [INFO] Reaccionar
2025-05-09 11:11:55 - utils - [INFO] Jugador mas cercano 1
2025-05-09 11:11:55 - __main__ - [INFO] Accion enviada. Mensaje: mensaje_id='CORRER' token='TOKEN-2e476a2a-f69a-41c8-9a3d-deb491ce96cd' datos={'movimientos': [{'jugador_numero': 1, 'x': 6, 'y': 19}]}
2025-05-09 11:11:55 - __main__ - [INFO] Reaccionar
2025-05-09 11:11:55 - utils - [INFO] Jugador mas cercano 9
2025-05-09 11:11:55 - __main__ - [INFO] Accion enviada. Mensaje: mensaje_id='MARCAR_ADVERSARIO' token='TOKEN-2e476a2a-f69a-41c8-9a3d-deb491ce96cd' datos={'jugador_numero': 9, 'adversario_numero': 1}
2025-05-09 11:11:55 - __main__ - [INFO] Reaccionar
2025-05-09 11:11:55 - utils - [INFO] Jugador mas cercano 9
2025-05-09 11:11:55 - __main__ - [INFO] Accion enviada. Mensaje: mensaje_id='MARCAR_ADVERSARIO' token='TOKEN-2e476a2a-f69a-41c8-9a3d-deb491ce96cd' datos={'jugador_numero': 9, 'adversario_numero': 4}
2025-05-09 11:11:55 - __main__ - [INFO] Reaccionar
2025-05-09 11:11:55 - utils - [INFO] Jugador mas cercano 1
2025-05-09 11:11:55 - __main__ - [INFO] Accion enviada. Mensaje: mensaje_id='MARCAR_ADVERSARIO' token='TOKEN-2e476a2a-f69a-41c8-9a3d-deb491ce96cd' datos={'jugador_numero': 1, 'adversario_numero': 11}
2025-05-09 11:11:55 - __main__ - [INFO] Reaccionar
2025-05-09 11:11:55 - utils - [INFO] Jugador mas cercano 1
2025-05-09 11:11:55 - __main__ - [INFO] Accion enviada. Mensaje: mensaje_id='CORRER' token='TOKEN-2e476a2a-f69a-41c8-9a3d-deb491ce96cd' datos={'movimientos': [{'jugador_numero': 1, 'x': 6, 'y': 19}]}
2025-05-09 11:11:55 - mensajes - [ERROR] msg_id no interpretado. Data: {'mensaje_id': 'OCUPADO', 'datos': {'descripcion': 'El Servidor está ocupado en este momento. Intente más tarde.'}}
2025-05-09 11:11:55 - __main__ - [WARNING] Otro mensaje recibido. Mensaje enviado: 
Mensaje Enviado: mensaje_id='CORRER' token='TOKEN-2e476a2a-f69a-41c8-9a3d-deb491ce96cd' datos={'movimientos': [{'jugador_numero': 1, 'x': 6, 'y': 19}]}

Mensaje recibido: None
2025-05-09 11:11:56 - __main__ - [INFO] Reaccionar
2025-05-09 11:11:56 - utils - [INFO] Jugador mas cercano 1
2025-05-09 11:11:56 - __main__ - [INFO] Accion enviada. Mensaje: mensaje_id='MARCAR_ADVERSARIO' token='TOKEN-2e476a2a-f69a-41c8-9a3d-deb491ce96cd' datos={'jugador_numero': 1, 'adversario_numero': 11}
2025-05-09 11:11:56 - __main__ - [INFO] Reaccionar
2025-05-09 11:11:56 - utils - [INFO] Jugador mas cercano 1
2025-05-09 11:11:56 - __main__ - [INFO] Accion enviada. Mensaje: mensaje_id='CORRER' token='TOKEN-2e476a2a-f69a-41c8-9a3d-deb491ce96cd' datos={'movimientos': [{'jugador_numero': 1, 'x': 6, 'y': 19}]}
2025-05-09 11:11:56 - __main__ - [INFO] Reaccionar
2025-05-09 11:11:56 - utils - [INFO] Jugador mas cercano 9
2025-05-09 11:11:56 - __main__ - [INFO] Accion enviada. Mensaje: mensaje_id='MARCAR_ADVERSARIO' token='TOKEN-2e476a2a-f69a-41c8-9a3d-deb491ce96cd' datos={'jugador_numero': 9, 'adversario_numero': 4}
2025-05-09 11:11:56 - __main__ - [INFO] Reaccionar
2025-05-09 11:11:56 - utils - [INFO] Jugador mas cercano 1
2025-05-09 11:11:56 - __main__ - [INFO] Accion enviada. Mensaje: mensaje_id='MARCAR_ADVERSARIO' token='TOKEN-2e476a2a-f69a-41c8-9a3d-deb491ce96cd' datos={'jugador_numero': 1, 'adversario_numero': 11}
2025-05-09 11:11:56 - __main__ - [INFO] Reaccionar
2025-05-09 11:11:56 - utils - [INFO] Jugador mas cercano 1
2025-05-09 11:11:56 - __main__ - [INFO] Accion enviada. Mensaje: mensaje_id='CORRER' token='TOKEN-2e476a2a-f69a-41c8-9a3d-deb491ce96cd' datos={'movimientos': [{'jugador_numero': 1, 'x': 6, 'y': 19}]}
2025-05-09 11:11:56 - __main__ - [INFO] Reaccionar
2025-05-09 11:11:56 - utils - [INFO] Jugador mas cercano 9
2025-05-09 11:11:56 - __main__ - [INFO] Accion enviada. Mensaje: mensaje_id='MARCAR_ADVERSARIO' token='TOKEN-2e476a2a-f69a-41c8-9a3d-deb491ce96cd' datos={'jugador_numero': 9, 'adversario_numero': 1}
2025-05-09 11:11:56 - mensajes - [ERROR] msg_id no interpretado. Data: {'mensaje_id': 'OCUPADO', 'datos': {'descripcion': 'El Servidor está ocupado en este momento. Intente más tarde.'}}
2025-05-09 11:11:56 - __main__ - [WARNING] Otro mensaje recibido. Mensaje enviado: 
Mensaje Enviado: mensaje_id='MARCAR_ADVERSARIO' token='TOKEN-2e476a2a-f69a-41c8-9a3d-deb491ce96cd' datos={'jugador_numero': 9, 'adversario_numero': 1}

Mensaje recibido: None
2025-05-09 11:11:57 - __main__ - [INFO] Reaccionar
2025-05-09 11:11:57 - utils - [INFO] Jugador mas cercano 1
2025-05-09 11:11:57 - __main__ - [INFO] Accion enviada. Mensaje: mensaje_id='MARCAR_ADVERSARIO' token='TOKEN-2e476a2a-f69a-41c8-9a3d-deb491ce96cd' datos={'jugador_numero': 1, 'adversario_numero': 11}
2025-05-09 11:11:57 - __main__ - [INFO] Reaccionar
2025-05-09 11:11:57 - utils - [INFO] Jugador mas cercano 1
2025-05-09 11:11:57 - __main__ - [INFO] Accion enviada. Mensaje: mensaje_id='CORRER' token='TOKEN-2e476a2a-f69a-41c8-9a3d-deb491ce96cd' datos={'movimientos': [{'jugador_numero': 1, 'x': 6, 'y': 19}]}
2025-05-09 11:11:57 - __main__ - [INFO] Reaccionar
2025-05-09 11:11:57 - utils - [INFO] Jugador mas cercano 9
2025-05-09 11:11:57 - __main__ - [INFO] Accion enviada. Mensaje: mensaje_id='MARCAR_ADVERSARIO' token='TOKEN-2e476a2a-f69a-41c8-9a3d-deb491ce96cd' datos={'jugador_numero': 9, 'adversario_numero': 1}
2025-05-09 11:11:57 - __main__ - [INFO] Reaccionar
2025-05-09 11:11:57 - utils - [INFO] Jugador mas cercano 1
2025-05-09 11:11:57 - __main__ - [INFO] Accion enviada. Mensaje: mensaje_id='MARCAR_ADVERSARIO' token='TOKEN-2e476a2a-f69a-41c8-9a3d-deb491ce96cd' datos={'jugador_numero': 1, 'adversario_numero': 11}
2025-05-09 11:11:57 - __main__ - [INFO] Reaccionar
2025-05-09 11:11:57 - utils - [INFO] Jugador mas cercano 1
2025-05-09 11:11:57 - __main__ - [INFO] Accion enviada. Mensaje: mensaje_id='CORRER' token='TOKEN-2e476a2a-f69a-41c8-9a3d-deb491ce96cd' datos={'movimientos': [{'jugador_numero': 1, 'x': 6, 'y': 19}]}
2025-05-09 11:11:57 - __main__ - [INFO] Reaccionar
2025-05-09 11:11:57 - utils - [INFO] Jugador mas cercano 9
2025-05-09 11:11:57 - __main__ - [INFO] Accion enviada. Mensaje: mensaje_id='MARCAR_ADVERSARIO' token='TOKEN-2e476a2a-f69a-41c8-9a3d-deb491ce96cd' datos={'jugador_numero': 9, 'adversario_numero': 4}
2025-05-09 11:11:57 - mensajes - [ERROR] msg_id no interpretado. Data: {'mensaje_id': 'OCUPADO', 'datos': {'descripcion': 'El Servidor está ocupado en este momento. Intente más tarde.'}}
2025-05-09 11:11:57 - __main__ - [WARNING] Otro mensaje recibido. Mensaje enviado: 
Mensaje Enviado: mensaje_id='MARCAR_ADVERSARIO' token='TOKEN-2e476a2a-f69a-41c8-9a3d-deb491ce96cd' datos={'jugador_numero': 9, 'adversario_numero': 4}

Mensaje recibido: None
2025-05-09 11:11:58 - __main__ - [INFO] Reaccionar
2025-05-09 11:11:58 - utils - [INFO] Jugador mas cercano 1
2025-05-09 11:11:58 - __main__ - [INFO] Accion enviada. Mensaje: mensaje_id='MARCAR_ADVERSARIO' token='TOKEN-2e476a2a-f69a-41c8-9a3d-deb491ce96cd' datos={'jugador_numero': 1, 'adversario_numero': 11}
2025-05-09 11:11:58 - __main__ - [INFO] Reaccionar
2025-05-09 11:11:58 - utils - [INFO] Jugador mas cercano 1
2025-05-09 11:11:58 - __main__ - [INFO] Accion enviada. Mensaje: mensaje_id='CORRER' token='TOKEN-2e476a2a-f69a-41c8-9a3d-deb491ce96cd' datos={'movimientos': [{'jugador_numero': 1, 'x': 6, 'y': 19}]}
2025-05-09 11:11:58 - __main__ - [INFO] Reaccionar
2025-05-09 11:11:58 - utils - [INFO] Jugador mas cercano 9
2025-05-09 11:11:58 - __main__ - [INFO] Accion enviada. Mensaje: mensaje_id='MARCAR_ADVERSARIO' token='TOKEN-2e476a2a-f69a-41c8-9a3d-deb491ce96cd' datos={'jugador_numero': 9, 'adversario_numero': 1}
2025-05-09 11:11:58 - __main__ - [INFO] Reaccionar
2025-05-09 11:11:58 - utils - [INFO] Jugador mas cercano 9
2025-05-09 11:11:58 - __main__ - [INFO] Accion enviada. Mensaje: mensaje_id='MARCAR_ADVERSARIO' token='TOKEN-2e476a2a-f69a-41c8-9a3d-deb491ce96cd' datos={'jugador_numero': 9, 'adversario_numero': 1}
2025-05-09 11:11:58 - __main__ - [INFO] Reaccionar
2025-05-09 11:11:58 - utils - [INFO] Jugador mas cercano 1
2025-05-09 11:11:58 - __main__ - [INFO] Accion enviada. Mensaje: mensaje_id='MARCAR_ADVERSARIO' token='TOKEN-2e476a2a-f69a-41c8-9a3d-deb491ce96cd' datos={'jugador_numero': 1, 'adversario_numero': 11}
2025-05-09 11:11:58 - __main__ - [INFO] Reaccionar
2025-05-09 11:11:58 - utils - [INFO] Jugador mas cercano 1
2025-05-09 11:11:58 - __main__ - [INFO] Accion enviada. Mensaje: mensaje_id='CORRER' token='TOKEN-2e476a2a-f69a-41c8-9a3d-deb491ce96cd' datos={'movimientos': [{'jugador_numero': 1, 'x': 6, 'y': 19}]}
2025-05-09 11:11:58 - mensajes - [ERROR] msg_id no interpretado. Data: {'mensaje_id': 'OCUPADO', 'datos': {'descripcion': 'El Servidor está ocupado en este momento. Intente más tarde.'}}
2025-05-09 11:11:58 - __main__ - [WARNING] Otro mensaje recibido. Mensaje enviado: 
Mensaje Enviado: mensaje_id='CORRER' token='TOKEN-2e476a2a-f69a-41c8-9a3d-deb491ce96cd' datos={'movimientos': [{'jugador_numero': 1, 'x': 6, 'y': 19}]}

Mensaje recibido: None
2025-05-09 11:11:59 - __main__ - [INFO] Reaccionar
2025-05-09 11:11:59 - utils - [INFO] Jugador mas cercano 1
2025-05-09 11:11:59 - __main__ - [INFO] Accion enviada. Mensaje: mensaje_id='MARCAR_ADVERSARIO' token='TOKEN-2e476a2a-f69a-41c8-9a3d-deb491ce96cd' datos={'jugador_numero': 1, 'adversario_numero': 11}
2025-05-09 11:11:59 - __main__ - [INFO] Reaccionar
2025-05-09 11:11:59 - utils - [INFO] Jugador mas cercano 1
2025-05-09 11:11:59 - __main__ - [INFO] Accion enviada. Mensaje: mensaje_id='CORRER' token='TOKEN-2e476a2a-f69a-41c8-9a3d-deb491ce96cd' datos={'movimientos': [{'jugador_numero': 1, 'x': 6, 'y': 19}]}
2025-05-09 11:11:59 - __main__ - [INFO] Reaccionar
2025-05-09 11:11:59 - utils - [INFO] Jugador mas cercano 9
2025-05-09 11:11:59 - __main__ - [INFO] Accion enviada. Mensaje: mensaje_id='MARCAR_ADVERSARIO' token='TOKEN-2e476a2a-f69a-41c8-9a3d-deb491ce96cd' datos={'jugador_numero': 9, 'adversario_numero': 1}
2025-05-09 11:11:59 - __main__ - [INFO] Reaccionar
2025-05-09 11:11:59 - utils - [INFO] Jugador mas cercano 1
2025-05-09 11:11:59 - __main__ - [INFO] Accion enviada. Mensaje: mensaje_id='MARCAR_ADVERSARIO' token='TOKEN-2e476a2a-f69a-41c8-9a3d-deb491ce96cd' datos={'jugador_numero': 1, 'adversario_numero': 11}
2025-05-09 11:11:59 - __main__ - [INFO] Reaccionar
2025-05-09 11:11:59 - utils - [INFO] Jugador mas cercano 1
2025-05-09 11:11:59 - __main__ - [INFO] Accion enviada. Mensaje: mensaje_id='CORRER' token='TOKEN-2e476a2a-f69a-41c8-9a3d-deb491ce96cd' datos={'movimientos': [{'jugador_numero': 1, 'x': 6, 'y': 19}]}
2025-05-09 11:11:59 - __main__ - [INFO] Reaccionar
2025-05-09 11:11:59 - utils - [INFO] Jugador mas cercano 9
2025-05-09 11:11:59 - __main__ - [INFO] Accion enviada. Mensaje: mensaje_id='MARCAR_ADVERSARIO' token='TOKEN-2e476a2a-f69a-41c8-9a3d-deb491ce96cd' datos={'jugador_numero': 9, 'adversario_numero': 4}
2025-05-09 11:11:59 - mensajes - [ERROR] msg_id no interpretado. Data: {'mensaje_id': 'OCUPADO', 'datos': {'descripcion': 'El Servidor está ocupado en este momento. Intente más tarde.'}}
2025-05-09 11:11:59 - __main__ - [WARNING] Otro mensaje recibido. Mensaje enviado: 
Mensaje Enviado: mensaje_id='MARCAR_ADVERSARIO' token='TOKEN-2e476a2a-f69a-41c8-9a3d-deb491ce96cd' datos={'jugador_numero': 9, 'adversario_numero': 4}

Mensaje recibido: None
2025-05-09 11:12:00 - __main__ - [INFO] Reaccionar
2025-05-09 11:12:00 - utils - [INFO] Jugador mas cercano 1
2025-05-09 11:12:00 - __main__ - [INFO] Accion enviada. Mensaje: mensaje_id='MARCAR_ADVERSARIO' token='TOKEN-2e476a2a-f69a-41c8-9a3d-deb491ce96cd' datos={'jugador_numero': 1, 'adversario_numero': 11}
2025-05-09 11:12:00 - __main__ - [INFO] Reaccionar
2025-05-09 11:12:00 - utils - [INFO] Jugador mas cercano 1
2025-05-09 11:12:00 - __main__ - [INFO] Accion enviada. Mensaje: mensaje_id='CORRER' token='TOKEN-2e476a2a-f69a-41c8-9a3d-deb491ce96cd' datos={'movimientos': [{'jugador_numero': 1, 'x': 6, 'y': 19}]}
2025-05-09 11:12:00 - __main__ - [INFO] Reaccionar
2025-05-09 11:12:00 - utils - [INFO] Jugador mas cercano 9
2025-05-09 11:12:00 - __main__ - [INFO] Accion enviada. Mensaje: mensaje_id='MARCAR_ADVERSARIO' token='TOKEN-2e476a2a-f69a-41c8-9a3d-deb491ce96cd' datos={'jugador_numero': 9, 'adversario_numero': 4}
2025-05-09 11:12:00 - __main__ - [INFO] Reaccionar
2025-05-09 11:12:00 - utils - [INFO] Jugador mas cercano 9
2025-05-09 11:12:00 - __main__ - [INFO] Accion enviada. Mensaje: mensaje_id='MARCAR_ADVERSARIO' token='TOKEN-2e476a2a-f69a-41c8-9a3d-deb491ce96cd' datos={'jugador_numero': 9, 'adversario_numero': 1}
2025-05-09 11:12:00 - __main__ - [INFO] Reaccionar
2025-05-09 11:12:00 - utils - [INFO] Jugador mas cercano 1
2025-05-09 11:12:00 - __main__ - [INFO] Accion enviada. Mensaje: mensaje_id='MARCAR_ADVERSARIO' token='TOKEN-2e476a2a-f69a-41c8-9a3d-deb491ce96cd' datos={'jugador_numero': 1, 'adversario_numero': 11}
2025-05-09 11:12:00 - __main__ - [INFO] Reaccionar
2025-05-09 11:12:00 - utils - [INFO] Jugador mas cercano 1
2025-05-09 11:12:00 - __main__ - [INFO] Accion enviada. Mensaje: mensaje_id='CORRER' token='TOKEN-2e476a2a-f69a-41c8-9a3d-deb491ce96cd' datos={'movimientos': [{'jugador_numero': 1, 'x': 6, 'y': 19}]}
2025-05-09 11:12:00 - mensajes - [ERROR] msg_id no interpretado. Data: {'mensaje_id': 'OCUPADO', 'datos': {'descripcion': 'El Servidor está ocupado en este momento. Intente más tarde.'}}
2025-05-09 11:12:00 - __main__ - [WARNING] Otro mensaje recibido. Mensaje enviado: 
Mensaje Enviado: mensaje_id='CORRER' token='TOKEN-2e476a2a-f69a-41c8-9a3d-deb491ce96cd' datos={'movimientos': [{'jugador_numero': 1, 'x': 6, 'y': 19}]}

Mensaje recibido: None
2025-05-09 11:12:01 - __main__ - [INFO] Reaccionar
2025-05-09 11:12:01 - utils - [INFO] Jugador mas cercano 1
2025-05-09 11:12:01 - __main__ - [INFO] Accion enviada. Mensaje: mensaje_id='MARCAR_ADVERSARIO' token='TOKEN-2e476a2a-f69a-41c8-9a3d-deb491ce96cd' datos={'jugador_numero': 1, 'adversario_numero': 11}
2025-05-09 11:12:01 - __main__ - [INFO] Reaccionar
2025-05-09 11:12:01 - utils - [INFO] Jugador mas cercano 1
2025-05-09 11:12:01 - __main__ - [INFO] Accion enviada. Mensaje: mensaje_id='CORRER' token='TOKEN-2e476a2a-f69a-41c8-9a3d-deb491ce96cd' datos={'movimientos': [{'jugador_numero': 1, 'x': 6, 'y': 19}]}
2025-05-09 11:12:01 - __main__ - [INFO] Reaccionar
2025-05-09 11:12:01 - utils - [INFO] Jugador mas cercano 9
2025-05-09 11:12:01 - __main__ - [INFO] Accion enviada. Mensaje: mensaje_id='MARCAR_ADVERSARIO' token='TOKEN-2e476a2a-f69a-41c8-9a3d-deb491ce96cd' datos={'jugador_numero': 9, 'adversario_numero': 1}
2025-05-09 11:12:01 - __main__ - [INFO] Reaccionar
2025-05-09 11:12:01 - utils - [INFO] Jugador mas cercano 1
2025-05-09 11:12:01 - __main__ - [INFO] Accion enviada. Mensaje: mensaje_id='MARCAR_ADVERSARIO' token='TOKEN-2e476a2a-f69a-41c8-9a3d-deb491ce96cd' datos={'jugador_numero': 1, 'adversario_numero': 11}
2025-05-09 11:12:01 - __main__ - [INFO] Reaccionar
2025-05-09 11:12:01 - utils - [INFO] Jugador mas cercano 1
2025-05-09 11:12:01 - __main__ - [INFO] Accion enviada. Mensaje: mensaje_id='CORRER' token='TOKEN-2e476a2a-f69a-41c8-9a3d-deb491ce96cd' datos={'movimientos': [{'jugador_numero': 1, 'x': 6, 'y': 19}]}
2025-05-09 11:12:01 - __main__ - [INFO] Reaccionar
2025-05-09 11:12:01 - utils - [INFO] Jugador mas cercano 9
2025-05-09 11:12:01 - __main__ - [INFO] Accion enviada. Mensaje: mensaje_id='MARCAR_ADVERSARIO' token='TOKEN-2e476a2a-f69a-41c8-9a3d-deb491ce96cd' datos={'jugador_numero': 9, 'adversario_numero': 4}
2025-05-09 11:12:01 - mensajes - [ERROR] msg_id no interpretado. Data: {'mensaje_id': 'OCUPADO', 'datos': {'descripcion': 'El Servidor está ocupado en este momento. Intente más tarde.'}}
2025-05-09 11:12:01 - __main__ - [WARNING] Otro mensaje recibido. Mensaje enviado: 
Mensaje Enviado: mensaje_id='MARCAR_ADVERSARIO' token='TOKEN-2e476a2a-f69a-41c8-9a3d-deb491ce96cd' datos={'jugador_numero': 9, 'adversario_numero': 4}

Mensaje recibido: None
2025-05-09 11:12:02 - __main__ - [INFO] Reaccionar
2025-05-09 11:12:02 - utils - [INFO] Jugador mas cercano 1
2025-05-09 11:12:02 - __main__ - [INFO] Accion enviada. Mensaje: mensaje_id='MARCAR_ADVERSARIO' token='TOKEN-2e476a2a-f69a-41c8-9a3d-deb491ce96cd' datos={'jugador_numero': 1, 'adversario_numero': 11}
2025-05-09 11:12:02 - __main__ - [INFO] Reaccionar
2025-05-09 11:12:02 - utils - [INFO] Jugador mas cercano 1
2025-05-09 11:12:02 - __main__ - [INFO] Accion enviada. Mensaje: mensaje_id='CORRER' token='TOKEN-2e476a2a-f69a-41c8-9a3d-deb491ce96cd' datos={'movimientos': [{'jugador_numero': 1, 'x': 6, 'y': 19}]}
2025-05-09 11:12:02 - __main__ - [INFO] Reaccionar
2025-05-09 11:12:02 - utils - [INFO] Jugador mas cercano 9
2025-05-09 11:12:02 - __main__ - [INFO] Accion enviada. Mensaje: mensaje_id='MARCAR_ADVERSARIO' token='TOKEN-2e476a2a-f69a-41c8-9a3d-deb491ce96cd' datos={'jugador_numero': 9, 'adversario_numero': 1}
2025-05-09 11:12:02 - __main__ - [INFO] Reaccionar
2025-05-09 11:12:02 - utils - [INFO] Jugador mas cercano 1
2025-05-09 11:12:02 - __main__ - [INFO] Accion enviada. Mensaje: mensaje_id='MARCAR_ADVERSARIO' token='TOKEN-2e476a2a-f69a-41c8-9a3d-deb491ce96cd' datos={'jugador_numero': 1, 'adversario_numero': 11}
2025-05-09 11:12:02 - __main__ - [INFO] Reaccionar
2025-05-09 11:12:02 - utils - [INFO] Jugador mas cercano 1
2025-05-09 11:12:02 - __main__ - [INFO] Accion enviada. Mensaje: mensaje_id='CORRER' token='TOKEN-2e476a2a-f69a-41c8-9a3d-deb491ce96cd' datos={'movimientos': [{'jugador_numero': 1, 'x': 6, 'y': 19}]}
2025-05-09 11:12:02 - __main__ - [INFO] Reaccionar
2025-05-09 11:12:02 - utils - [INFO] Jugador mas cercano 9
2025-05-09 11:12:02 - __main__ - [INFO] Accion enviada. Mensaje: mensaje_id='MARCAR_ADVERSARIO' token='TOKEN-2e476a2a-f69a-41c8-9a3d-deb491ce96cd' datos={'jugador_numero': 9, 'adversario_numero': 1}
2025-05-09 11:12:02 - mensajes - [ERROR] msg_id no interpretado. Data: {'mensaje_id': 'OCUPADO', 'datos': {'descripcion': 'El Servidor está ocupado en este momento. Intente más tarde.'}}
2025-05-09 11:12:02 - __main__ - [WARNING] Otro mensaje recibido. Mensaje enviado: 
Mensaje Enviado: mensaje_id='MARCAR_ADVERSARIO' token='TOKEN-2e476a2a-f69a-41c8-9a3d-deb491ce96cd' datos={'jugador_numero': 9, 'adversario_numero': 1}

Mensaje recibido: None
2025-05-09 11:12:03 - __main__ - [INFO] Reaccionar
2025-05-09 11:12:03 - utils - [INFO] Jugador mas cercano 1
2025-05-09 11:12:03 - __main__ - [INFO] Accion enviada. Mensaje: mensaje_id='MARCAR_ADVERSARIO' token='TOKEN-2e476a2a-f69a-41c8-9a3d-deb491ce96cd' datos={'jugador_numero': 1, 'adversario_numero': 11}
2025-05-09 11:12:03 - __main__ - [INFO] Reaccionar
2025-05-09 11:12:03 - utils - [INFO] Jugador mas cercano 1
2025-05-09 11:12:03 - __main__ - [INFO] Accion enviada. Mensaje: mensaje_id='CORRER' token='TOKEN-2e476a2a-f69a-41c8-9a3d-deb491ce96cd' datos={'movimientos': [{'jugador_numero': 1, 'x': 6, 'y': 19}]}
2025-05-09 11:12:03 - __main__ - [INFO] Reaccionar
2025-05-09 11:12:03 - utils - [INFO] Jugador mas cercano 9
2025-05-09 11:12:03 - __main__ - [INFO] Accion enviada. Mensaje: mensaje_id='MARCAR_ADVERSARIO' token='TOKEN-2e476a2a-f69a-41c8-9a3d-deb491ce96cd' datos={'jugador_numero': 9, 'adversario_numero': 1}
2025-05-09 11:12:03 - __main__ - [INFO] Reaccionar
2025-05-09 11:12:03 - utils - [INFO] Jugador mas cercano 1
2025-05-09 11:12:03 - __main__ - [INFO] Accion enviada. Mensaje: mensaje_id='MARCAR_ADVERSARIO' token='TOKEN-2e476a2a-f69a-41c8-9a3d-deb491ce96cd' datos={'jugador_numero': 1, 'adversario_numero': 11}
2025-05-09 11:12:03 - __main__ - [INFO] Reaccionar
2025-05-09 11:12:03 - utils - [INFO] Jugador mas cercano 1
2025-05-09 11:12:03 - __main__ - [INFO] Accion enviada. Mensaje: mensaje_id='CORRER' token='TOKEN-2e476a2a-f69a-41c8-9a3d-deb491ce96cd' datos={'movimientos': [{'jugador_numero': 1, 'x': 6, 'y': 19}]}
2025-05-09 11:12:03 - __main__ - [INFO] Reaccionar
2025-05-09 11:12:03 - utils - [INFO] Jugador mas cercano 9
2025-05-09 11:12:03 - __main__ - [INFO] Accion enviada. Mensaje: mensaje_id='MARCAR_ADVERSARIO' token='TOKEN-2e476a2a-f69a-41c8-9a3d-deb491ce96cd' datos={'jugador_numero': 9, 'adversario_numero': 1}
2025-05-09 11:12:03 - mensajes - [ERROR] msg_id no interpretado. Data: {'mensaje_id': 'OCUPADO', 'datos': {'descripcion': 'El Servidor está ocupado en este momento. Intente más tarde.'}}
2025-05-09 11:12:03 - __main__ - [WARNING] Otro mensaje recibido. Mensaje enviado: 
Mensaje Enviado: mensaje_id='MARCAR_ADVERSARIO' token='TOKEN-2e476a2a-f69a-41c8-9a3d-deb491ce96cd' datos={'jugador_numero': 9, 'adversario_numero': 1}

Mensaje recibido: None
2025-05-09 11:12:04 - __main__ - [INFO] Reaccionar
2025-05-09 11:12:04 - utils - [INFO] Jugador mas cercano 9
2025-05-09 11:12:04 - __main__ - [INFO] Accion enviada. Mensaje: mensaje_id='MARCAR_ADVERSARIO' token='TOKEN-2e476a2a-f69a-41c8-9a3d-deb491ce96cd' datos={'jugador_numero': 9, 'adversario_numero': 4}
2025-05-09 11:12:04 - __main__ - [INFO] Reaccionar
2025-05-09 11:12:04 - utils - [INFO] Jugador mas cercano 1
2025-05-09 11:12:04 - __main__ - [INFO] Accion enviada. Mensaje: mensaje_id='MARCAR_ADVERSARIO' token='TOKEN-2e476a2a-f69a-41c8-9a3d-deb491ce96cd' datos={'jugador_numero': 1, 'adversario_numero': 11}
2025-05-09 11:12:04 - __main__ - [INFO] Reaccionar
2025-05-09 11:12:04 - utils - [INFO] Jugador mas cercano 1
2025-05-09 11:12:04 - __main__ - [INFO] Accion enviada. Mensaje: mensaje_id='CORRER' token='TOKEN-2e476a2a-f69a-41c8-9a3d-deb491ce96cd' datos={'movimientos': [{'jugador_numero': 1, 'x': 6, 'y': 19}]}
2025-05-09 11:12:04 - __main__ - [INFO] Reaccionar
2025-05-09 11:12:04 - utils - [INFO] Jugador mas cercano 9
2025-05-09 11:12:04 - __main__ - [INFO] Accion enviada. Mensaje: mensaje_id='MARCAR_ADVERSARIO' token='TOKEN-2e476a2a-f69a-41c8-9a3d-deb491ce96cd' datos={'jugador_numero': 9, 'adversario_numero': 4}
2025-05-09 11:12:04 - __main__ - [INFO] Reaccionar
2025-05-09 11:12:04 - utils - [INFO] Jugador mas cercano 1
2025-05-09 11:12:04 - __main__ - [INFO] Accion enviada. Mensaje: mensaje_id='MARCAR_ADVERSARIO' token='TOKEN-2e476a2a-f69a-41c8-9a3d-deb491ce96cd' datos={'jugador_numero': 1, 'adversario_numero': 11}
2025-05-09 11:12:04 - __main__ - [INFO] Reaccionar
2025-05-09 11:12:04 - utils - [INFO] Jugador mas cercano 1
2025-05-09 11:12:04 - __main__ - [INFO] Accion enviada. Mensaje: mensaje_id='CORRER' token='TOKEN-2e476a2a-f69a-41c8-9a3d-deb491ce96cd' datos={'movimientos': [{'jugador_numero': 1, 'x': 6, 'y': 19}]}
2025-05-09 11:12:04 - mensajes - [ERROR] msg_id no interpretado. Data: {'mensaje_id': 'OCUPADO', 'datos': {'descripcion': 'El Servidor está ocupado en este momento. Intente más tarde.'}}
2025-05-09 11:12:04 - __main__ - [WARNING] Otro mensaje recibido. Mensaje enviado: 
Mensaje Enviado: mensaje_id='CORRER' token='TOKEN-2e476a2a-f69a-41c8-9a3d-deb491ce96cd' datos={'movimientos': [{'jugador_numero': 1, 'x': 6, 'y': 19}]}

Mensaje recibido: None
2025-05-09 11:12:05 - __main__ - [INFO] Reaccionar
2025-05-09 11:12:05 - utils - [INFO] Jugador mas cercano 1
2025-05-09 11:12:05 - __main__ - [INFO] Accion enviada. Mensaje: mensaje_id='MARCAR_ADVERSARIO' token='TOKEN-2e476a2a-f69a-41c8-9a3d-deb491ce96cd' datos={'jugador_numero': 1, 'adversario_numero': 11}
2025-05-09 11:12:05 - __main__ - [INFO] Reaccionar
2025-05-09 11:12:05 - utils - [INFO] Jugador mas cercano 1
2025-05-09 11:12:05 - __main__ - [INFO] Accion enviada. Mensaje: mensaje_id='CORRER' token='TOKEN-2e476a2a-f69a-41c8-9a3d-deb491ce96cd' datos={'movimientos': [{'jugador_numero': 1, 'x': 6, 'y': 19}]}
2025-05-09 11:12:05 - __main__ - [INFO] Reaccionar
2025-05-09 11:12:05 - utils - [INFO] Jugador mas cercano 10
2025-05-09 11:12:05 - __main__ - [INFO] Accion enviada. Mensaje: mensaje_id='MARCAR_ADVERSARIO' token='TOKEN-2e476a2a-f69a-41c8-9a3d-deb491ce96cd' datos={'jugador_numero': 10, 'adversario_numero': 1}
2025-05-09 11:12:05 - __main__ - [INFO] Reaccionar
2025-05-09 11:12:05 - utils - [INFO] Jugador mas cercano 1
2025-05-09 11:12:05 - __main__ - [INFO] Accion enviada. Mensaje: mensaje_id='MARCAR_ADVERSARIO' token='TOKEN-2e476a2a-f69a-41c8-9a3d-deb491ce96cd' datos={'jugador_numero': 1, 'adversario_numero': 11}
2025-05-09 11:12:05 - __main__ - [INFO] Reaccionar
2025-05-09 11:12:05 - utils - [INFO] Jugador mas cercano 1
2025-05-09 11:12:05 - __main__ - [INFO] Accion enviada. Mensaje: mensaje_id='CORRER' token='TOKEN-2e476a2a-f69a-41c8-9a3d-deb491ce96cd' datos={'movimientos': [{'jugador_numero': 1, 'x': 6, 'y': 19}]}
2025-05-09 11:12:05 - __main__ - [INFO] Reaccionar
2025-05-09 11:12:05 - utils - [INFO] Jugador mas cercano 9
2025-05-09 11:12:05 - __main__ - [INFO] Accion enviada. Mensaje: mensaje_id='MARCAR_ADVERSARIO' token='TOKEN-2e476a2a-f69a-41c8-9a3d-deb491ce96cd' datos={'jugador_numero': 9, 'adversario_numero': 4}
2025-05-09 11:12:05 - mensajes - [ERROR] msg_id no interpretado. Data: {'mensaje_id': 'OCUPADO', 'datos': {'descripcion': 'El Servidor está ocupado en este momento. Intente más tarde.'}}
2025-05-09 11:12:05 - __main__ - [WARNING] Otro mensaje recibido. Mensaje enviado: 
Mensaje Enviado: mensaje_id='MARCAR_ADVERSARIO' token='TOKEN-2e476a2a-f69a-41c8-9a3d-deb491ce96cd' datos={'jugador_numero': 9, 'adversario_numero': 4}

Mensaje recibido: None
2025-05-09 11:12:06 - __main__ - [INFO] Reaccionar
2025-05-09 11:12:06 - utils - [INFO] Jugador mas cercano 1
2025-05-09 11:12:06 - __main__ - [INFO] Accion enviada. Mensaje: mensaje_id='MARCAR_ADVERSARIO' token='TOKEN-2e476a2a-f69a-41c8-9a3d-deb491ce96cd' datos={'jugador_numero': 1, 'adversario_numero': 11}
2025-05-09 11:12:06 - __main__ - [INFO] Reaccionar
2025-05-09 11:12:06 - utils - [INFO] Jugador mas cercano 1
2025-05-09 11:12:06 - __main__ - [INFO] Accion enviada. Mensaje: mensaje_id='CORRER' token='TOKEN-2e476a2a-f69a-41c8-9a3d-deb491ce96cd' datos={'movimientos': [{'jugador_numero': 1, 'x': 6, 'y': 19}]}
2025-05-09 11:12:06 - __main__ - [INFO] Reaccionar
2025-05-09 11:12:06 - utils - [INFO] Jugador mas cercano 9
2025-05-09 11:12:06 - __main__ - [INFO] Accion enviada. Mensaje: mensaje_id='MARCAR_ADVERSARIO' token='TOKEN-2e476a2a-f69a-41c8-9a3d-deb491ce96cd' datos={'jugador_numero': 9, 'adversario_numero': 4}
2025-05-09 11:12:06 - __main__ - [INFO] Reaccionar
2025-05-09 11:12:06 - utils - [INFO] Jugador mas cercano 10
2025-05-09 11:12:06 - __main__ - [INFO] Accion enviada. Mensaje: mensaje_id='MARCAR_ADVERSARIO' token='TOKEN-2e476a2a-f69a-41c8-9a3d-deb491ce96cd' datos={'jugador_numero': 10, 'adversario_numero': 1}
2025-05-09 11:12:06 - __main__ - [INFO] Reaccionar
2025-05-09 11:12:06 - utils - [INFO] Jugador mas cercano 1
2025-05-09 11:12:06 - __main__ - [INFO] Accion enviada. Mensaje: mensaje_id='MARCAR_ADVERSARIO' token='TOKEN-2e476a2a-f69a-41c8-9a3d-deb491ce96cd' datos={'jugador_numero': 1, 'adversario_numero': 11}
2025-05-09 11:12:06 - __main__ - [INFO] Reaccionar
2025-05-09 11:12:06 - utils - [INFO] Jugador mas cercano 1
2025-05-09 11:12:06 - __main__ - [INFO] Accion enviada. Mensaje: mensaje_id='CORRER' token='TOKEN-2e476a2a-f69a-41c8-9a3d-deb491ce96cd' datos={'movimientos': [{'jugador_numero': 1, 'x': 6, 'y': 19}]}
2025-05-09 11:12:06 - mensajes - [ERROR] msg_id no interpretado. Data: {'mensaje_id': 'OCUPADO', 'datos': {'descripcion': 'El Servidor está ocupado en este momento. Intente más tarde.'}}
2025-05-09 11:12:06 - __main__ - [WARNING] Otro mensaje recibido. Mensaje enviado: 
Mensaje Enviado: mensaje_id='CORRER' token='TOKEN-2e476a2a-f69a-41c8-9a3d-deb491ce96cd' datos={'movimientos': [{'jugador_numero': 1, 'x': 6, 'y': 19}]}

Mensaje recibido: None
2025-05-09 11:12:07 - __main__ - [INFO] Reaccionar
2025-05-09 11:12:07 - utils - [INFO] Jugador mas cercano 1
2025-05-09 11:12:07 - __main__ - [INFO] Accion enviada. Mensaje: mensaje_id='MARCAR_ADVERSARIO' token='TOKEN-2e476a2a-f69a-41c8-9a3d-deb491ce96cd' datos={'jugador_numero': 1, 'adversario_numero': 11}
2025-05-09 11:12:07 - __main__ - [INFO] Reaccionar
2025-05-09 11:12:07 - utils - [INFO] Jugador mas cercano 1
2025-05-09 11:12:07 - __main__ - [INFO] Accion enviada. Mensaje: mensaje_id='CORRER' token='TOKEN-2e476a2a-f69a-41c8-9a3d-deb491ce96cd' datos={'movimientos': [{'jugador_numero': 1, 'x': 6, 'y': 19}]}
2025-05-09 11:12:07 - __main__ - [INFO] Reaccionar
2025-05-09 11:12:07 - utils - [INFO] Jugador mas cercano 9
2025-05-09 11:12:07 - __main__ - [INFO] Accion enviada. Mensaje: mensaje_id='MARCAR_ADVERSARIO' token='TOKEN-2e476a2a-f69a-41c8-9a3d-deb491ce96cd' datos={'jugador_numero': 9, 'adversario_numero': 4}
2025-05-09 11:12:07 - __main__ - [INFO] Reaccionar
2025-05-09 11:12:07 - utils - [INFO] Jugador mas cercano 1
2025-05-09 11:12:07 - __main__ - [INFO] Accion enviada. Mensaje: mensaje_id='MARCAR_ADVERSARIO' token='TOKEN-2e476a2a-f69a-41c8-9a3d-deb491ce96cd' datos={'jugador_numero': 1, 'adversario_numero': 11}
2025-05-09 11:12:07 - __main__ - [INFO] Reaccionar
2025-05-09 11:12:07 - utils - [INFO] Jugador mas cercano 1
2025-05-09 11:12:07 - __main__ - [INFO] Accion enviada. Mensaje: mensaje_id='CORRER' token='TOKEN-2e476a2a-f69a-41c8-9a3d-deb491ce96cd' datos={'movimientos': [{'jugador_numero': 1, 'x': 6, 'y': 19}]}
2025-05-09 11:12:07 - __main__ - [INFO] Reaccionar
2025-05-09 11:12:07 - utils - [INFO] Jugador mas cercano 10
2025-05-09 11:12:07 - __main__ - [INFO] Accion enviada. Mensaje: mensaje_id='MARCAR_ADVERSARIO' token='TOKEN-2e476a2a-f69a-41c8-9a3d-deb491ce96cd' datos={'jugador_numero': 10, 'adversario_numero': 1}
2025-05-09 11:12:07 - mensajes - [ERROR] msg_id no interpretado. Data: {'mensaje_id': 'OCUPADO', 'datos': {'descripcion': 'El Servidor está ocupado en este momento. Intente más tarde.'}}
2025-05-09 11:12:07 - __main__ - [WARNING] Otro mensaje recibido. Mensaje enviado: 
Mensaje Enviado: mensaje_id='MARCAR_ADVERSARIO' token='TOKEN-2e476a2a-f69a-41c8-9a3d-deb491ce96cd' datos={'jugador_numero': 10, 'adversario_numero': 1}

Mensaje recibido: None
2025-05-09 11:12:08 - __main__ - [INFO] Reaccionar
2025-05-09 11:12:08 - utils - [INFO] Jugador mas cercano 1
2025-05-09 11:12:08 - __main__ - [INFO] Accion enviada. Mensaje: mensaje_id='MARCAR_ADVERSARIO' token='TOKEN-2e476a2a-f69a-41c8-9a3d-deb491ce96cd' datos={'jugador_numero': 1, 'adversario_numero': 11}
2025-05-09 11:12:08 - __main__ - [INFO] Reaccionar
2025-05-09 11:12:08 - utils - [INFO] Jugador mas cercano 1
2025-05-09 11:12:08 - __main__ - [INFO] Accion enviada. Mensaje: mensaje_id='CORRER' token='TOKEN-2e476a2a-f69a-41c8-9a3d-deb491ce96cd' datos={'movimientos': [{'jugador_numero': 1, 'x': 6, 'y': 19}]}
2025-05-09 11:12:08 - __main__ - [INFO] Reaccionar
2025-05-09 11:12:08 - utils - [INFO] Jugador mas cercano 9
2025-05-09 11:12:08 - __main__ - [INFO] Accion enviada. Mensaje: mensaje_id='MARCAR_ADVERSARIO' token='TOKEN-2e476a2a-f69a-41c8-9a3d-deb491ce96cd' datos={'jugador_numero': 9, 'adversario_numero': 4}
2025-05-09 11:12:08 - __main__ - [INFO] Reaccionar
2025-05-09 11:12:08 - utils - [INFO] Jugador mas cercano 1
2025-05-09 11:12:08 - __main__ - [INFO] Accion enviada. Mensaje: mensaje_id='MARCAR_ADVERSARIO' token='TOKEN-2e476a2a-f69a-41c8-9a3d-deb491ce96cd' datos={'jugador_numero': 1, 'adversario_numero': 11}
2025-05-09 11:12:08 - __main__ - [INFO] Reaccionar
2025-05-09 11:12:08 - utils - [INFO] Jugador mas cercano 1
2025-05-09 11:12:08 - __main__ - [INFO] Accion enviada. Mensaje: mensaje_id='CORRER' token='TOKEN-2e476a2a-f69a-41c8-9a3d-deb491ce96cd' datos={'movimientos': [{'jugador_numero': 1, 'x': 6, 'y': 19}]}
2025-05-09 11:12:08 - __main__ - [INFO] Reaccionar
2025-05-09 11:12:08 - utils - [INFO] Jugador mas cercano 9
2025-05-09 11:12:08 - __main__ - [INFO] Accion enviada. Mensaje: mensaje_id='MARCAR_ADVERSARIO' token='TOKEN-2e476a2a-f69a-41c8-9a3d-deb491ce96cd' datos={'jugador_numero': 9, 'adversario_numero': 4}
2025-05-09 11:12:08 - mensajes - [ERROR] msg_id no interpretado. Data: {'mensaje_id': 'OCUPADO', 'datos': {'descripcion': 'El Servidor está ocupado en este momento. Intente más tarde.'}}
2025-05-09 11:12:08 - __main__ - [WARNING] Otro mensaje recibido. Mensaje enviado: 
Mensaje Enviado: mensaje_id='MARCAR_ADVERSARIO' token='TOKEN-2e476a2a-f69a-41c8-9a3d-deb491ce96cd' datos={'jugador_numero': 9, 'adversario_numero': 4}

Mensaje recibido: None
2025-05-09 11:12:09 - __main__ - [INFO] Reaccionar
2025-05-09 11:12:09 - utils - [INFO] Jugador mas cercano 1
2025-05-09 11:12:09 - __main__ - [INFO] Accion enviada. Mensaje: mensaje_id='MARCAR_ADVERSARIO' token='TOKEN-2e476a2a-f69a-41c8-9a3d-deb491ce96cd' datos={'jugador_numero': 1, 'adversario_numero': 11}
2025-05-09 11:12:09 - __main__ - [INFO] Reaccionar
2025-05-09 11:12:09 - utils - [INFO] Jugador mas cercano 1
2025-05-09 11:12:09 - __main__ - [INFO] Accion enviada. Mensaje: mensaje_id='CORRER' token='TOKEN-2e476a2a-f69a-41c8-9a3d-deb491ce96cd' datos={'movimientos': [{'jugador_numero': 1, 'x': 6, 'y': 19}]}
2025-05-09 11:12:09 - __main__ - [INFO] Reaccionar
2025-05-09 11:12:09 - utils - [INFO] Jugador mas cercano 10
2025-05-09 11:12:09 - __main__ - [INFO] Accion enviada. Mensaje: mensaje_id='MARCAR_ADVERSARIO' token='TOKEN-2e476a2a-f69a-41c8-9a3d-deb491ce96cd' datos={'jugador_numero': 10, 'adversario_numero': 1}
2025-05-09 11:12:09 - __main__ - [INFO] Reaccionar
2025-05-09 11:12:09 - utils - [INFO] Jugador mas cercano 1
2025-05-09 11:12:09 - __main__ - [INFO] Accion enviada. Mensaje: mensaje_id='MARCAR_ADVERSARIO' token='TOKEN-2e476a2a-f69a-41c8-9a3d-deb491ce96cd' datos={'jugador_numero': 1, 'adversario_numero': 11}
2025-05-09 11:12:09 - __main__ - [INFO] Reaccionar
2025-05-09 11:12:09 - utils - [INFO] Jugador mas cercano 1
2025-05-09 11:12:09 - __main__ - [INFO] Accion enviada. Mensaje: mensaje_id='CORRER' token='TOKEN-2e476a2a-f69a-41c8-9a3d-deb491ce96cd' datos={'movimientos': [{'jugador_numero': 1, 'x': 6, 'y': 19}]}
2025-05-09 11:12:09 - __main__ - [INFO] Reaccionar
2025-05-09 11:12:09 - utils - [INFO] Jugador mas cercano 9
2025-05-09 11:12:09 - __main__ - [INFO] Accion enviada. Mensaje: mensaje_id='MARCAR_ADVERSARIO' token='TOKEN-2e476a2a-f69a-41c8-9a3d-deb491ce96cd' datos={'jugador_numero': 9, 'adversario_numero': 4}
2025-05-09 11:12:09 - mensajes - [ERROR] msg_id no interpretado. Data: {'mensaje_id': 'OCUPADO', 'datos': {'descripcion': 'El Servidor está ocupado en este momento. Intente más tarde.'}}
2025-05-09 11:12:09 - __main__ - [WARNING] Otro mensaje recibido. Mensaje enviado: 
Mensaje Enviado: mensaje_id='MARCAR_ADVERSARIO' token='TOKEN-2e476a2a-f69a-41c8-9a3d-deb491ce96cd' datos={'jugador_numero': 9, 'adversario_numero': 4}

Mensaje recibido: None
2025-05-09 11:12:10 - __main__ - [INFO] Reaccionar
2025-05-09 11:12:10 - utils - [INFO] Jugador mas cercano 1
2025-05-09 11:12:10 - __main__ - [INFO] Accion enviada. Mensaje: mensaje_id='MARCAR_ADVERSARIO' token='TOKEN-2e476a2a-f69a-41c8-9a3d-deb491ce96cd' datos={'jugador_numero': 1, 'adversario_numero': 11}
2025-05-09 11:12:10 - __main__ - [INFO] Reaccionar
2025-05-09 11:12:10 - utils - [INFO] Jugador mas cercano 1
2025-05-09 11:12:10 - __main__ - [INFO] Accion enviada. Mensaje: mensaje_id='CORRER' token='TOKEN-2e476a2a-f69a-41c8-9a3d-deb491ce96cd' datos={'movimientos': [{'jugador_numero': 1, 'x': 6, 'y': 19}]}
2025-05-09 11:12:10 - __main__ - [INFO] Reaccionar
2025-05-09 11:12:10 - utils - [INFO] Jugador mas cercano 9
2025-05-09 11:12:10 - __main__ - [INFO] Accion enviada. Mensaje: mensaje_id='MARCAR_ADVERSARIO' token='TOKEN-2e476a2a-f69a-41c8-9a3d-deb491ce96cd' datos={'jugador_numero': 9, 'adversario_numero': 4}
2025-05-09 11:12:10 - __main__ - [INFO] Reaccionar
2025-05-09 11:12:10 - utils - [INFO] Jugador mas cercano 1
2025-05-09 11:12:10 - __main__ - [INFO] Accion enviada. Mensaje: mensaje_id='MARCAR_ADVERSARIO' token='TOKEN-2e476a2a-f69a-41c8-9a3d-deb491ce96cd' datos={'jugador_numero': 1, 'adversario_numero': 11}
2025-05-09 11:12:10 - __main__ - [INFO] Reaccionar
2025-05-09 11:12:10 - utils - [INFO] Jugador mas cercano 1
2025-05-09 11:12:10 - __main__ - [INFO] Accion enviada. Mensaje: mensaje_id='CORRER' token='TOKEN-2e476a2a-f69a-41c8-9a3d-deb491ce96cd' datos={'movimientos': [{'jugador_numero': 1, 'x': 6, 'y': 19}]}
2025-05-09 11:12:10 - __main__ - [INFO] Reaccionar
2025-05-09 11:12:10 - utils - [INFO] Jugador mas cercano 9
2025-05-09 11:12:10 - __main__ - [INFO] Accion enviada. Mensaje: mensaje_id='MARCAR_ADVERSARIO' token='TOKEN-2e476a2a-f69a-41c8-9a3d-deb491ce96cd' datos={'jugador_numero': 9, 'adversario_numero': 4}
2025-05-09 11:12:10 - mensajes - [ERROR] msg_id no interpretado. Data: {'mensaje_id': 'OCUPADO', 'datos': {'descripcion': 'El Servidor está ocupado en este momento. Intente más tarde.'}}
2025-05-09 11:12:10 - __main__ - [WARNING] Otro mensaje recibido. Mensaje enviado: 
Mensaje Enviado: mensaje_id='MARCAR_ADVERSARIO' token='TOKEN-2e476a2a-f69a-41c8-9a3d-deb491ce96cd' datos={'jugador_numero': 9, 'adversario_numero': 4}

Mensaje recibido: None
2025-05-09 11:12:11 - __main__ - [INFO] Reaccionar
2025-05-09 11:12:11 - utils - [INFO] Jugador mas cercano 1
2025-05-09 11:12:11 - __main__ - [INFO] Accion enviada. Mensaje: mensaje_id='MARCAR_ADVERSARIO' token='TOKEN-2e476a2a-f69a-41c8-9a3d-deb491ce96cd' datos={'jugador_numero': 1, 'adversario_numero': 11}
2025-05-09 11:12:11 - __main__ - [INFO] Reaccionar
2025-05-09 11:12:11 - utils - [INFO] Jugador mas cercano 1
2025-05-09 11:12:11 - __main__ - [INFO] Accion enviada. Mensaje: mensaje_id='CORRER' token='TOKEN-2e476a2a-f69a-41c8-9a3d-deb491ce96cd' datos={'movimientos': [{'jugador_numero': 1, 'x': 6, 'y': 19}]}
2025-05-09 11:12:11 - __main__ - [INFO] Reaccionar
2025-05-09 11:12:11 - utils - [INFO] Jugador mas cercano 10
2025-05-09 11:12:11 - __main__ - [INFO] Accion enviada. Mensaje: mensaje_id='MARCAR_ADVERSARIO' token='TOKEN-2e476a2a-f69a-41c8-9a3d-deb491ce96cd' datos={'jugador_numero': 10, 'adversario_numero': 1}
2025-05-09 11:12:11 - __main__ - [INFO] Reaccionar
2025-05-09 11:12:11 - utils - [INFO] Jugador mas cercano 1
2025-05-09 11:12:11 - __main__ - [INFO] Accion enviada. Mensaje: mensaje_id='MARCAR_ADVERSARIO' token='TOKEN-2e476a2a-f69a-41c8-9a3d-deb491ce96cd' datos={'jugador_numero': 1, 'adversario_numero': 11}
2025-05-09 11:12:11 - __main__ - [INFO] Reaccionar
2025-05-09 11:12:11 - utils - [INFO] Jugador mas cercano 1
2025-05-09 11:12:11 - __main__ - [INFO] Accion enviada. Mensaje: mensaje_id='CORRER' token='TOKEN-2e476a2a-f69a-41c8-9a3d-deb491ce96cd' datos={'movimientos': [{'jugador_numero': 1, 'x': 6, 'y': 19}]}
2025-05-09 11:12:11 - __main__ - [INFO] Reaccionar
2025-05-09 11:12:11 - utils - [INFO] Jugador mas cercano 9
2025-05-09 11:12:11 - __main__ - [INFO] Accion enviada. Mensaje: mensaje_id='MARCAR_ADVERSARIO' token='TOKEN-2e476a2a-f69a-41c8-9a3d-deb491ce96cd' datos={'jugador_numero': 9, 'adversario_numero': 4}
2025-05-09 11:12:11 - mensajes - [ERROR] msg_id no interpretado. Data: {'mensaje_id': 'OCUPADO', 'datos': {'descripcion': 'El Servidor está ocupado en este momento. Intente más tarde.'}}
2025-05-09 11:12:11 - __main__ - [WARNING] Otro mensaje recibido. Mensaje enviado: 
Mensaje Enviado: mensaje_id='MARCAR_ADVERSARIO' token='TOKEN-2e476a2a-f69a-41c8-9a3d-deb491ce96cd' datos={'jugador_numero': 9, 'adversario_numero': 4}

Mensaje recibido: None
2025-05-09 11:12:12 - __main__ - [INFO] Reaccionar
2025-05-09 11:12:12 - utils - [INFO] Jugador mas cercano 1
2025-05-09 11:12:12 - __main__ - [INFO] Accion enviada. Mensaje: mensaje_id='MARCAR_ADVERSARIO' token='TOKEN-2e476a2a-f69a-41c8-9a3d-deb491ce96cd' datos={'jugador_numero': 1, 'adversario_numero': 11}
2025-05-09 11:12:12 - __main__ - [INFO] Reaccionar
2025-05-09 11:12:12 - utils - [INFO] Jugador mas cercano 1
2025-05-09 11:12:12 - __main__ - [INFO] Accion enviada. Mensaje: mensaje_id='CORRER' token='TOKEN-2e476a2a-f69a-41c8-9a3d-deb491ce96cd' datos={'movimientos': [{'jugador_numero': 1, 'x': 6, 'y': 19}]}
2025-05-09 11:12:12 - __main__ - [INFO] Reaccionar
2025-05-09 11:12:12 - utils - [INFO] Jugador mas cercano 10
2025-05-09 11:12:12 - __main__ - [INFO] Accion enviada. Mensaje: mensaje_id='MARCAR_ADVERSARIO' token='TOKEN-2e476a2a-f69a-41c8-9a3d-deb491ce96cd' datos={'jugador_numero': 10, 'adversario_numero': 1}
2025-05-09 11:12:12 - __main__ - [INFO] Reaccionar
2025-05-09 11:12:12 - utils - [INFO] Jugador mas cercano 1
2025-05-09 11:12:12 - __main__ - [INFO] Accion enviada. Mensaje: mensaje_id='MARCAR_ADVERSARIO' token='TOKEN-2e476a2a-f69a-41c8-9a3d-deb491ce96cd' datos={'jugador_numero': 1, 'adversario_numero': 11}
2025-05-09 11:12:12 - __main__ - [INFO] Reaccionar
2025-05-09 11:12:12 - utils - [INFO] Jugador mas cercano 1
2025-05-09 11:12:12 - __main__ - [INFO] Accion enviada. Mensaje: mensaje_id='CORRER' token='TOKEN-2e476a2a-f69a-41c8-9a3d-deb491ce96cd' datos={'movimientos': [{'jugador_numero': 1, 'x': 6, 'y': 19}]}
2025-05-09 11:12:12 - __main__ - [INFO] Reaccionar
2025-05-09 11:12:12 - utils - [INFO] Jugador mas cercano 10
2025-05-09 11:12:12 - __main__ - [INFO] Accion enviada. Mensaje: mensaje_id='MARCAR_ADVERSARIO' token='TOKEN-2e476a2a-f69a-41c8-9a3d-deb491ce96cd' datos={'jugador_numero': 10, 'adversario_numero': 1}
2025-05-09 11:12:12 - mensajes - [ERROR] msg_id no interpretado. Data: {'mensaje_id': 'OCUPADO', 'datos': {'descripcion': 'El Servidor está ocupado en este momento. Intente más tarde.'}}
2025-05-09 11:12:12 - __main__ - [WARNING] Otro mensaje recibido. Mensaje enviado: 
Mensaje Enviado: mensaje_id='MARCAR_ADVERSARIO' token='TOKEN-2e476a2a-f69a-41c8-9a3d-deb491ce96cd' datos={'jugador_numero': 10, 'adversario_numero': 1}

Mensaje recibido: None
2025-05-09 11:12:13 - __main__ - [INFO] Reaccionar
2025-05-09 11:12:13 - utils - [INFO] Jugador mas cercano 1
2025-05-09 11:12:13 - __main__ - [INFO] Accion enviada. Mensaje: mensaje_id='MARCAR_ADVERSARIO' token='TOKEN-2e476a2a-f69a-41c8-9a3d-deb491ce96cd' datos={'jugador_numero': 1, 'adversario_numero': 11}
2025-05-09 11:12:13 - __main__ - [INFO] Reaccionar
2025-05-09 11:12:13 - utils - [INFO] Jugador mas cercano 1
2025-05-09 11:12:13 - __main__ - [INFO] Accion enviada. Mensaje: mensaje_id='CORRER' token='TOKEN-2e476a2a-f69a-41c8-9a3d-deb491ce96cd' datos={'movimientos': [{'jugador_numero': 1, 'x': 6, 'y': 19}]}
2025-05-09 11:12:13 - __main__ - [INFO] Reaccionar
2025-05-09 11:12:13 - utils - [INFO] Jugador mas cercano 9
2025-05-09 11:12:13 - __main__ - [INFO] Accion enviada. Mensaje: mensaje_id='MARCAR_ADVERSARIO' token='TOKEN-2e476a2a-f69a-41c8-9a3d-deb491ce96cd' datos={'jugador_numero': 9, 'adversario_numero': 4}
2025-05-09 11:12:13 - __main__ - [INFO] Reaccionar
2025-05-09 11:12:13 - utils - [INFO] Jugador mas cercano 1
2025-05-09 11:12:13 - __main__ - [INFO] Accion enviada. Mensaje: mensaje_id='MARCAR_ADVERSARIO' token='TOKEN-2e476a2a-f69a-41c8-9a3d-deb491ce96cd' datos={'jugador_numero': 1, 'adversario_numero': 11}
2025-05-09 11:12:13 - __main__ - [INFO] Reaccionar
2025-05-09 11:12:13 - utils - [INFO] Jugador mas cercano 1
2025-05-09 11:12:13 - __main__ - [INFO] Accion enviada. Mensaje: mensaje_id='CORRER' token='TOKEN-2e476a2a-f69a-41c8-9a3d-deb491ce96cd' datos={'movimientos': [{'jugador_numero': 1, 'x': 6, 'y': 19}]}
2025-05-09 11:12:13 - __main__ - [INFO] Reaccionar
2025-05-09 11:12:13 - utils - [INFO] Jugador mas cercano 10
2025-05-09 11:12:13 - __main__ - [INFO] Accion enviada. Mensaje: mensaje_id='MARCAR_ADVERSARIO' token='TOKEN-2e476a2a-f69a-41c8-9a3d-deb491ce96cd' datos={'jugador_numero': 10, 'adversario_numero': 1}
2025-05-09 11:12:13 - mensajes - [ERROR] msg_id no interpretado. Data: {'mensaje_id': 'OCUPADO', 'datos': {'descripcion': 'El Servidor está ocupado en este momento. Intente más tarde.'}}
2025-05-09 11:12:13 - __main__ - [WARNING] Otro mensaje recibido. Mensaje enviado: 
Mensaje Enviado: mensaje_id='MARCAR_ADVERSARIO' token='TOKEN-2e476a2a-f69a-41c8-9a3d-deb491ce96cd' datos={'jugador_numero': 10, 'adversario_numero': 1}

Mensaje recibido: None
