2025-05-16 13:08:54 [INFO] log: Logging configurado exitosamente.
2025-05-16 13:08:54 [INFO] client: Conectado al servidor!. Registrando equipo...
2025-05-16 13:08:54 [INFO] client: Registro enviado. Esperando respuesta...
2025-05-16 13:08:55 [INFO] client: El token del equipo es: TOKEN-d0fa6efd-9e6f-45fa-aafb-5679c78f8010
2025-05-16 13:09:06 [INFO] client: Tienes la pelota!
2025-05-16 13:09:06 [INFO] client: Accion enviada. Mensaje: mensaje_id='PATEAR' token='TOKEN-d0fa6efd-9e6f-45fa-aafb-5679c78f8010' datos={'x': 6, 'y': 19}
2025-05-16 13:09:08 [INFO] client: Reaccionar
2025-05-16 13:09:08 [INFO] utils: Jugador mas cercano 11
2025-05-16 13:09:08 [INFO] client: Accion enviada. Mensaje: mensaje_id='CORRER' token='TOKEN-d0fa6efd-9e6f-45fa-aafb-5679c78f8010' datos={'movimientos': [{'jugador_numero': 11, 'x': 7, 'y': 12}]}
2025-05-16 13:09:08 [INFO] client: Reaccionar
2025-05-16 13:09:08 [INFO] utils: Jugador mas cercano 11
2025-05-16 13:09:08 [INFO] client: Accion enviada. Mensaje: mensaje_id='CORRER' token='TOKEN-d0fa6efd-9e6f-45fa-aafb-5679c78f8010' datos={'movimientos': [{'jugador_numero': 11, 'x': 7, 'y': 12}]}
2025-05-16 13:09:09 [INFO] client: Reaccionar
2025-05-16 13:09:09 [INFO] utils: Jugador mas cercano 11
2025-05-16 13:09:09 [INFO] client: Accion enviada. Mensaje: mensaje_id='CORRER' token='TOKEN-d0fa6efd-9e6f-45fa-aafb-5679c78f8010' datos={'movimientos': [{'jugador_numero': 11, 'x': 7, 'y': 12}]}
2025-05-16 13:09:09 [INFO] client: Reaccionar
2025-05-16 13:09:09 [INFO] utils: Jugador mas cercano 11
2025-05-16 13:09:09 [INFO] client: Accion enviada. Mensaje: mensaje_id='CORRER' token='TOKEN-d0fa6efd-9e6f-45fa-aafb-5679c78f8010' datos={'movimientos': [{'jugador_numero': 11, 'x': 7, 'y': 12}]}
2025-05-16 13:09:09 [INFO] client: Reaccionar
2025-05-16 13:09:09 [INFO] utils: Jugador mas cercano 8
2025-05-16 13:09:09 [INFO] client: Accion enviada. Mensaje: mensaje_id='CORRER' token='TOKEN-d0fa6efd-9e6f-45fa-aafb-5679c78f8010' datos={'movimientos': [{'jugador_numero': 8, 'x': 8, 'y': 7}]}
2025-05-16 13:09:09 [INFO] client: Reaccionar
2025-05-16 13:09:09 [INFO] utils: Jugador mas cercano 8
2025-05-16 13:09:09 [INFO] client: Accion enviada. Mensaje: mensaje_id='CORRER' token='TOKEN-d0fa6efd-9e6f-45fa-aafb-5679c78f8010' datos={'movimientos': [{'jugador_numero': 8, 'x': 8, 'y': 7}]}
2025-05-16 13:09:09 [ERROR] mensajes: msg_id no interpretado. Data: {'mensaje_id': 'OCUPADO', 'datos': {'descripcion': 'El Servidor está ocupado en este momento. Intente más tarde.'}}
2025-05-16 13:09:09 [WARNING] client: Otro mensaje recibido.
Mensaje Enviado: mensaje_id='CORRER' token='TOKEN-d0fa6efd-9e6f-45fa-aafb-5679c78f8010' datos={'movimientos': [{'jugador_numero': 8, 'x': 8, 'y': 7}]}

Mensaje recibido: None
2025-05-16 13:09:11 [INFO] client: Reaccionar
2025-05-16 13:09:11 [INFO] utils: Jugador mas cercano 8
2025-05-16 13:09:11 [INFO] client: Accion enviada. Mensaje: mensaje_id='CORRER' token='TOKEN-d0fa6efd-9e6f-45fa-aafb-5679c78f8010' datos={'movimientos': [{'jugador_numero': 8, 'x': 8, 'y': 7}]}
2025-05-16 13:09:11 [INFO] client: Reaccionar
2025-05-16 13:09:11 [INFO] utils: Jugador mas cercano 8
2025-05-16 13:09:11 [INFO] client: Accion enviada. Mensaje: mensaje_id='CORRER' token='TOKEN-d0fa6efd-9e6f-45fa-aafb-5679c78f8010' datos={'movimientos': [{'jugador_numero': 8, 'x': 8, 'y': 7}]}
2025-05-16 13:09:11 [INFO] client: Reaccionar
2025-05-16 13:09:11 [INFO] utils: Jugador mas cercano 8
2025-05-16 13:09:11 [INFO] client: Accion enviada. Mensaje: mensaje_id='CORRER' token='TOKEN-d0fa6efd-9e6f-45fa-aafb-5679c78f8010' datos={'movimientos': [{'jugador_numero': 8, 'x': 8, 'y': 7}]}
2025-05-16 13:09:11 [ERROR] mensajes: msg_id no interpretado. Data: {'mensaje_id': 'OCUPADO', 'datos': {'descripcion': 'El Servidor está ocupado en este momento. Intente más tarde.'}}
2025-05-16 13:09:11 [WARNING] client: Otro mensaje recibido.
Mensaje Enviado: mensaje_id='CORRER' token='TOKEN-d0fa6efd-9e6f-45fa-aafb-5679c78f8010' datos={'movimientos': [{'jugador_numero': 8, 'x': 8, 'y': 7}]}

Mensaje recibido: None
2025-05-16 13:09:13 [INFO] client: Reaccionar
2025-05-16 13:09:13 [INFO] utils: Jugador mas cercano 8
2025-05-16 13:09:13 [INFO] client: Accion enviada. Mensaje: mensaje_id='CORRER' token='TOKEN-d0fa6efd-9e6f-45fa-aafb-5679c78f8010' datos={'movimientos': [{'jugador_numero': 8, 'x': 8, 'y': 7}]}
2025-05-16 13:09:13 [INFO] client: Reaccionar
2025-05-16 13:09:13 [INFO] utils: Jugador mas cercano 8
2025-05-16 13:09:13 [INFO] client: Accion enviada. Mensaje: mensaje_id='MARCAR_ADVERSARIO' token='TOKEN-d0fa6efd-9e6f-45fa-aafb-5679c78f8010' datos={'jugador_numero': 8, 'adversario_numero': 10}
2025-05-16 13:09:13 [INFO] client: Tienes la pelota!
2025-05-16 13:09:13 [INFO] utils: Pasandola al jugador 11
2025-05-16 13:09:13 [INFO] client: Accion enviada. Mensaje: mensaje_id='PASAR_PELOTA' token='TOKEN-d0fa6efd-9e6f-45fa-aafb-5679c78f8010' datos={'jugador_numero': 11}
2025-05-16 13:09:13 [INFO] client: Reaccionar
2025-05-16 13:09:13 [INFO] utils: Jugador mas cercano 8
2025-05-16 13:09:13 [INFO] client: Accion enviada. Mensaje: mensaje_id='MARCAR_ADVERSARIO' token='TOKEN-d0fa6efd-9e6f-45fa-aafb-5679c78f8010' datos={'jugador_numero': 8, 'adversario_numero': 10}
2025-05-16 13:09:13 [ERROR] mensajes: msg_id no interpretado. Data: {'mensaje_id': 'OCUPADO', 'datos': {'descripcion': 'El Servidor está ocupado en este momento. Intente más tarde.'}}
2025-05-16 13:09:13 [WARNING] client: Otro mensaje recibido.
Mensaje Enviado: mensaje_id='MARCAR_ADVERSARIO' token='TOKEN-d0fa6efd-9e6f-45fa-aafb-5679c78f8010' datos={'jugador_numero': 8, 'adversario_numero': 10}

Mensaje recibido: None
2025-05-16 13:09:14 [INFO] client: Reaccionar
2025-05-16 13:09:14 [INFO] utils: Pelota en el aire.
2025-05-16 13:09:14 [INFO] utils: Jugador mas cercano 8
2025-05-16 13:09:14 [INFO] client: Accion enviada. Mensaje: mensaje_id='CORRER' token='TOKEN-d0fa6efd-9e6f-45fa-aafb-5679c78f8010' datos={'movimientos': [{'jugador_numero': 8, 'x': 8, 'y': 7}]}
2025-05-16 13:09:14 [INFO] client: Reaccionar
2025-05-16 13:09:14 [INFO] utils: Jugador mas cercano 4
2025-05-16 13:09:14 [INFO] client: Accion enviada. Mensaje: mensaje_id='CORRER' token='TOKEN-d0fa6efd-9e6f-45fa-aafb-5679c78f8010' datos={'movimientos': [{'jugador_numero': 4, 'x': 7, 'y': 3}]}
2025-05-16 13:09:14 [INFO] client: Tienes la pelota!
2025-05-16 13:09:14 [INFO] utils: Pasandola al jugador 11
2025-05-16 13:09:14 [INFO] client: Accion enviada. Mensaje: mensaje_id='PASAR_PELOTA' token='TOKEN-d0fa6efd-9e6f-45fa-aafb-5679c78f8010' datos={'jugador_numero': 11}
2025-05-16 13:09:14 [INFO] client: Reaccionar
2025-05-16 13:09:14 [INFO] utils: Jugador mas cercano 8
2025-05-16 13:09:14 [INFO] client: Accion enviada. Mensaje: mensaje_id='MARCAR_ADVERSARIO' token='TOKEN-d0fa6efd-9e6f-45fa-aafb-5679c78f8010' datos={'jugador_numero': 8, 'adversario_numero': 10}
2025-05-16 13:09:14 [INFO] client: Reaccionar
2025-05-16 13:09:14 [INFO] utils: Pelota en el aire.
2025-05-16 13:09:14 [INFO] utils: Jugador mas cercano 8
2025-05-16 13:09:14 [INFO] client: Accion enviada. Mensaje: mensaje_id='CORRER' token='TOKEN-d0fa6efd-9e6f-45fa-aafb-5679c78f8010' datos={'movimientos': [{'jugador_numero': 8, 'x': 8, 'y': 7}]}
2025-05-16 13:09:14 [INFO] client: Reaccionar
2025-05-16 13:09:14 [INFO] utils: Jugador mas cercano 4
2025-05-16 13:09:14 [INFO] client: Accion enviada. Mensaje: mensaje_id='CORRER' token='TOKEN-d0fa6efd-9e6f-45fa-aafb-5679c78f8010' datos={'movimientos': [{'jugador_numero': 4, 'x': 7, 'y': 3}]}
2025-05-16 13:09:14 [ERROR] mensajes: msg_id no interpretado. Data: {'mensaje_id': 'OCUPADO', 'datos': {'descripcion': 'El Servidor está ocupado en este momento. Intente más tarde.'}}
2025-05-16 13:09:14 [WARNING] client: Otro mensaje recibido.
Mensaje Enviado: mensaje_id='CORRER' token='TOKEN-d0fa6efd-9e6f-45fa-aafb-5679c78f8010' datos={'movimientos': [{'jugador_numero': 4, 'x': 7, 'y': 3}]}

Mensaje recibido: None
2025-05-16 13:09:15 [INFO] client: Reaccionar
2025-05-16 13:09:15 [INFO] utils: Jugador mas cercano 4
2025-05-16 13:09:15 [INFO] client: Accion enviada. Mensaje: mensaje_id='CORRER' token='TOKEN-d0fa6efd-9e6f-45fa-aafb-5679c78f8010' datos={'movimientos': [{'jugador_numero': 4, 'x': 7, 'y': 3}]}
2025-05-16 13:09:15 [INFO] client: Reaccionar
2025-05-16 13:09:15 [INFO] utils: Jugador mas cercano 4
2025-05-16 13:09:15 [INFO] client: Accion enviada. Mensaje: mensaje_id='CORRER' token='TOKEN-d0fa6efd-9e6f-45fa-aafb-5679c78f8010' datos={'movimientos': [{'jugador_numero': 4, 'x': 7, 'y': 3}]}
2025-05-16 13:09:15 [INFO] client: Reaccionar
2025-05-16 13:09:15 [INFO] utils: Jugador mas cercano 11
2025-05-16 13:09:15 [INFO] client: Accion enviada. Mensaje: mensaje_id='MARCAR_ADVERSARIO' token='TOKEN-d0fa6efd-9e6f-45fa-aafb-5679c78f8010' datos={'jugador_numero': 11, 'adversario_numero': 8}
2025-05-16 13:09:15 [INFO] client: Reaccionar
2025-05-16 13:09:15 [INFO] utils: Jugador mas cercano 8
2025-05-16 13:09:15 [INFO] client: Accion enviada. Mensaje: mensaje_id='MARCAR_ADVERSARIO' token='TOKEN-d0fa6efd-9e6f-45fa-aafb-5679c78f8010' datos={'jugador_numero': 8, 'adversario_numero': 10}
2025-05-16 13:09:15 [ERROR] mensajes: msg_id no interpretado. Data: {'mensaje_id': 'OCUPADO', 'datos': {'descripcion': 'El Servidor está ocupado en este momento. Intente más tarde.'}}
2025-05-16 13:09:15 [WARNING] client: Otro mensaje recibido.
Mensaje Enviado: mensaje_id='MARCAR_ADVERSARIO' token='TOKEN-d0fa6efd-9e6f-45fa-aafb-5679c78f8010' datos={'jugador_numero': 8, 'adversario_numero': 10}

Mensaje recibido: None
2025-05-16 13:09:16 [INFO] client: Reaccionar
2025-05-16 13:09:16 [INFO] utils: Pelota en el aire.
2025-05-16 13:09:16 [INFO] utils: Jugador mas cercano 8
2025-05-16 13:09:16 [INFO] client: Accion enviada. Mensaje: mensaje_id='CORRER' token='TOKEN-d0fa6efd-9e6f-45fa-aafb-5679c78f8010' datos={'movimientos': [{'jugador_numero': 8, 'x': 8, 'y': 7}]}
2025-05-16 13:09:16 [INFO] client: Reaccionar
2025-05-16 13:09:16 [INFO] utils: Jugador mas cercano 8
2025-05-16 13:09:16 [INFO] client: Accion enviada. Mensaje: mensaje_id='MARCAR_ADVERSARIO' token='TOKEN-d0fa6efd-9e6f-45fa-aafb-5679c78f8010' datos={'jugador_numero': 8, 'adversario_numero': 10}
2025-05-16 13:09:16 [INFO] client: Tienes la pelota!
2025-05-16 13:09:16 [WARNING] utils: No se pudo obtener info suficiente para decidir.
2025-05-16 13:09:16 [INFO] client: Accion enviada. Mensaje: mensaje_id='PATEAR' token='TOKEN-d0fa6efd-9e6f-45fa-aafb-5679c78f8010' datos={'x': 6, 'y': 19}
2025-05-16 13:09:16 [INFO] client: Tienes la pelota!
2025-05-16 13:09:16 [INFO] utils: Pasandola al jugador 11
2025-05-16 13:09:16 [INFO] client: Accion enviada. Mensaje: mensaje_id='PASAR_PELOTA' token='TOKEN-d0fa6efd-9e6f-45fa-aafb-5679c78f8010' datos={'jugador_numero': 11}
2025-05-16 13:09:16 [ERROR] mensajes: msg_id no interpretado. Data: {'mensaje_id': 'OCUPADO', 'datos': {'descripcion': 'El Servidor está ocupado en este momento. Intente más tarde.'}}
2025-05-16 13:09:16 [WARNING] client: Otro mensaje recibido.
Mensaje Enviado: mensaje_id='PASAR_PELOTA' token='TOKEN-d0fa6efd-9e6f-45fa-aafb-5679c78f8010' datos={'jugador_numero': 11}

Mensaje recibido: None
2025-05-16 13:09:17 [INFO] client: Tienes la pelota!
2025-05-16 13:09:17 [INFO] utils: Pasandola al jugador 11
2025-05-16 13:09:17 [INFO] client: Accion enviada. Mensaje: mensaje_id='PASAR_PELOTA' token='TOKEN-d0fa6efd-9e6f-45fa-aafb-5679c78f8010' datos={'jugador_numero': 11}
2025-05-16 13:09:17 [INFO] client: Reaccionar
2025-05-16 13:09:17 [INFO] utils: Jugador mas cercano 4
2025-05-16 13:09:17 [INFO] client: Accion enviada. Mensaje: mensaje_id='MARCAR_ADVERSARIO' token='TOKEN-d0fa6efd-9e6f-45fa-aafb-5679c78f8010' datos={'jugador_numero': 4, 'adversario_numero': 10}
2025-05-16 13:09:17 [INFO] client: Reaccionar
2025-05-16 13:09:17 [INFO] utils: Jugador mas cercano 11
2025-05-16 13:09:17 [INFO] client: Accion enviada. Mensaje: mensaje_id='MARCAR_ADVERSARIO' token='TOKEN-d0fa6efd-9e6f-45fa-aafb-5679c78f8010' datos={'jugador_numero': 11, 'adversario_numero': 4}
2025-05-16 13:09:17 [ERROR] mensajes: msg_id no interpretado. Data: {'mensaje_id': 'OCUPADO', 'datos': {'descripcion': 'El Servidor está ocupado en este momento. Intente más tarde.'}}
2025-05-16 13:09:17 [WARNING] client: Otro mensaje recibido.
Mensaje Enviado: mensaje_id='MARCAR_ADVERSARIO' token='TOKEN-d0fa6efd-9e6f-45fa-aafb-5679c78f8010' datos={'jugador_numero': 11, 'adversario_numero': 4}

Mensaje recibido: None
2025-05-16 13:09:17 [ERROR] client: Mensaje de error del servidor. Mensaje enviado: mensaje_id='MARCAR_ADVERSARIO' token='TOKEN-d0fa6efd-9e6f-45fa-aafb-5679c78f8010' datos={'jugador_numero': 11, 'adversario_numero': 4}, Mensaje recibido: mensaje_id='ERROR' datos={'descripcion': 'PATEAR no se puede ejecturar por no poseer la pelota.'}
2025-05-16 13:09:18 [INFO] client: Reaccionar
2025-05-16 13:09:18 [INFO] utils: Jugador mas cercano 11
2025-05-16 13:09:18 [INFO] client: Accion enviada. Mensaje: mensaje_id='MARCAR_ADVERSARIO' token='TOKEN-d0fa6efd-9e6f-45fa-aafb-5679c78f8010' datos={'jugador_numero': 11, 'adversario_numero': 8}
2025-05-16 13:09:18 [INFO] client: Reaccionar
2025-05-16 13:09:18 [INFO] utils: Jugador mas cercano 11
2025-05-16 13:09:18 [INFO] client: Accion enviada. Mensaje: mensaje_id='MARCAR_ADVERSARIO' token='TOKEN-d0fa6efd-9e6f-45fa-aafb-5679c78f8010' datos={'jugador_numero': 11, 'adversario_numero': 4}
2025-05-16 13:09:18 [INFO] client: Reaccionar
2025-05-16 13:09:18 [INFO] utils: Jugador mas cercano 4
2025-05-16 13:09:18 [INFO] client: Accion enviada. Mensaje: mensaje_id='MARCAR_ADVERSARIO' token='TOKEN-d0fa6efd-9e6f-45fa-aafb-5679c78f8010' datos={'jugador_numero': 4, 'adversario_numero': 10}
2025-05-16 13:09:18 [INFO] client: Tienes la pelota!
2025-05-16 13:09:18 [WARNING] utils: No se pudo obtener info suficiente para decidir.
2025-05-16 13:09:18 [INFO] client: Accion enviada. Mensaje: mensaje_id='PATEAR' token='TOKEN-d0fa6efd-9e6f-45fa-aafb-5679c78f8010' datos={'x': 6, 'y': 19}
2025-05-16 13:09:18 [ERROR] mensajes: msg_id no interpretado. Data: {'mensaje_id': 'OCUPADO', 'datos': {'descripcion': 'El Servidor está ocupado en este momento. Intente más tarde.'}}
2025-05-16 13:09:18 [WARNING] client: Otro mensaje recibido.
Mensaje Enviado: mensaje_id='PATEAR' token='TOKEN-d0fa6efd-9e6f-45fa-aafb-5679c78f8010' datos={'x': 6, 'y': 19}

Mensaje recibido: None
2025-05-16 13:09:19 [INFO] client: Tienes la pelota!
2025-05-16 13:09:19 [WARNING] utils: No se pudo obtener info suficiente para decidir.
2025-05-16 13:09:19 [INFO] client: Accion enviada. Mensaje: mensaje_id='PATEAR' token='TOKEN-d0fa6efd-9e6f-45fa-aafb-5679c78f8010' datos={'x': 6, 'y': 19}
2025-05-16 13:09:19 [INFO] client: Tienes la pelota!
2025-05-16 13:09:19 [WARNING] utils: No se pudo obtener info suficiente para decidir.
2025-05-16 13:09:19 [INFO] client: Accion enviada. Mensaje: mensaje_id='PATEAR' token='TOKEN-d0fa6efd-9e6f-45fa-aafb-5679c78f8010' datos={'x': 6, 'y': 19}
2025-05-16 13:09:20 [INFO] client: Reaccionar
2025-05-16 13:09:20 [INFO] utils: Jugador mas cercano 1
2025-05-16 13:09:20 [INFO] client: Accion enviada. Mensaje: mensaje_id='CORRER' token='TOKEN-d0fa6efd-9e6f-45fa-aafb-5679c78f8010' datos={'movimientos': [{'jugador_numero': 1, 'x': 6, 'y': 0}]}
2025-05-16 13:09:20 [INFO] client: Reaccionar
2025-05-16 13:09:20 [INFO] utils: Jugador mas cercano 4
2025-05-16 13:09:20 [INFO] client: Accion enviada. Mensaje: mensaje_id='CORRER' token='TOKEN-d0fa6efd-9e6f-45fa-aafb-5679c78f8010' datos={'movimientos': [{'jugador_numero': 4, 'x': 5, 'y': 3}]}
2025-05-16 13:09:20 [ERROR] client: Mensaje de error del servidor. Mensaje enviado: mensaje_id='CORRER' token='TOKEN-d0fa6efd-9e6f-45fa-aafb-5679c78f8010' datos={'movimientos': [{'jugador_numero': 4, 'x': 5, 'y': 3}]}, Mensaje recibido: mensaje_id='ERROR' datos={'descripcion': 'PATEAR no se puede ejecturar por no poseer la pelota.'}
2025-05-16 13:09:20 [INFO] client: Reaccionar
2025-05-16 13:09:20 [INFO] utils: Jugador mas cercano 4
2025-05-16 13:09:20 [INFO] client: Accion enviada. Mensaje: mensaje_id='CORRER' token='TOKEN-d0fa6efd-9e6f-45fa-aafb-5679c78f8010' datos={'movimientos': [{'jugador_numero': 4, 'x': 5, 'y': 3}]}
2025-05-16 13:09:20 [ERROR] mensajes: msg_id no interpretado. Data: {'mensaje_id': 'OCUPADO', 'datos': {'descripcion': 'El Servidor está ocupado en este momento. Intente más tarde.'}}
2025-05-16 13:09:20 [WARNING] client: Otro mensaje recibido.
Mensaje Enviado: mensaje_id='CORRER' token='TOKEN-d0fa6efd-9e6f-45fa-aafb-5679c78f8010' datos={'movimientos': [{'jugador_numero': 4, 'x': 5, 'y': 3}]}

Mensaje recibido: None
2025-05-16 13:09:22 [INFO] client: Reaccionar
2025-05-16 13:09:22 [INFO] utils: Jugador mas cercano 4
2025-05-16 13:09:22 [INFO] client: Accion enviada. Mensaje: mensaje_id='CORRER' token='TOKEN-d0fa6efd-9e6f-45fa-aafb-5679c78f8010' datos={'movimientos': [{'jugador_numero': 4, 'x': 5, 'y': 3}]}
2025-05-16 13:09:22 [INFO] client: Reaccionar
2025-05-16 13:09:22 [INFO] utils: Jugador mas cercano 4
2025-05-16 13:09:22 [INFO] client: Accion enviada. Mensaje: mensaje_id='CORRER' token='TOKEN-d0fa6efd-9e6f-45fa-aafb-5679c78f8010' datos={'movimientos': [{'jugador_numero': 4, 'x': 5, 'y': 3}]}
2025-05-16 13:09:22 [INFO] client: Tienes la pelota!
2025-05-16 13:09:22 [WARNING] utils: No se pudo obtener info suficiente para decidir.
2025-05-16 13:09:22 [INFO] client: Accion enviada. Mensaje: mensaje_id='PATEAR' token='TOKEN-d0fa6efd-9e6f-45fa-aafb-5679c78f8010' datos={'x': 6, 'y': 19}
2025-05-16 13:09:22 [INFO] client: Tienes la pelota!
2025-05-16 13:09:22 [WARNING] utils: No se pudo obtener info suficiente para decidir.
2025-05-16 13:09:22 [INFO] client: Accion enviada. Mensaje: mensaje_id='PATEAR' token='TOKEN-d0fa6efd-9e6f-45fa-aafb-5679c78f8010' datos={'x': 6, 'y': 19}
2025-05-16 13:09:22 [ERROR] mensajes: msg_id no interpretado. Data: {'mensaje_id': 'OCUPADO', 'datos': {'descripcion': 'El Servidor está ocupado en este momento. Intente más tarde.'}}
2025-05-16 13:09:22 [WARNING] client: Otro mensaje recibido.
Mensaje Enviado: mensaje_id='PATEAR' token='TOKEN-d0fa6efd-9e6f-45fa-aafb-5679c78f8010' datos={'x': 6, 'y': 19}

Mensaje recibido: None
2025-05-16 13:09:23 [INFO] client: Tienes la pelota!
2025-05-16 13:09:23 [WARNING] utils: No se pudo obtener info suficiente para decidir.
2025-05-16 13:09:23 [INFO] client: Accion enviada. Mensaje: mensaje_id='PATEAR' token='TOKEN-d0fa6efd-9e6f-45fa-aafb-5679c78f8010' datos={'x': 6, 'y': 19}
2025-05-16 13:09:23 [INFO] client: Reaccionar
2025-05-16 13:09:23 [INFO] utils: Jugador mas cercano 4
2025-05-16 13:09:23 [INFO] client: Accion enviada. Mensaje: mensaje_id='MARCAR_ADVERSARIO' token='TOKEN-d0fa6efd-9e6f-45fa-aafb-5679c78f8010' datos={'jugador_numero': 4, 'adversario_numero': 10}
2025-05-16 13:09:23 [INFO] client: Reaccionar
2025-05-16 13:09:23 [INFO] utils: Jugador mas cercano 4
2025-05-16 13:09:23 [INFO] client: Accion enviada. Mensaje: mensaje_id='MARCAR_ADVERSARIO' token='TOKEN-d0fa6efd-9e6f-45fa-aafb-5679c78f8010' datos={'jugador_numero': 4, 'adversario_numero': 10}
2025-05-16 13:09:23 [INFO] client: Reaccionar
2025-05-16 13:09:23 [INFO] utils: Jugador mas cercano 4
2025-05-16 13:09:23 [INFO] client: Accion enviada. Mensaje: mensaje_id='MARCAR_ADVERSARIO' token='TOKEN-d0fa6efd-9e6f-45fa-aafb-5679c78f8010' datos={'jugador_numero': 4, 'adversario_numero': 10}
2025-05-16 13:09:23 [ERROR] mensajes: msg_id no interpretado. Data: {'mensaje_id': 'OCUPADO', 'datos': {'descripcion': 'El Servidor está ocupado en este momento. Intente más tarde.'}}
2025-05-16 13:09:23 [WARNING] client: Otro mensaje recibido.
Mensaje Enviado: mensaje_id='MARCAR_ADVERSARIO' token='TOKEN-d0fa6efd-9e6f-45fa-aafb-5679c78f8010' datos={'jugador_numero': 4, 'adversario_numero': 10}

Mensaje recibido: None
2025-05-16 13:09:24 [ERROR] client: Mensaje de error del servidor. Mensaje enviado: mensaje_id='MARCAR_ADVERSARIO' token='TOKEN-d0fa6efd-9e6f-45fa-aafb-5679c78f8010' datos={'jugador_numero': 4, 'adversario_numero': 10}, Mensaje recibido: mensaje_id='ERROR' datos={'descripcion': 'PATEAR no se puede ejecturar por no poseer la pelota.'}
2025-05-16 13:09:24 [INFO] client: Tienes la pelota!
2025-05-16 13:09:24 [INFO] utils: Pasandola al jugador 11
2025-05-16 13:09:24 [INFO] client: Accion enviada. Mensaje: mensaje_id='PASAR_PELOTA' token='TOKEN-d0fa6efd-9e6f-45fa-aafb-5679c78f8010' datos={'jugador_numero': 11}
2025-05-16 13:09:24 [INFO] client: Tienes la pelota!
2025-05-16 13:09:24 [INFO] utils: Pasandola al jugador 11
2025-05-16 13:09:24 [INFO] client: Accion enviada. Mensaje: mensaje_id='PASAR_PELOTA' token='TOKEN-d0fa6efd-9e6f-45fa-aafb-5679c78f8010' datos={'jugador_numero': 11}
2025-05-16 13:09:25 [INFO] client: Tienes la pelota!
2025-05-16 13:09:25 [INFO] utils: Pasandola al jugador 11
2025-05-16 13:09:25 [INFO] client: Accion enviada. Mensaje: mensaje_id='PASAR_PELOTA' token='TOKEN-d0fa6efd-9e6f-45fa-aafb-5679c78f8010' datos={'jugador_numero': 11}
2025-05-16 13:09:25 [INFO] client: Tienes la pelota!
2025-05-16 13:09:25 [WARNING] utils: No se pudo obtener info suficiente para decidir.
2025-05-16 13:09:25 [INFO] client: Accion enviada. Mensaje: mensaje_id='PATEAR' token='TOKEN-d0fa6efd-9e6f-45fa-aafb-5679c78f8010' datos={'x': 6, 'y': 19}
2025-05-16 13:09:25 [INFO] client: Tienes la pelota!
2025-05-16 13:09:25 [INFO] utils: Pasandola al jugador 11
2025-05-16 13:09:25 [INFO] client: Accion enviada. Mensaje: mensaje_id='PASAR_PELOTA' token='TOKEN-d0fa6efd-9e6f-45fa-aafb-5679c78f8010' datos={'jugador_numero': 11}
2025-05-16 13:09:25 [INFO] client: Tienes la pelota!
2025-05-16 13:09:25 [WARNING] utils: No se pudo obtener info suficiente para decidir.
2025-05-16 13:09:25 [INFO] client: Accion enviada. Mensaje: mensaje_id='PATEAR' token='TOKEN-d0fa6efd-9e6f-45fa-aafb-5679c78f8010' datos={'x': 6, 'y': 19}
2025-05-16 13:09:25 [ERROR] mensajes: msg_id no interpretado. Data: {'mensaje_id': 'OCUPADO', 'datos': {'descripcion': 'El Servidor está ocupado en este momento. Intente más tarde.'}}
2025-05-16 13:09:25 [WARNING] client: Otro mensaje recibido.
Mensaje Enviado: mensaje_id='PATEAR' token='TOKEN-d0fa6efd-9e6f-45fa-aafb-5679c78f8010' datos={'x': 6, 'y': 19}

Mensaje recibido: None
2025-05-16 13:09:26 [INFO] client: Tienes la pelota!
2025-05-16 13:09:26 [INFO] utils: Pasandola al jugador 11
2025-05-16 13:09:26 [INFO] client: Accion enviada. Mensaje: mensaje_id='PASAR_PELOTA' token='TOKEN-d0fa6efd-9e6f-45fa-aafb-5679c78f8010' datos={'jugador_numero': 11}
2025-05-16 13:09:26 [INFO] client: Reaccionar
2025-05-16 13:09:26 [INFO] utils: Jugador mas cercano 9
2025-05-16 13:09:26 [INFO] client: Accion enviada. Mensaje: mensaje_id='CORRER' token='TOKEN-d0fa6efd-9e6f-45fa-aafb-5679c78f8010' datos={'movimientos': [{'jugador_numero': 9, 'x': 6, 'y': 7}]}
2025-05-16 13:09:26 [ERROR] client: Mensaje de error del servidor. Mensaje enviado: mensaje_id='CORRER' token='TOKEN-d0fa6efd-9e6f-45fa-aafb-5679c78f8010' datos={'movimientos': [{'jugador_numero': 9, 'x': 6, 'y': 7}]}, Mensaje recibido: mensaje_id='ERROR' datos={'descripcion': 'PATEAR no se puede ejecturar por no poseer la pelota.'}
2025-05-16 13:09:26 [INFO] client: Reaccionar
2025-05-16 13:09:26 [INFO] utils: Jugador mas cercano 9
2025-05-16 13:09:26 [INFO] client: Accion enviada. Mensaje: mensaje_id='CORRER' token='TOKEN-d0fa6efd-9e6f-45fa-aafb-5679c78f8010' datos={'movimientos': [{'jugador_numero': 9, 'x': 6, 'y': 7}]}
2025-05-16 13:09:26 [ERROR] mensajes: msg_id no interpretado. Data: {'mensaje_id': 'OCUPADO', 'datos': {'descripcion': 'El Servidor está ocupado en este momento. Intente más tarde.'}}
2025-05-16 13:09:26 [WARNING] client: Otro mensaje recibido.
Mensaje Enviado: mensaje_id='CORRER' token='TOKEN-d0fa6efd-9e6f-45fa-aafb-5679c78f8010' datos={'movimientos': [{'jugador_numero': 9, 'x': 6, 'y': 7}]}

Mensaje recibido: None
2025-05-16 13:09:28 [ERROR] client: Mensaje de error del servidor. Mensaje enviado: mensaje_id='CORRER' token='TOKEN-d0fa6efd-9e6f-45fa-aafb-5679c78f8010' datos={'movimientos': [{'jugador_numero': 9, 'x': 6, 'y': 7}]}, Mensaje recibido: mensaje_id='ERROR' datos={'descripcion': 'PATEAR no se puede ejecturar por no poseer la pelota.'}
2025-05-16 13:09:28 [INFO] client: Reaccionar
2025-05-16 13:09:28 [INFO] utils: Jugador mas cercano 9
2025-05-16 13:09:28 [INFO] client: Accion enviada. Mensaje: mensaje_id='CORRER' token='TOKEN-d0fa6efd-9e6f-45fa-aafb-5679c78f8010' datos={'movimientos': [{'jugador_numero': 9, 'x': 6, 'y': 7}]}
2025-05-16 13:09:28 [INFO] client: Tienes la pelota!
2025-05-16 13:09:28 [WARNING] utils: No se pudo obtener info suficiente para decidir.
2025-05-16 13:09:28 [INFO] client: Accion enviada. Mensaje: mensaje_id='PATEAR' token='TOKEN-d0fa6efd-9e6f-45fa-aafb-5679c78f8010' datos={'x': 6, 'y': 19}
2025-05-16 13:09:28 [INFO] client: Tienes la pelota!
2025-05-16 13:09:28 [WARNING] utils: No se pudo obtener info suficiente para decidir.
2025-05-16 13:09:28 [INFO] client: Accion enviada. Mensaje: mensaje_id='PATEAR' token='TOKEN-d0fa6efd-9e6f-45fa-aafb-5679c78f8010' datos={'x': 6, 'y': 19}
2025-05-16 13:09:28 [ERROR] mensajes: msg_id no interpretado. Data: {'mensaje_id': 'OCUPADO', 'datos': {'descripcion': 'El Servidor está ocupado en este momento. Intente más tarde.'}}
2025-05-16 13:09:28 [WARNING] client: Otro mensaje recibido.
Mensaje Enviado: mensaje_id='PATEAR' token='TOKEN-d0fa6efd-9e6f-45fa-aafb-5679c78f8010' datos={'x': 6, 'y': 19}

Mensaje recibido: None
2025-05-16 13:09:29 [INFO] client: Tienes la pelota!
2025-05-16 13:09:29 [INFO] utils: Pasandola al jugador 11
2025-05-16 13:09:29 [INFO] client: Accion enviada. Mensaje: mensaje_id='PASAR_PELOTA' token='TOKEN-d0fa6efd-9e6f-45fa-aafb-5679c78f8010' datos={'jugador_numero': 11}
2025-05-16 13:09:29 [INFO] client: Reaccionar
2025-05-16 13:09:29 [INFO] utils: Jugador mas cercano 9
2025-05-16 13:09:29 [INFO] client: Accion enviada. Mensaje: mensaje_id='MARCAR_ADVERSARIO' token='TOKEN-d0fa6efd-9e6f-45fa-aafb-5679c78f8010' datos={'jugador_numero': 9, 'adversario_numero': 9}
2025-05-16 13:09:29 [ERROR] client: Mensaje de error del servidor. Mensaje enviado: mensaje_id='MARCAR_ADVERSARIO' token='TOKEN-d0fa6efd-9e6f-45fa-aafb-5679c78f8010' datos={'jugador_numero': 9, 'adversario_numero': 9}, Mensaje recibido: mensaje_id='ERROR' datos={'descripcion': 'PATEAR no se puede ejecturar por no poseer la pelota.'}
2025-05-16 13:09:30 [ERROR] client: Mensaje de error del servidor. Mensaje enviado: mensaje_id='MARCAR_ADVERSARIO' token='TOKEN-d0fa6efd-9e6f-45fa-aafb-5679c78f8010' datos={'jugador_numero': 9, 'adversario_numero': 9}, Mensaje recibido: mensaje_id='ERROR' datos={'descripcion': 'PATEAR no se puede ejecturar por no poseer la pelota.'}
2025-05-16 13:09:30 [INFO] client: Tienes la pelota!
2025-05-16 13:09:30 [INFO] utils: Pasandola al jugador 11
2025-05-16 13:09:30 [INFO] client: Accion enviada. Mensaje: mensaje_id='PASAR_PELOTA' token='TOKEN-d0fa6efd-9e6f-45fa-aafb-5679c78f8010' datos={'jugador_numero': 11}
2025-05-16 13:09:30 [INFO] client: Tienes la pelota!
2025-05-16 13:09:30 [INFO] utils: Pasandola al jugador 11
2025-05-16 13:09:30 [INFO] client: Accion enviada. Mensaje: mensaje_id='PASAR_PELOTA' token='TOKEN-d0fa6efd-9e6f-45fa-aafb-5679c78f8010' datos={'jugador_numero': 11}
2025-05-16 13:09:30 [INFO] client: Tienes la pelota!
2025-05-16 13:09:31 [WARNING] utils: No se pudo obtener info suficiente para decidir.
2025-05-16 13:09:31 [INFO] client: Accion enviada. Mensaje: mensaje_id='PATEAR' token='TOKEN-d0fa6efd-9e6f-45fa-aafb-5679c78f8010' datos={'x': 6, 'y': 19}
2025-05-16 13:09:31 [INFO] client: Tienes la pelota!
2025-05-16 13:09:31 [INFO] utils: Pasandola al jugador 11
2025-05-16 13:09:31 [INFO] client: Accion enviada. Mensaje: mensaje_id='PASAR_PELOTA' token='TOKEN-d0fa6efd-9e6f-45fa-aafb-5679c78f8010' datos={'jugador_numero': 11}
2025-05-16 13:09:31 [INFO] client: Tienes la pelota!
2025-05-16 13:09:31 [WARNING] utils: No se pudo obtener info suficiente para decidir.
2025-05-16 13:09:31 [INFO] client: Accion enviada. Mensaje: mensaje_id='PATEAR' token='TOKEN-d0fa6efd-9e6f-45fa-aafb-5679c78f8010' datos={'x': 6, 'y': 19}
2025-05-16 13:09:31 [INFO] client: Tienes la pelota!
2025-05-16 13:09:31 [INFO] utils: Pasandola al jugador 11
2025-05-16 13:09:31 [INFO] client: Accion enviada. Mensaje: mensaje_id='PASAR_PELOTA' token='TOKEN-d0fa6efd-9e6f-45fa-aafb-5679c78f8010' datos={'jugador_numero': 11}
2025-05-16 13:09:31 [ERROR] mensajes: msg_id no interpretado. Data: {'mensaje_id': 'OCUPADO', 'datos': {'descripcion': 'El Servidor está ocupado en este momento. Intente más tarde.'}}
2025-05-16 13:09:31 [WARNING] client: Otro mensaje recibido.
Mensaje Enviado: mensaje_id='PASAR_PELOTA' token='TOKEN-d0fa6efd-9e6f-45fa-aafb-5679c78f8010' datos={'jugador_numero': 11}

Mensaje recibido: None
2025-05-16 13:09:32 [INFO] client: Tienes la pelota!
2025-05-16 13:09:32 [INFO] utils: Pasandola al jugador 11
2025-05-16 13:09:32 [INFO] client: Accion enviada. Mensaje: mensaje_id='PASAR_PELOTA' token='TOKEN-d0fa6efd-9e6f-45fa-aafb-5679c78f8010' datos={'jugador_numero': 11}
2025-05-16 13:09:32 [INFO] client: Tienes la pelota!
2025-05-16 13:09:32 [WARNING] utils: No se pudo obtener info suficiente para decidir.
2025-05-16 13:09:32 [INFO] client: Accion enviada. Mensaje: mensaje_id='PATEAR' token='TOKEN-d0fa6efd-9e6f-45fa-aafb-5679c78f8010' datos={'x': 6, 'y': 19}
2025-05-16 13:09:32 [INFO] client: Reaccionar
2025-05-16 13:09:32 [INFO] utils: Jugador mas cercano 9
2025-05-16 13:09:32 [INFO] client: Accion enviada. Mensaje: mensaje_id='MARCAR_ADVERSARIO' token='TOKEN-d0fa6efd-9e6f-45fa-aafb-5679c78f8010' datos={'jugador_numero': 9, 'adversario_numero': 9}
2025-05-16 13:09:32 [ERROR] client: Mensaje de error del servidor. Mensaje enviado: mensaje_id='MARCAR_ADVERSARIO' token='TOKEN-d0fa6efd-9e6f-45fa-aafb-5679c78f8010' datos={'jugador_numero': 9, 'adversario_numero': 9}, Mensaje recibido: mensaje_id='ERROR' datos={'descripcion': 'PATEAR no se puede ejecturar por no poseer la pelota.'}
2025-05-16 13:09:32 [ERROR] mensajes: msg_id no interpretado. Data: {'mensaje_id': 'OCUPADO', 'datos': {'descripcion': 'El Servidor está ocupado en este momento. Intente más tarde.'}}
2025-05-16 13:09:32 [WARNING] client: Otro mensaje recibido.
Mensaje Enviado: mensaje_id='MARCAR_ADVERSARIO' token='TOKEN-d0fa6efd-9e6f-45fa-aafb-5679c78f8010' datos={'jugador_numero': 9, 'adversario_numero': 9}

Mensaje recibido: None
2025-05-16 13:09:33 [ERROR] client: Mensaje de error del servidor. Mensaje enviado: mensaje_id='MARCAR_ADVERSARIO' token='TOKEN-d0fa6efd-9e6f-45fa-aafb-5679c78f8010' datos={'jugador_numero': 9, 'adversario_numero': 9}, Mensaje recibido: mensaje_id='ERROR' datos={'descripcion': 'PATEAR no se puede ejecturar por no poseer la pelota.'}
2025-05-16 13:09:34 [INFO] client: Tienes la pelota!
2025-05-16 13:09:34 [INFO] utils: Pasandola al jugador 11
2025-05-16 13:09:34 [INFO] client: Accion enviada. Mensaje: mensaje_id='PASAR_PELOTA' token='TOKEN-d0fa6efd-9e6f-45fa-aafb-5679c78f8010' datos={'jugador_numero': 11}
2025-05-16 13:09:34 [INFO] client: Tienes la pelota!
2025-05-16 13:09:34 [INFO] utils: Pelota en el aire.
2025-05-16 13:09:34 [WARNING] utils: No se pudo obtener info suficiente para decidir.
2025-05-16 13:09:34 [INFO] client: Accion enviada. Mensaje: mensaje_id='PATEAR' token='TOKEN-d0fa6efd-9e6f-45fa-aafb-5679c78f8010' datos={'x': 6, 'y': 19}
2025-05-16 13:09:34 [INFO] client: Reaccionar
2025-05-16 13:09:34 [INFO] utils: Jugador mas cercano 10
2025-05-16 13:09:34 [INFO] client: Accion enviada. Mensaje: mensaje_id='CORRER' token='TOKEN-d0fa6efd-9e6f-45fa-aafb-5679c78f8010' datos={'movimientos': [{'jugador_numero': 10, 'x': 6, 'y': 12}]}
2025-05-16 13:09:34 [ERROR] mensajes: msg_id no interpretado. Data: {'mensaje_id': 'OCUPADO', 'datos': {'descripcion': 'El Servidor está ocupado en este momento. Intente más tarde.'}}
2025-05-16 13:09:34 [WARNING] client: Otro mensaje recibido.
Mensaje Enviado: mensaje_id='CORRER' token='TOKEN-d0fa6efd-9e6f-45fa-aafb-5679c78f8010' datos={'movimientos': [{'jugador_numero': 10, 'x': 6, 'y': 12}]}

Mensaje recibido: None
2025-05-16 13:09:34 [INFO] client: Reaccionar
2025-05-16 13:09:34 [INFO] utils: Jugador mas cercano 10
2025-05-16 13:09:35 [INFO] client: Accion enviada. Mensaje: mensaje_id='CORRER' token='TOKEN-d0fa6efd-9e6f-45fa-aafb-5679c78f8010' datos={'movimientos': [{'jugador_numero': 10, 'x': 6, 'y': 12}]}
2025-05-16 13:09:35 [ERROR] client: Mensaje de error del servidor. Mensaje enviado: mensaje_id='CORRER' token='TOKEN-d0fa6efd-9e6f-45fa-aafb-5679c78f8010' datos={'movimientos': [{'jugador_numero': 10, 'x': 6, 'y': 12}]}, Mensaje recibido: mensaje_id='ERROR' datos={'descripcion': 'PATEAR no se puede ejecturar por no poseer la pelota.'}
2025-05-16 13:09:35 [INFO] client: Reaccionar
2025-05-16 13:09:35 [INFO] utils: Jugador mas cercano 10
2025-05-16 13:09:35 [INFO] client: Accion enviada. Mensaje: mensaje_id='CORRER' token='TOKEN-d0fa6efd-9e6f-45fa-aafb-5679c78f8010' datos={'movimientos': [{'jugador_numero': 10, 'x': 6, 'y': 12}]}
2025-05-16 13:09:35 [ERROR] client: Mensaje de error del servidor. Mensaje enviado: mensaje_id='CORRER' token='TOKEN-d0fa6efd-9e6f-45fa-aafb-5679c78f8010' datos={'movimientos': [{'jugador_numero': 10, 'x': 6, 'y': 12}]}, Mensaje recibido: mensaje_id='ERROR' datos={'descripcion': 'PATEAR no se puede ejecturar por no poseer la pelota.'}
2025-05-16 13:09:36 [INFO] client: Reaccionar
2025-05-16 13:09:36 [INFO] utils: Jugador mas cercano 10
2025-05-16 13:09:37 [INFO] client: Accion enviada. Mensaje: mensaje_id='CORRER' token='TOKEN-d0fa6efd-9e6f-45fa-aafb-5679c78f8010' datos={'movimientos': [{'jugador_numero': 10, 'x': 6, 'y': 12}]}
2025-05-16 13:09:37 [INFO] client: Reaccionar
2025-05-16 13:09:37 [INFO] utils: Jugador mas cercano 10
2025-05-16 13:09:37 [INFO] client: Accion enviada. Mensaje: mensaje_id='CORRER' token='TOKEN-d0fa6efd-9e6f-45fa-aafb-5679c78f8010' datos={'movimientos': [{'jugador_numero': 10, 'x': 6, 'y': 12}]}
2025-05-16 13:09:37 [INFO] client: Reaccionar
2025-05-16 13:09:37 [INFO] utils: Jugador mas cercano 4
2025-05-16 13:09:37 [INFO] client: Accion enviada. Mensaje: mensaje_id='MARCAR_ADVERSARIO' token='TOKEN-d0fa6efd-9e6f-45fa-aafb-5679c78f8010' datos={'jugador_numero': 4, 'adversario_numero': 10}
2025-05-16 13:09:37 [INFO] client: Tienes la pelota!
2025-05-16 13:09:37 [INFO] utils: Pasandola al jugador 11
2025-05-16 13:09:37 [INFO] client: Accion enviada. Mensaje: mensaje_id='PASAR_PELOTA' token='TOKEN-d0fa6efd-9e6f-45fa-aafb-5679c78f8010' datos={'jugador_numero': 11}
2025-05-16 13:09:37 [ERROR] mensajes: msg_id no interpretado. Data: {'mensaje_id': 'OCUPADO', 'datos': {'descripcion': 'El Servidor está ocupado en este momento. Intente más tarde.'}}
2025-05-16 13:09:37 [WARNING] client: Otro mensaje recibido.
Mensaje Enviado: mensaje_id='PASAR_PELOTA' token='TOKEN-d0fa6efd-9e6f-45fa-aafb-5679c78f8010' datos={'jugador_numero': 11}

Mensaje recibido: None
2025-05-16 13:09:37 [INFO] client: Tienes la pelota!
2025-05-16 13:09:37 [INFO] utils: Pasandola al jugador 11
2025-05-16 13:09:38 [INFO] client: Accion enviada. Mensaje: mensaje_id='PASAR_PELOTA' token='TOKEN-d0fa6efd-9e6f-45fa-aafb-5679c78f8010' datos={'jugador_numero': 11}
2025-05-16 13:09:38 [INFO] client: Tienes la pelota!
2025-05-16 13:09:38 [INFO] utils: Pasandola al jugador 11
2025-05-16 13:09:38 [INFO] client: Accion enviada. Mensaje: mensaje_id='PASAR_PELOTA' token='TOKEN-d0fa6efd-9e6f-45fa-aafb-5679c78f8010' datos={'jugador_numero': 11}
2025-05-16 13:09:38 [INFO] client: Tienes la pelota!
2025-05-16 13:09:39 [WARNING] utils: No se pudo obtener info suficiente para decidir.
2025-05-16 13:09:39 [INFO] client: Accion enviada. Mensaje: mensaje_id='PATEAR' token='TOKEN-d0fa6efd-9e6f-45fa-aafb-5679c78f8010' datos={'x': 6, 'y': 19}
2025-05-16 13:09:39 [INFO] client: Tienes la pelota!
2025-05-16 13:09:39 [INFO] utils: Pasandola al jugador 11
2025-05-16 13:09:39 [INFO] client: Accion enviada. Mensaje: mensaje_id='PASAR_PELOTA' token='TOKEN-d0fa6efd-9e6f-45fa-aafb-5679c78f8010' datos={'jugador_numero': 11}
2025-05-16 13:09:39 [INFO] client: Tienes la pelota!
2025-05-16 13:09:39 [WARNING] utils: No se pudo obtener info suficiente para decidir.
2025-05-16 13:09:39 [INFO] client: Accion enviada. Mensaje: mensaje_id='PATEAR' token='TOKEN-d0fa6efd-9e6f-45fa-aafb-5679c78f8010' datos={'x': 6, 'y': 19}
2025-05-16 13:09:39 [INFO] client: Tienes la pelota!
2025-05-16 13:09:39 [INFO] utils: Pasandola al jugador 11
2025-05-16 13:09:39 [INFO] client: Accion enviada. Mensaje: mensaje_id='PASAR_PELOTA' token='TOKEN-d0fa6efd-9e6f-45fa-aafb-5679c78f8010' datos={'jugador_numero': 11}
2025-05-16 13:09:39 [ERROR] mensajes: msg_id no interpretado. Data: {'mensaje_id': 'OCUPADO', 'datos': {'descripcion': 'El Servidor está ocupado en este momento. Intente más tarde.'}}
2025-05-16 13:09:39 [WARNING] client: Otro mensaje recibido.
Mensaje Enviado: mensaje_id='PASAR_PELOTA' token='TOKEN-d0fa6efd-9e6f-45fa-aafb-5679c78f8010' datos={'jugador_numero': 11}

Mensaje recibido: None
2025-05-16 13:09:40 [INFO] client: Tienes la pelota!
2025-05-16 13:09:40 [INFO] utils: Pasandola al jugador 11
2025-05-16 13:09:40 [INFO] client: Accion enviada. Mensaje: mensaje_id='PASAR_PELOTA' token='TOKEN-d0fa6efd-9e6f-45fa-aafb-5679c78f8010' datos={'jugador_numero': 11}
2025-05-16 13:09:40 [INFO] client: Tienes la pelota!
2025-05-16 13:09:40 [WARNING] utils: No se pudo obtener info suficiente para decidir.
2025-05-16 13:09:40 [INFO] client: Accion enviada. Mensaje: mensaje_id='PATEAR' token='TOKEN-d0fa6efd-9e6f-45fa-aafb-5679c78f8010' datos={'x': 6, 'y': 19}
2025-05-16 13:09:40 [INFO] client: Tienes la pelota!
2025-05-16 13:09:40 [WARNING] utils: No se pudo obtener info suficiente para decidir.
2025-05-16 13:09:40 [INFO] client: Accion enviada. Mensaje: mensaje_id='PATEAR' token='TOKEN-d0fa6efd-9e6f-45fa-aafb-5679c78f8010' datos={'x': 6, 'y': 19}
2025-05-16 13:09:40 [INFO] client: Reaccionar
2025-05-16 13:09:40 [INFO] utils: Jugador mas cercano 11
2025-05-16 13:09:40 [INFO] client: Accion enviada. Mensaje: mensaje_id='CORRER' token='TOKEN-d0fa6efd-9e6f-45fa-aafb-5679c78f8010' datos={'movimientos': [{'jugador_numero': 11, 'x': 8, 'y': 16}]}
2025-05-16 13:09:40 [ERROR] mensajes: msg_id no interpretado. Data: {'mensaje_id': 'OCUPADO', 'datos': {'descripcion': 'El Servidor está ocupado en este momento. Intente más tarde.'}}
2025-05-16 13:09:40 [WARNING] client: Otro mensaje recibido.
Mensaje Enviado: mensaje_id='CORRER' token='TOKEN-d0fa6efd-9e6f-45fa-aafb-5679c78f8010' datos={'movimientos': [{'jugador_numero': 11, 'x': 8, 'y': 16}]}

Mensaje recibido: None
2025-05-16 13:09:41 [ERROR] client: Mensaje de error del servidor. Mensaje enviado: mensaje_id='CORRER' token='TOKEN-d0fa6efd-9e6f-45fa-aafb-5679c78f8010' datos={'movimientos': [{'jugador_numero': 11, 'x': 8, 'y': 16}]}, Mensaje recibido: mensaje_id='ERROR' datos={'descripcion': 'PATEAR no se puede ejecturar por no poseer la pelota.'}
2025-05-16 13:09:42 [INFO] client: Tienes la pelota!
2025-05-16 13:09:42 [WARNING] utils: No se pudo obtener info suficiente para decidir.
2025-05-16 13:09:42 [INFO] client: Accion enviada. Mensaje: mensaje_id='PATEAR' token='TOKEN-d0fa6efd-9e6f-45fa-aafb-5679c78f8010' datos={'x': 6, 'y': 19}
2025-05-16 13:09:42 [INFO] client: Reaccionar
2025-05-16 13:09:42 [INFO] utils: Jugador mas cercano 11
2025-05-16 13:09:42 [INFO] client: Accion enviada. Mensaje: mensaje_id='MARCAR_ADVERSARIO' token='TOKEN-d0fa6efd-9e6f-45fa-aafb-5679c78f8010' datos={'jugador_numero': 11, 'adversario_numero': 4}
2025-05-16 13:09:42 [INFO] client: Reaccionar
2025-05-16 13:09:42 [INFO] utils: Jugador mas cercano 11
2025-05-16 13:09:42 [INFO] client: Accion enviada. Mensaje: mensaje_id='CORRER' token='TOKEN-d0fa6efd-9e6f-45fa-aafb-5679c78f8010' datos={'movimientos': [{'jugador_numero': 11, 'x': 6, 'y': 19}]}
2025-05-16 13:09:42 [ERROR] mensajes: msg_id no interpretado. Data: {'mensaje_id': 'OCUPADO', 'datos': {'descripcion': 'El Servidor está ocupado en este momento. Intente más tarde.'}}
2025-05-16 13:09:42 [WARNING] client: Otro mensaje recibido.
Mensaje Enviado: mensaje_id='CORRER' token='TOKEN-d0fa6efd-9e6f-45fa-aafb-5679c78f8010' datos={'movimientos': [{'jugador_numero': 11, 'x': 6, 'y': 19}]}

Mensaje recibido: None
2025-05-16 13:09:43 [INFO] client: Reaccionar
2025-05-16 13:09:43 [INFO] utils: Jugador mas cercano 11
2025-05-16 13:09:43 [INFO] client: Accion enviada. Mensaje: mensaje_id='MARCAR_ADVERSARIO' token='TOKEN-d0fa6efd-9e6f-45fa-aafb-5679c78f8010' datos={'jugador_numero': 11, 'adversario_numero': 4}
2025-05-16 13:09:44 [ERROR] client: Mensaje de error del servidor. Mensaje enviado: mensaje_id='MARCAR_ADVERSARIO' token='TOKEN-d0fa6efd-9e6f-45fa-aafb-5679c78f8010' datos={'jugador_numero': 11, 'adversario_numero': 4}, Mensaje recibido: mensaje_id='ERROR' datos={'descripcion': 'PATEAR no se puede ejecturar por no poseer la pelota.'}
2025-05-16 13:09:44 [INFO] client: Reaccionar
2025-05-16 13:09:44 [INFO] utils: Jugador mas cercano 11
2025-05-16 13:09:44 [INFO] client: Accion enviada. Mensaje: mensaje_id='MARCAR_ADVERSARIO' token='TOKEN-d0fa6efd-9e6f-45fa-aafb-5679c78f8010' datos={'jugador_numero': 11, 'adversario_numero': 4}
2025-05-16 13:09:44 [INFO] client: Reaccionar
2025-05-16 13:09:44 [INFO] utils: Jugador mas cercano 11
2025-05-16 13:09:44 [INFO] client: Accion enviada. Mensaje: mensaje_id='MARCAR_ADVERSARIO' token='TOKEN-d0fa6efd-9e6f-45fa-aafb-5679c78f8010' datos={'jugador_numero': 11, 'adversario_numero': 4}
2025-05-16 13:09:44 [ERROR] mensajes: msg_id no interpretado. Data: {'mensaje_id': 'OCUPADO', 'datos': {'descripcion': 'El Servidor está ocupado en este momento. Intente más tarde.'}}
2025-05-16 13:09:44 [WARNING] client: Otro mensaje recibido.
Mensaje Enviado: mensaje_id='MARCAR_ADVERSARIO' token='TOKEN-d0fa6efd-9e6f-45fa-aafb-5679c78f8010' datos={'jugador_numero': 11, 'adversario_numero': 4}

Mensaje recibido: None
2025-05-16 13:09:45 [INFO] client: Reaccionar
2025-05-16 13:09:45 [INFO] utils: Pelota en el aire.
2025-05-16 13:09:45 [INFO] utils: Jugador mas cercano 11
2025-05-16 13:09:45 [INFO] client: Accion enviada. Mensaje: mensaje_id='CORRER' token='TOKEN-d0fa6efd-9e6f-45fa-aafb-5679c78f8010' datos={'movimientos': [{'jugador_numero': 11, 'x': 8, 'y': 16}]}
2025-05-16 13:09:45 [INFO] client: Reaccionar
2025-05-16 13:09:45 [INFO] utils: Jugador mas cercano 10
2025-05-16 13:09:45 [INFO] client: Accion enviada. Mensaje: mensaje_id='CORRER' token='TOKEN-d0fa6efd-9e6f-45fa-aafb-5679c78f8010' datos={'movimientos': [{'jugador_numero': 10, 'x': 8, 'y': 12}]}
2025-05-16 13:09:45 [INFO] client: Reaccionar
2025-05-16 13:09:45 [INFO] utils: Jugador mas cercano 11
2025-05-16 13:09:45 [INFO] client: Accion enviada. Mensaje: mensaje_id='MARCAR_ADVERSARIO' token='TOKEN-d0fa6efd-9e6f-45fa-aafb-5679c78f8010' datos={'jugador_numero': 11, 'adversario_numero': 4}
2025-05-16 13:09:45 [INFO] client: Reaccionar
2025-05-16 13:09:45 [INFO] utils: Pelota en el aire.
2025-05-16 13:09:45 [INFO] utils: Jugador mas cercano 11
2025-05-16 13:09:45 [INFO] client: Accion enviada. Mensaje: mensaje_id='CORRER' token='TOKEN-d0fa6efd-9e6f-45fa-aafb-5679c78f8010' datos={'movimientos': [{'jugador_numero': 11, 'x': 8, 'y': 16}]}
2025-05-16 13:09:45 [INFO] client: Reaccionar
2025-05-16 13:09:45 [INFO] utils: Jugador mas cercano 10
2025-05-16 13:09:45 [INFO] client: Accion enviada. Mensaje: mensaje_id='CORRER' token='TOKEN-d0fa6efd-9e6f-45fa-aafb-5679c78f8010' datos={'movimientos': [{'jugador_numero': 10, 'x': 8, 'y': 12}]}
2025-05-16 13:09:45 [INFO] client: Reaccionar
2025-05-16 13:09:45 [INFO] utils: Jugador mas cercano 10
2025-05-16 13:09:45 [INFO] client: Accion enviada. Mensaje: mensaje_id='CORRER' token='TOKEN-d0fa6efd-9e6f-45fa-aafb-5679c78f8010' datos={'movimientos': [{'jugador_numero': 10, 'x': 8, 'y': 12}]}
2025-05-16 13:09:45 [ERROR] mensajes: msg_id no interpretado. Data: {'mensaje_id': 'OCUPADO', 'datos': {'descripcion': 'El Servidor está ocupado en este momento. Intente más tarde.'}}
2025-05-16 13:09:45 [WARNING] client: Otro mensaje recibido.
Mensaje Enviado: mensaje_id='CORRER' token='TOKEN-d0fa6efd-9e6f-45fa-aafb-5679c78f8010' datos={'movimientos': [{'jugador_numero': 10, 'x': 8, 'y': 12}]}

Mensaje recibido: None
2025-05-16 13:09:45 [INFO] client: Reaccionar
2025-05-16 13:09:45 [INFO] utils: Jugador mas cercano 10
2025-05-16 13:09:45 [INFO] client: Accion enviada. Mensaje: mensaje_id='CORRER' token='TOKEN-d0fa6efd-9e6f-45fa-aafb-5679c78f8010' datos={'movimientos': [{'jugador_numero': 10, 'x': 8, 'y': 12}]}
2025-05-16 13:09:46 [INFO] client: Tienes la pelota!
2025-05-16 13:09:46 [WARNING] utils: No se pudo obtener info suficiente para decidir.
2025-05-16 13:09:46 [INFO] client: Accion enviada. Mensaje: mensaje_id='PATEAR' token='TOKEN-d0fa6efd-9e6f-45fa-aafb-5679c78f8010' datos={'x': 6, 'y': 19}
2025-05-16 13:09:47 [INFO] client: Tienes la pelota!
2025-05-16 13:09:47 [INFO] utils: Pasandola al jugador 11
2025-05-16 13:09:47 [INFO] client: Accion enviada. Mensaje: mensaje_id='PASAR_PELOTA' token='TOKEN-d0fa6efd-9e6f-45fa-aafb-5679c78f8010' datos={'jugador_numero': 11}
2025-05-16 13:09:48 [INFO] client: Tienes la pelota!
2025-05-16 13:09:48 [INFO] utils: Pasandola al jugador 11
2025-05-16 13:09:48 [INFO] client: Accion enviada. Mensaje: mensaje_id='PASAR_PELOTA' token='TOKEN-d0fa6efd-9e6f-45fa-aafb-5679c78f8010' datos={'jugador_numero': 11}
2025-05-16 13:09:48 [INFO] client: Reaccionar
2025-05-16 13:09:48 [INFO] utils: Jugador mas cercano 10
2025-05-16 13:09:48 [INFO] client: Accion enviada. Mensaje: mensaje_id='MARCAR_ADVERSARIO' token='TOKEN-d0fa6efd-9e6f-45fa-aafb-5679c78f8010' datos={'jugador_numero': 10, 'adversario_numero': 8}
2025-05-16 13:09:48 [INFO] client: Reaccionar
2025-05-16 13:09:48 [INFO] utils: Jugador mas cercano 11
2025-05-16 13:09:48 [INFO] client: Accion enviada. Mensaje: mensaje_id='CORRER' token='TOKEN-d0fa6efd-9e6f-45fa-aafb-5679c78f8010' datos={'movimientos': [{'jugador_numero': 11, 'x': 7, 'y': 16}]}
2025-05-16 13:09:48 [ERROR] mensajes: msg_id no interpretado. Data: {'mensaje_id': 'OCUPADO', 'datos': {'descripcion': 'El Servidor está ocupado en este momento. Intente más tarde.'}}
2025-05-16 13:09:48 [WARNING] client: Otro mensaje recibido.
Mensaje Enviado: mensaje_id='CORRER' token='TOKEN-d0fa6efd-9e6f-45fa-aafb-5679c78f8010' datos={'movimientos': [{'jugador_numero': 11, 'x': 7, 'y': 16}]}

Mensaje recibido: None
2025-05-16 13:09:48 [ERROR] client: Mensaje de error del servidor. Mensaje enviado: mensaje_id='CORRER' token='TOKEN-d0fa6efd-9e6f-45fa-aafb-5679c78f8010' datos={'movimientos': [{'jugador_numero': 11, 'x': 7, 'y': 16}]}, Mensaje recibido: mensaje_id='ERROR' datos={'descripcion': 'PATEAR no se puede ejecturar por no poseer la pelota.'}
2025-05-16 13:09:48 [INFO] client: Reaccionar
2025-05-16 13:09:48 [INFO] utils: Jugador mas cercano 10
2025-05-16 13:09:48 [INFO] client: Accion enviada. Mensaje: mensaje_id='MARCAR_ADVERSARIO' token='TOKEN-d0fa6efd-9e6f-45fa-aafb-5679c78f8010' datos={'jugador_numero': 10, 'adversario_numero': 8}
2025-05-16 13:09:48 [ERROR] client: Mensaje de error del servidor. Mensaje enviado: mensaje_id='MARCAR_ADVERSARIO' token='TOKEN-d0fa6efd-9e6f-45fa-aafb-5679c78f8010' datos={'jugador_numero': 10, 'adversario_numero': 8}, Mensaje recibido: mensaje_id='ERROR' datos={'descripcion': 'PATEAR no se puede ejecturar por no poseer la pelota.'}
2025-05-16 13:09:49 [INFO] client: Tienes la pelota!
2025-05-16 13:09:49 [INFO] utils: Pasandola al jugador 11
2025-05-16 13:09:49 [INFO] client: Accion enviada. Mensaje: mensaje_id='PASAR_PELOTA' token='TOKEN-d0fa6efd-9e6f-45fa-aafb-5679c78f8010' datos={'jugador_numero': 11}
2025-05-16 13:09:49 [INFO] client: Reaccionar
2025-05-16 13:09:49 [INFO] utils: Jugador mas cercano 10
2025-05-16 13:09:50 [INFO] client: Accion enviada. Mensaje: mensaje_id='MARCAR_ADVERSARIO' token='TOKEN-d0fa6efd-9e6f-45fa-aafb-5679c78f8010' datos={'jugador_numero': 10, 'adversario_numero': 8}
2025-05-16 13:09:50 [ERROR] client: Mensaje de error del servidor. Mensaje enviado: mensaje_id='MARCAR_ADVERSARIO' token='TOKEN-d0fa6efd-9e6f-45fa-aafb-5679c78f8010' datos={'jugador_numero': 10, 'adversario_numero': 8}, Mensaje recibido: mensaje_id='ERROR' datos={'descripcion': 'PATEAR no se puede ejecturar por no poseer la pelota.'}
2025-05-16 13:09:50 [INFO] client: Tienes la pelota!
2025-05-16 13:09:50 [INFO] utils: Pasandola al jugador 11
2025-05-16 13:09:50 [INFO] client: Accion enviada. Mensaje: mensaje_id='PASAR_PELOTA' token='TOKEN-d0fa6efd-9e6f-45fa-aafb-5679c78f8010' datos={'jugador_numero': 11}
2025-05-16 13:09:51 [INFO] client: Tienes la pelota!
2025-05-16 13:09:51 [INFO] utils: Pasandola al jugador 11
2025-05-16 13:09:51 [INFO] client: Accion enviada. Mensaje: mensaje_id='PASAR_PELOTA' token='TOKEN-d0fa6efd-9e6f-45fa-aafb-5679c78f8010' datos={'jugador_numero': 11}
2025-05-16 13:09:51 [INFO] client: Tienes la pelota!
2025-05-16 13:09:51 [INFO] utils: Pasandola al jugador 11
2025-05-16 13:09:51 [INFO] client: Accion enviada. Mensaje: mensaje_id='PASAR_PELOTA' token='TOKEN-d0fa6efd-9e6f-45fa-aafb-5679c78f8010' datos={'jugador_numero': 11}
2025-05-16 13:09:51 [INFO] client: Tienes la pelota!
2025-05-16 13:09:51 [WARNING] utils: No se pudo obtener info suficiente para decidir.
2025-05-16 13:09:51 [INFO] client: Accion enviada. Mensaje: mensaje_id='PATEAR' token='TOKEN-d0fa6efd-9e6f-45fa-aafb-5679c78f8010' datos={'x': 6, 'y': 19}
2025-05-16 13:09:51 [ERROR] mensajes: msg_id no interpretado. Data: {'mensaje_id': 'OCUPADO', 'datos': {'descripcion': 'El Servidor está ocupado en este momento. Intente más tarde.'}}
2025-05-16 13:09:51 [WARNING] client: Otro mensaje recibido.
Mensaje Enviado: mensaje_id='PATEAR' token='TOKEN-d0fa6efd-9e6f-45fa-aafb-5679c78f8010' datos={'x': 6, 'y': 19}

Mensaje recibido: None
2025-05-16 13:09:53 [INFO] client: Tienes la pelota!
2025-05-16 13:09:53 [WARNING] utils: No se pudo obtener info suficiente para decidir.
2025-05-16 13:09:53 [INFO] client: Accion enviada. Mensaje: mensaje_id='PATEAR' token='TOKEN-d0fa6efd-9e6f-45fa-aafb-5679c78f8010' datos={'x': 6, 'y': 19}
2025-05-16 13:09:53 [INFO] client: Reaccionar
2025-05-16 13:09:53 [INFO] utils: Jugador mas cercano 11
2025-05-16 13:09:53 [INFO] client: Accion enviada. Mensaje: mensaje_id='CORRER' token='TOKEN-d0fa6efd-9e6f-45fa-aafb-5679c78f8010' datos={'movimientos': [{'jugador_numero': 11, 'x': 8, 'y': 16}]}
2025-05-16 13:09:53 [INFO] client: Reaccionar
2025-05-16 13:09:53 [INFO] utils: Jugador mas cercano 11
2025-05-16 13:09:53 [INFO] client: Accion enviada. Mensaje: mensaje_id='CORRER' token='TOKEN-d0fa6efd-9e6f-45fa-aafb-5679c78f8010' datos={'movimientos': [{'jugador_numero': 11, 'x': 8, 'y': 16}]}
2025-05-16 13:09:53 [INFO] client: Reaccionar
2025-05-16 13:09:53 [INFO] utils: Jugador mas cercano 11
2025-05-16 13:09:53 [INFO] client: Accion enviada. Mensaje: mensaje_id='CORRER' token='TOKEN-d0fa6efd-9e6f-45fa-aafb-5679c78f8010' datos={'movimientos': [{'jugador_numero': 11, 'x': 8, 'y': 16}]}
2025-05-16 13:09:53 [ERROR] mensajes: msg_id no interpretado. Data: {'mensaje_id': 'OCUPADO', 'datos': {'descripcion': 'El Servidor está ocupado en este momento. Intente más tarde.'}}
2025-05-16 13:09:53 [WARNING] client: Otro mensaje recibido.
Mensaje Enviado: mensaje_id='CORRER' token='TOKEN-d0fa6efd-9e6f-45fa-aafb-5679c78f8010' datos={'movimientos': [{'jugador_numero': 11, 'x': 8, 'y': 16}]}

Mensaje recibido: None
2025-05-16 13:09:54 [ERROR] client: Mensaje de error del servidor. Mensaje enviado: mensaje_id='CORRER' token='TOKEN-d0fa6efd-9e6f-45fa-aafb-5679c78f8010' datos={'movimientos': [{'jugador_numero': 11, 'x': 8, 'y': 16}]}, Mensaje recibido: mensaje_id='ERROR' datos={'descripcion': 'PATEAR no se puede ejecturar por no poseer la pelota.'}
2025-05-16 13:09:55 [INFO] client: Tienes la pelota!
2025-05-16 13:09:55 [WARNING] utils: No se pudo obtener info suficiente para decidir.
2025-05-16 13:09:55 [INFO] client: Accion enviada. Mensaje: mensaje_id='PATEAR' token='TOKEN-d0fa6efd-9e6f-45fa-aafb-5679c78f8010' datos={'x': 6, 'y': 19}
2025-05-16 13:09:55 [INFO] client: Reaccionar
2025-05-16 13:09:55 [INFO] utils: Jugador mas cercano 7
2025-05-16 13:09:55 [INFO] client: Accion enviada. Mensaje: mensaje_id='MARCAR_ADVERSARIO' token='TOKEN-d0fa6efd-9e6f-45fa-aafb-5679c78f8010' datos={'jugador_numero': 7, 'adversario_numero': 11}
2025-05-16 13:09:55 [INFO] client: Reaccionar
2025-05-16 13:09:55 [INFO] utils: Jugador mas cercano 11
2025-05-16 13:09:55 [INFO] client: Accion enviada. Mensaje: mensaje_id='MARCAR_ADVERSARIO' token='TOKEN-d0fa6efd-9e6f-45fa-aafb-5679c78f8010' datos={'jugador_numero': 11, 'adversario_numero': 4}
2025-05-16 13:09:55 [ERROR] mensajes: msg_id no interpretado. Data: {'mensaje_id': 'OCUPADO', 'datos': {'descripcion': 'El Servidor está ocupado en este momento. Intente más tarde.'}}
2025-05-16 13:09:55 [WARNING] client: Otro mensaje recibido.
Mensaje Enviado: mensaje_id='MARCAR_ADVERSARIO' token='TOKEN-d0fa6efd-9e6f-45fa-aafb-5679c78f8010' datos={'jugador_numero': 11, 'adversario_numero': 4}

Mensaje recibido: None
2025-05-16 13:09:55 [INFO] client: Tienes la pelota!
2025-05-16 13:09:56 [INFO] utils: El equipo esta cerca del arco... Patean al arco!
2025-05-16 13:09:56 [INFO] client: Accion enviada. Mensaje: mensaje_id='PATEAR' token='TOKEN-d0fa6efd-9e6f-45fa-aafb-5679c78f8010' datos={'x': 6, 'y': 19}
2025-05-16 13:09:56 [INFO] client: Reaccionar
2025-05-16 13:09:56 [INFO] utils: Jugador mas cercano 11
2025-05-16 13:09:56 [INFO] client: Accion enviada. Mensaje: mensaje_id='CORRER' token='TOKEN-d0fa6efd-9e6f-45fa-aafb-5679c78f8010' datos={'movimientos': [{'jugador_numero': 11, 'x': 6, 'y': 20}]}
2025-05-16 13:09:56 [INFO] client: Reaccionar
2025-05-16 13:09:56 [INFO] utils: Jugador mas cercano 11
2025-05-16 13:09:56 [INFO] client: Accion enviada. Mensaje: mensaje_id='CORRER' token='TOKEN-d0fa6efd-9e6f-45fa-aafb-5679c78f8010' datos={'movimientos': [{'jugador_numero': 11, 'x': 6, 'y': 20}]}
2025-05-16 13:09:56 [ERROR] mensajes: msg_id no interpretado. Data: {'mensaje_id': 'OCUPADO', 'datos': {'descripcion': 'El Servidor está ocupado en este momento. Intente más tarde.'}}
2025-05-16 13:09:56 [WARNING] client: Otro mensaje recibido.
Mensaje Enviado: mensaje_id='CORRER' token='TOKEN-d0fa6efd-9e6f-45fa-aafb-5679c78f8010' datos={'movimientos': [{'jugador_numero': 11, 'x': 6, 'y': 20}]}

Mensaje recibido: None
2025-05-16 13:09:58 [ERROR] client: Mensaje de error del servidor. Mensaje enviado: mensaje_id='CORRER' token='TOKEN-d0fa6efd-9e6f-45fa-aafb-5679c78f8010' datos={'movimientos': [{'jugador_numero': 11, 'x': 6, 'y': 20}]}, Mensaje recibido: mensaje_id='ERROR' datos={'descripcion': 'PATEAR no se puede ejecturar por no poseer la pelota.'}
2025-05-16 13:09:59 [INFO] client: Reaccionar
2025-05-16 13:09:59 [INFO] utils: Jugador mas cercano 11
2025-05-16 13:09:59 [INFO] client: Accion enviada. Mensaje: mensaje_id='CORRER' token='TOKEN-d0fa6efd-9e6f-45fa-aafb-5679c78f8010' datos={'movimientos': [{'jugador_numero': 11, 'x': 6, 'y': 20}]}
2025-05-16 13:09:59 [INFO] client: Tienes la pelota!
2025-05-16 13:09:59 [WARNING] utils: No se pudo obtener info suficiente para decidir.
2025-05-16 13:09:59 [INFO] client: Accion enviada. Mensaje: mensaje_id='PATEAR' token='TOKEN-d0fa6efd-9e6f-45fa-aafb-5679c78f8010' datos={'x': 6, 'y': 19}
2025-05-16 13:09:59 [INFO] client: Tienes la pelota!
2025-05-16 13:09:59 [WARNING] utils: No se pudo obtener info suficiente para decidir.
2025-05-16 13:09:59 [INFO] client: Accion enviada. Mensaje: mensaje_id='PATEAR' token='TOKEN-d0fa6efd-9e6f-45fa-aafb-5679c78f8010' datos={'x': 6, 'y': 19}
2025-05-16 13:09:59 [ERROR] mensajes: msg_id no interpretado. Data: {'mensaje_id': 'OCUPADO', 'datos': {'descripcion': 'El Servidor está ocupado en este momento. Intente más tarde.'}}
2025-05-16 13:09:59 [WARNING] client: Otro mensaje recibido.
Mensaje Enviado: mensaje_id='PATEAR' token='TOKEN-d0fa6efd-9e6f-45fa-aafb-5679c78f8010' datos={'x': 6, 'y': 19}

Mensaje recibido: None
2025-05-16 13:09:59 [INFO] client: Reaccionar
2025-05-16 13:09:59 [INFO] utils: Jugador mas cercano 10
2025-05-16 13:09:59 [INFO] client: Accion enviada. Mensaje: mensaje_id='CORRER' token='TOKEN-d0fa6efd-9e6f-45fa-aafb-5679c78f8010' datos={'movimientos': [{'jugador_numero': 10, 'x': 6, 'y': 20}]}
2025-05-16 13:10:00 [INFO] client: Tienes la pelota!
2025-05-16 13:10:00 [INFO] utils: Pasandola al jugador 10
2025-05-16 13:10:00 [INFO] client: Accion enviada. Mensaje: mensaje_id='PASAR_PELOTA' token='TOKEN-d0fa6efd-9e6f-45fa-aafb-5679c78f8010' datos={'jugador_numero': 10}
2025-05-16 13:10:00 [INFO] client: Reaccionar
2025-05-16 13:10:00 [INFO] utils: Jugador mas cercano 2
2025-05-16 13:10:00 [INFO] client: Accion enviada. Mensaje: mensaje_id='CORRER' token='TOKEN-d0fa6efd-9e6f-45fa-aafb-5679c78f8010' datos={'movimientos': [{'jugador_numero': 2, 'x': 10, 'y': 7}]}
2025-05-16 13:10:00 [ERROR] mensajes: msg_id no interpretado. Data: {'mensaje_id': 'OCUPADO', 'datos': {'descripcion': 'El Servidor está ocupado en este momento. Intente más tarde.'}}
2025-05-16 13:10:00 [WARNING] client: Otro mensaje recibido.
Mensaje Enviado: mensaje_id='CORRER' token='TOKEN-d0fa6efd-9e6f-45fa-aafb-5679c78f8010' datos={'movimientos': [{'jugador_numero': 2, 'x': 10, 'y': 7}]}

Mensaje recibido: None
2025-05-16 13:10:00 [INFO] client: Reaccionar
2025-05-16 13:10:00 [INFO] utils: Jugador mas cercano 2
2025-05-16 13:10:00 [INFO] client: Accion enviada. Mensaje: mensaje_id='CORRER' token='TOKEN-d0fa6efd-9e6f-45fa-aafb-5679c78f8010' datos={'movimientos': [{'jugador_numero': 2, 'x': 10, 'y': 7}]}
2025-05-16 13:10:01 [INFO] client: Reaccionar
2025-05-16 13:10:01 [INFO] utils: Jugador mas cercano 2
2025-05-16 13:10:01 [INFO] client: Accion enviada. Mensaje: mensaje_id='CORRER' token='TOKEN-d0fa6efd-9e6f-45fa-aafb-5679c78f8010' datos={'movimientos': [{'jugador_numero': 2, 'x': 10, 'y': 7}]}
2025-05-16 13:10:04 [INFO] client: Tienes la pelota!
2025-05-16 13:10:04 [WARNING] utils: No se pudo obtener info suficiente para decidir.
2025-05-16 13:10:04 [INFO] client: Accion enviada. Mensaje: mensaje_id='PATEAR' token='TOKEN-d0fa6efd-9e6f-45fa-aafb-5679c78f8010' datos={'x': 6, 'y': 19}
2025-05-16 13:10:05 [INFO] client: Tienes la pelota!
2025-05-16 13:10:05 [WARNING] utils: No se pudo obtener info suficiente para decidir.
2025-05-16 13:10:05 [INFO] client: Accion enviada. Mensaje: mensaje_id='PATEAR' token='TOKEN-d0fa6efd-9e6f-45fa-aafb-5679c78f8010' datos={'x': 6, 'y': 19}
2025-05-16 13:10:05 [INFO] client: Reaccionar
2025-05-16 13:10:05 [INFO] utils: Jugador mas cercano 2
2025-05-16 13:10:05 [INFO] client: Accion enviada. Mensaje: mensaje_id='MARCAR_ADVERSARIO' token='TOKEN-d0fa6efd-9e6f-45fa-aafb-5679c78f8010' datos={'jugador_numero': 2, 'adversario_numero': 9}
2025-05-16 13:10:05 [INFO] client: Tienes la pelota!
2025-05-16 13:10:05 [INFO] utils: Pasandola al jugador 10
2025-05-16 13:10:05 [INFO] client: Accion enviada. Mensaje: mensaje_id='PASAR_PELOTA' token='TOKEN-d0fa6efd-9e6f-45fa-aafb-5679c78f8010' datos={'jugador_numero': 10}
2025-05-16 13:10:05 [ERROR] mensajes: msg_id no interpretado. Data: {'mensaje_id': 'OCUPADO', 'datos': {'descripcion': 'El Servidor está ocupado en este momento. Intente más tarde.'}}
2025-05-16 13:10:05 [WARNING] client: Otro mensaje recibido.
Mensaje Enviado: mensaje_id='PASAR_PELOTA' token='TOKEN-d0fa6efd-9e6f-45fa-aafb-5679c78f8010' datos={'jugador_numero': 10}

Mensaje recibido: None
2025-05-16 13:10:06 [INFO] client: Tienes la pelota!
2025-05-16 13:10:06 [INFO] utils: Pasandola al jugador 10
2025-05-16 13:10:06 [INFO] client: Accion enviada. Mensaje: mensaje_id='PASAR_PELOTA' token='TOKEN-d0fa6efd-9e6f-45fa-aafb-5679c78f8010' datos={'jugador_numero': 10}
2025-05-16 13:10:06 [INFO] client: Tienes la pelota!
2025-05-16 13:10:06 [WARNING] utils: No se pudo obtener info suficiente para decidir.
2025-05-16 13:10:06 [INFO] client: Accion enviada. Mensaje: mensaje_id='PATEAR' token='TOKEN-d0fa6efd-9e6f-45fa-aafb-5679c78f8010' datos={'x': 6, 'y': 19}
2025-05-16 13:10:06 [INFO] client: Reaccionar
2025-05-16 13:10:06 [INFO] utils: Jugador mas cercano 10
2025-05-16 13:10:06 [INFO] client: Accion enviada. Mensaje: mensaje_id='MARCAR_ADVERSARIO' token='TOKEN-d0fa6efd-9e6f-45fa-aafb-5679c78f8010' datos={'jugador_numero': 10, 'adversario_numero': 2}
2025-05-16 13:10:06 [INFO] client: Reaccionar
2025-05-16 13:10:06 [INFO] utils: Jugador mas cercano 2
2025-05-16 13:10:06 [INFO] client: Accion enviada. Mensaje: mensaje_id='CORRER' token='TOKEN-d0fa6efd-9e6f-45fa-aafb-5679c78f8010' datos={'movimientos': [{'jugador_numero': 2, 'x': 9, 'y': 11}]}
2025-05-16 13:10:06 [ERROR] mensajes: msg_id no interpretado. Data: {'mensaje_id': 'OCUPADO', 'datos': {'descripcion': 'El Servidor está ocupado en este momento. Intente más tarde.'}}
2025-05-16 13:10:06 [WARNING] client: Otro mensaje recibido.
Mensaje Enviado: mensaje_id='CORRER' token='TOKEN-d0fa6efd-9e6f-45fa-aafb-5679c78f8010' datos={'movimientos': [{'jugador_numero': 2, 'x': 9, 'y': 11}]}

Mensaje recibido: None
2025-05-16 13:10:06 [ERROR] client: Mensaje de error del servidor. Mensaje enviado: mensaje_id='CORRER' token='TOKEN-d0fa6efd-9e6f-45fa-aafb-5679c78f8010' datos={'movimientos': [{'jugador_numero': 2, 'x': 9, 'y': 11}]}, Mensaje recibido: mensaje_id='ERROR' datos={'descripcion': 'PATEAR no se puede ejecturar por no poseer la pelota.'}
2025-05-16 13:10:07 [INFO] client: Reaccionar
2025-05-16 13:10:07 [INFO] utils: Jugador mas cercano 2
2025-05-16 13:10:07 [INFO] client: Accion enviada. Mensaje: mensaje_id='CORRER' token='TOKEN-d0fa6efd-9e6f-45fa-aafb-5679c78f8010' datos={'movimientos': [{'jugador_numero': 2, 'x': 9, 'y': 11}]}
2025-05-16 13:10:07 [ERROR] client: Mensaje de error del servidor. Mensaje enviado: mensaje_id='CORRER' token='TOKEN-d0fa6efd-9e6f-45fa-aafb-5679c78f8010' datos={'movimientos': [{'jugador_numero': 2, 'x': 9, 'y': 11}]}, Mensaje recibido: mensaje_id='ERROR' datos={'descripcion': 'PATEAR no se puede ejecturar por no poseer la pelota.'}
2025-05-16 13:10:07 [INFO] client: Reaccionar
2025-05-16 13:10:07 [INFO] utils: Jugador mas cercano 2
2025-05-16 13:10:07 [INFO] client: Accion enviada. Mensaje: mensaje_id='CORRER' token='TOKEN-d0fa6efd-9e6f-45fa-aafb-5679c78f8010' datos={'movimientos': [{'jugador_numero': 2, 'x': 9, 'y': 11}]}
2025-05-16 13:10:09 [INFO] client: Tienes la pelota!
2025-05-16 13:10:10 [INFO] utils: Pasandola al jugador 10
2025-05-16 13:10:10 [INFO] client: Accion enviada. Mensaje: mensaje_id='PASAR_PELOTA' token='TOKEN-d0fa6efd-9e6f-45fa-aafb-5679c78f8010' datos={'jugador_numero': 10}
2025-05-16 13:10:10 [INFO] client: Tienes la pelota!
2025-05-16 13:10:10 [INFO] utils: Pasandola al jugador 10
2025-05-16 13:10:10 [INFO] client: Accion enviada. Mensaje: mensaje_id='PASAR_PELOTA' token='TOKEN-d0fa6efd-9e6f-45fa-aafb-5679c78f8010' datos={'jugador_numero': 10}
2025-05-16 13:10:10 [INFO] client: Reaccionar
2025-05-16 13:10:10 [INFO] utils: Jugador mas cercano 2
2025-05-16 13:10:10 [INFO] client: Accion enviada. Mensaje: mensaje_id='MARCAR_ADVERSARIO' token='TOKEN-d0fa6efd-9e6f-45fa-aafb-5679c78f8010' datos={'jugador_numero': 2, 'adversario_numero': 8}
2025-05-16 13:10:10 [ERROR] mensajes: msg_id no interpretado. Data: {'mensaje_id': 'OCUPADO', 'datos': {'descripcion': 'El Servidor está ocupado en este momento. Intente más tarde.'}}
2025-05-16 13:10:10 [WARNING] client: Otro mensaje recibido.
Mensaje Enviado: mensaje_id='MARCAR_ADVERSARIO' token='TOKEN-d0fa6efd-9e6f-45fa-aafb-5679c78f8010' datos={'jugador_numero': 2, 'adversario_numero': 8}

Mensaje recibido: None
2025-05-16 13:10:12 [ERROR] client: Mensaje de error del servidor. Mensaje enviado: mensaje_id='MARCAR_ADVERSARIO' token='TOKEN-d0fa6efd-9e6f-45fa-aafb-5679c78f8010' datos={'jugador_numero': 2, 'adversario_numero': 8}, Mensaje recibido: mensaje_id='ERROR' datos={'descripcion': 'PATEAR no se puede ejecturar por no poseer la pelota.'}
2025-05-16 13:10:12 [INFO] client: Reaccionar
2025-05-16 13:10:12 [INFO] utils: Jugador mas cercano 2
2025-05-16 13:10:13 [INFO] client: Accion enviada. Mensaje: mensaje_id='MARCAR_ADVERSARIO' token='TOKEN-d0fa6efd-9e6f-45fa-aafb-5679c78f8010' datos={'jugador_numero': 2, 'adversario_numero': 8}
2025-05-16 13:10:13 [ERROR] client: Mensaje de error del servidor. Mensaje enviado: mensaje_id='MARCAR_ADVERSARIO' token='TOKEN-d0fa6efd-9e6f-45fa-aafb-5679c78f8010' datos={'jugador_numero': 2, 'adversario_numero': 8}, Mensaje recibido: mensaje_id='ERROR' datos={'descripcion': 'PATEAR no se puede ejecturar por no poseer la pelota.'}
2025-05-16 13:10:13 [INFO] client: Tienes la pelota!
2025-05-16 13:10:13 [INFO] utils: Pasandola al jugador 10
2025-05-16 13:10:13 [INFO] client: Accion enviada. Mensaje: mensaje_id='PASAR_PELOTA' token='TOKEN-d0fa6efd-9e6f-45fa-aafb-5679c78f8010' datos={'jugador_numero': 10}
2025-05-16 13:10:13 [INFO] client: Tienes la pelota!
2025-05-16 13:10:13 [INFO] utils: Pasandola al jugador 10
2025-05-16 13:10:13 [INFO] client: Accion enviada. Mensaje: mensaje_id='PASAR_PELOTA' token='TOKEN-d0fa6efd-9e6f-45fa-aafb-5679c78f8010' datos={'jugador_numero': 10}
2025-05-16 13:10:14 [INFO] client: Reaccionar
2025-05-16 13:10:14 [INFO] utils: Jugador mas cercano 10
2025-05-16 13:10:14 [INFO] client: Accion enviada. Mensaje: mensaje_id='CORRER' token='TOKEN-d0fa6efd-9e6f-45fa-aafb-5679c78f8010' datos={'movimientos': [{'jugador_numero': 10, 'x': 8, 'y': 14}]}
2025-05-16 13:10:14 [INFO] client: Reaccionar
2025-05-16 13:10:14 [INFO] utils: Jugador mas cercano 10
2025-05-16 13:10:14 [INFO] client: Accion enviada. Mensaje: mensaje_id='CORRER' token='TOKEN-d0fa6efd-9e6f-45fa-aafb-5679c78f8010' datos={'movimientos': [{'jugador_numero': 10, 'x': 8, 'y': 14}]}
2025-05-16 13:10:14 [ERROR] mensajes: msg_id no interpretado. Data: {'mensaje_id': 'OCUPADO', 'datos': {'descripcion': 'El Servidor está ocupado en este momento. Intente más tarde.'}}
2025-05-16 13:10:14 [WARNING] client: Otro mensaje recibido.
Mensaje Enviado: mensaje_id='CORRER' token='TOKEN-d0fa6efd-9e6f-45fa-aafb-5679c78f8010' datos={'movimientos': [{'jugador_numero': 10, 'x': 8, 'y': 14}]}

Mensaje recibido: None
2025-05-16 13:10:14 [ERROR] client: Mensaje de error del servidor. Mensaje enviado: mensaje_id='CORRER' token='TOKEN-d0fa6efd-9e6f-45fa-aafb-5679c78f8010' datos={'movimientos': [{'jugador_numero': 10, 'x': 8, 'y': 14}]}, Mensaje recibido: mensaje_id='ERROR' datos={'descripcion': 'PATEAR no se puede ejecturar por no poseer la pelota.'}
2025-05-16 13:10:14 [INFO] client: Reaccionar
2025-05-16 13:10:14 [INFO] utils: Jugador mas cercano 10
2025-05-16 13:10:15 [INFO] client: Accion enviada. Mensaje: mensaje_id='CORRER' token='TOKEN-d0fa6efd-9e6f-45fa-aafb-5679c78f8010' datos={'movimientos': [{'jugador_numero': 10, 'x': 8, 'y': 14}]}
2025-05-16 13:10:15 [INFO] client: Reaccionar
2025-05-16 13:10:15 [INFO] utils: Jugador mas cercano 10
2025-05-16 13:10:15 [INFO] client: Accion enviada. Mensaje: mensaje_id='CORRER' token='TOKEN-d0fa6efd-9e6f-45fa-aafb-5679c78f8010' datos={'movimientos': [{'jugador_numero': 10, 'x': 8, 'y': 14}]}
2025-05-16 13:10:16 [INFO] client: Tienes la pelota!
2025-05-16 13:10:16 [WARNING] utils: No se pudo obtener info suficiente para decidir.
2025-05-16 13:10:17 [INFO] client: Accion enviada. Mensaje: mensaje_id='PATEAR' token='TOKEN-d0fa6efd-9e6f-45fa-aafb-5679c78f8010' datos={'x': 6, 'y': 19}
2025-05-16 13:10:17 [INFO] client: Tienes la pelota!
2025-05-16 13:10:17 [WARNING] utils: No se pudo obtener info suficiente para decidir.
2025-05-16 13:10:17 [INFO] client: Accion enviada. Mensaje: mensaje_id='PATEAR' token='TOKEN-d0fa6efd-9e6f-45fa-aafb-5679c78f8010' datos={'x': 6, 'y': 19}
2025-05-16 13:10:17 [INFO] client: Tienes la pelota!
2025-05-16 13:10:17 [INFO] client: Accion enviada. Mensaje: mensaje_id='PATEAR' token='TOKEN-d0fa6efd-9e6f-45fa-aafb-5679c78f8010' datos={'x': 6, 'y': 19}
2025-05-16 13:10:17 [ERROR] mensajes: msg_id no interpretado. Data: {'mensaje_id': 'OCUPADO', 'datos': {'descripcion': 'El Servidor está ocupado en este momento. Intente más tarde.'}}
2025-05-16 13:10:17 [WARNING] client: Otro mensaje recibido.
Mensaje Enviado: mensaje_id='PATEAR' token='TOKEN-d0fa6efd-9e6f-45fa-aafb-5679c78f8010' datos={'x': 6, 'y': 19}

Mensaje recibido: None
2025-05-16 13:10:17 [INFO] client: Reaccionar
2025-05-16 13:10:17 [INFO] utils: Jugador mas cercano 10
2025-05-16 13:10:17 [INFO] client: Accion enviada. Mensaje: mensaje_id='MARCAR_ADVERSARIO' token='TOKEN-d0fa6efd-9e6f-45fa-aafb-5679c78f8010' datos={'jugador_numero': 10, 'adversario_numero': 4}
2025-05-16 13:10:18 [INFO] client: Reaccionar
2025-05-16 13:10:18 [INFO] utils: Jugador mas cercano 10
2025-05-16 13:10:18 [INFO] client: Accion enviada. Mensaje: mensaje_id='CORRER' token='TOKEN-d0fa6efd-9e6f-45fa-aafb-5679c78f8010' datos={'movimientos': [{'jugador_numero': 10, 'x': 6, 'y': 18}]}
2025-05-16 13:10:18 [ERROR] client: Mensaje de error del servidor. Mensaje enviado: mensaje_id='CORRER' token='TOKEN-d0fa6efd-9e6f-45fa-aafb-5679c78f8010' datos={'movimientos': [{'jugador_numero': 10, 'x': 6, 'y': 18}]}, Mensaje recibido: mensaje_id='ERROR' datos={'descripcion': 'PATEAR no se puede ejecturar por no poseer la pelota.'}
2025-05-16 13:10:18 [INFO] client: Tienes la pelota!
2025-05-16 13:10:18 [INFO] client: Accion enviada. Mensaje: mensaje_id='PATEAR' token='TOKEN-d0fa6efd-9e6f-45fa-aafb-5679c78f8010' datos={'x': 6, 'y': 19}
2025-05-16 13:10:18 [ERROR] mensajes: msg_id no interpretado. Data: {'mensaje_id': 'OCUPADO', 'datos': {'descripcion': 'El Servidor está ocupado en este momento. Intente más tarde.'}}
2025-05-16 13:10:18 [WARNING] client: Otro mensaje recibido.
Mensaje Enviado: mensaje_id='PATEAR' token='TOKEN-d0fa6efd-9e6f-45fa-aafb-5679c78f8010' datos={'x': 6, 'y': 19}

Mensaje recibido: None
2025-05-16 13:10:19 [INFO] client: Tienes la pelota!
2025-05-16 13:10:19 [INFO] client: Accion enviada. Mensaje: mensaje_id='PATEAR' token='TOKEN-d0fa6efd-9e6f-45fa-aafb-5679c78f8010' datos={'x': 6, 'y': 19}
2025-05-16 13:10:20 [INFO] client: Reaccionar
2025-05-16 13:10:20 [INFO] utils: Jugador mas cercano 10
2025-05-16 13:10:20 [INFO] client: Accion enviada. Mensaje: mensaje_id='MARCAR_ADVERSARIO' token='TOKEN-d0fa6efd-9e6f-45fa-aafb-5679c78f8010' datos={'jugador_numero': 10, 'adversario_numero': 4}
2025-05-16 13:10:20 [INFO] client: Reaccionar
2025-05-16 13:10:20 [INFO] utils: Pelota en el aire.
2025-05-16 13:10:20 [INFO] utils: Jugador mas cercano 10
2025-05-16 13:10:20 [INFO] client: Accion enviada. Mensaje: mensaje_id='CORRER' token='TOKEN-d0fa6efd-9e6f-45fa-aafb-5679c78f8010' datos={'movimientos': [{'jugador_numero': 10, 'x': 8, 'y': 14}]}
2025-05-16 13:10:20 [INFO] client: Reaccionar
2025-05-16 13:10:20 [INFO] utils: Jugador mas cercano 2
2025-05-16 13:10:20 [INFO] client: Accion enviada. Mensaje: mensaje_id='CORRER' token='TOKEN-d0fa6efd-9e6f-45fa-aafb-5679c78f8010' datos={'movimientos': [{'jugador_numero': 2, 'x': 7, 'y': 10}]}
2025-05-16 13:10:20 [INFO] client: Tienes la pelota!
2025-05-16 13:10:20 [INFO] utils: El equipo esta cerca del arco... Patean al arco!
2025-05-16 13:10:20 [INFO] client: Accion enviada. Mensaje: mensaje_id='PATEAR' token='TOKEN-d0fa6efd-9e6f-45fa-aafb-5679c78f8010' datos={'x': 6, 'y': 19}
2025-05-16 13:10:20 [ERROR] mensajes: msg_id no interpretado. Data: {'mensaje_id': 'OCUPADO', 'datos': {'descripcion': 'El Servidor está ocupado en este momento. Intente más tarde.'}}
2025-05-16 13:10:20 [WARNING] client: Otro mensaje recibido.
Mensaje Enviado: mensaje_id='PATEAR' token='TOKEN-d0fa6efd-9e6f-45fa-aafb-5679c78f8010' datos={'x': 6, 'y': 19}

Mensaje recibido: None
2025-05-16 13:10:30 [INFO] client: Reaccionar
2025-05-16 13:10:30 [INFO] utils: Jugador mas cercano 4
2025-05-16 13:10:30 [INFO] client: Accion enviada. Mensaje: mensaje_id='MARCAR_ADVERSARIO' token='TOKEN-d0fa6efd-9e6f-45fa-aafb-5679c78f8010' datos={'jugador_numero': 4, 'adversario_numero': 10}
2025-05-16 13:10:30 [ERROR] mensajes: msg_id no interpretado. Data: {'mensaje_id': 'GOL', 'destinatario': 'TOKEN-d0fa6efd-9e6f-45fa-aafb-5679c78f8010', 'datos': [{'id': 'equipo:TOKEN-d0fa6efd-9e6f-45fa-aafb-5679c78f8010', 'nombre': 'BARCA', 'formacion': '5-3-2', 'rol': 1, 'goles': 1, 'arco': [{'x': 5, 'y': 0}, {'x': 6, 'y': 0}, {'x': 7, 'y': 0}]}, {'tipo': 'cancha', 'id': 'cancha', 'equipo1': {'id': 'equipo:TOKEN-d0fa6efd-9e6f-45fa-aafb-5679c78f8010', 'nombre': 'BARCA', 'formacion': '5-3-2', 'rol': 1, 'goles': 1, 'arco': [{'x': 5, 'y': 0}, {'x': 6, 'y': 0}, {'x': 7, 'y': 0}]}, 'equipo2': {'id': 'equipo:TOKEN-1be8a96e-32a2-45ff-a12c-6846e39be63e', 'nombre': 'LANUS', 'formacion': '4-3-3', 'rol': 2, 'goles': 0, 'arco': [{'x': 5, 'y': 19}, {'x': 6, 'y': 19}, {'x': 7, 'y': 19}]}, 'sectores': [{'id': 6, 'x': 6, 'y': 0, 'ocupantes': [{'numero': 1, 'nombre': 'Valdez', 'equipo_id': 'equipo:TOKEN-d0fa6efd-9e6f-45fa-aafb-5679c78f8010', 'sector_id': 6, 'tiene_la_pelota': False}]}, {'id': 152, 'x': 9, 'y': 11, 'ocupantes': [{'numero': 2, 'nombre': 'Pique', 'equipo_id': 'equipo:TOKEN-d0fa6efd-9e6f-45fa-aafb-5679c78f8010', 'sector_id': 152, 'tiene_la_pelota': False}, {'numero': 8, 'nombre': 'Delgado', 'equipo_id': 'equipo:TOKEN-1be8a96e-32a2-45ff-a12c-6846e39be63e', 'sector_id': 152, 'tiene_la_pelota': False}]}, {'id': 48, 'x': 9, 'y': 3, 'ocupantes': [{'numero': 3, 'nombre': 'Puyol', 'equipo_id': 'equipo:TOKEN-d0fa6efd-9e6f-45fa-aafb-5679c78f8010', 'sector_id': 48, 'tiene_la_pelota': False}]}, {'id': 44, 'x': 5, 'y': 3, 'ocupantes': [{'numero': 4, 'nombre': 'Abidal', 'equipo_id': 'equipo:TOKEN-d0fa6efd-9e6f-45fa-aafb-5679c78f8010', 'sector_id': 44, 'tiene_la_pelota': False}, {'numero': 10, 'nombre': 'Merentiel', 'equipo_id': 'equipo:TOKEN-1be8a96e-32a2-45ff-a12c-6846e39be63e', 'es_el_crack': True, 'sector_id': 44, 'tiene_la_pelota': False}]}, {'id': 42, 'x': 3, 'y': 3, 'ocupantes': [{'numero': 5, 'nombre': 'Dani Alves', 'equipo_id': 'equipo:TOKEN-d0fa6efd-9e6f-45fa-aafb-5679c78f8010', 'sector_id': 42, 'tiene_la_pelota': False}]}, {'id': 52, 'x': 0, 'y': 4, 'ocupantes': [{'numero': 6, 'nombre': 'Busquets', 'equipo_id': 'equipo:TOKEN-d0fa6efd-9e6f-45fa-aafb-5679c78f8010', 'sector_id': 52, 'tiene_la_pelota': False}]}, {'id': 93, 'x': 2, 'y': 7, 'ocupantes': [{'numero': 7, 'nombre': 'Xavi', 'equipo_id': 'equipo:TOKEN-d0fa6efd-9e6f-45fa-aafb-5679c78f8010', 'sector_id': 93, 'tiene_la_pelota': False}, {'numero': 11, 'nombre': 'Cavani', 'equipo_id': 'equipo:TOKEN-1be8a96e-32a2-45ff-a12c-6846e39be63e', 'tiene_la_pelota': False, 'sector_id': 93}]}, {'id': 46, 'x': 7, 'y': 3, 'ocupantes': [{'numero': 8, 'nombre': 'Iniesta', 'equipo_id': 'equipo:TOKEN-d0fa6efd-9e6f-45fa-aafb-5679c78f8010', 'sector_id': 46, 'tiene_la_pelota': False}]}, {'id': 97, 'x': 6, 'y': 7, 'ocupantes': [{'numero': 9, 'nombre': 'Suarez', 'equipo_id': 'equipo:TOKEN-d0fa6efd-9e6f-45fa-aafb-5679c78f8010', 'sector_id': 97, 'tiene_la_pelota': False}, {'numero': 9, 'nombre': 'Zenón', 'equipo_id': 'equipo:TOKEN-1be8a96e-32a2-45ff-a12c-6846e39be63e', 'sector_id': 97, 'tiene_la_pelota': False}]}, {'id': 240, 'x': 6, 'y': 18, 'ocupantes': [{'numero': 10, 'nombre': 'Messi', 'equipo_id': 'equipo:TOKEN-d0fa6efd-9e6f-45fa-aafb-5679c78f8010', 'es_el_crack': True, 'sector_id': 240, 'tiene_la_pelota': True}, {'numero': 4, 'nombre': 'Advíncula', 'equipo_id': 'equipo:TOKEN-1be8a96e-32a2-45ff-a12c-6846e39be63e', 'sector_id': 240, 'tiene_la_pelota': False}]}, {'id': 50, 'x': 11, 'y': 3, 'ocupantes': [{'numero': 11, 'nombre': 'Neymar Jr', 'equipo_id': 'equipo:TOKEN-d0fa6efd-9e6f-45fa-aafb-5679c78f8010', 'tiene_la_pelota': False, 'sector_id': 50}]}, {'id': -1, 'x': 12, 'y': -1, 'ocupantes': [{'numero': 1, 'nombre': 'Marchesin', 'equipo_id': 'equipo:TOKEN-1be8a96e-32a2-45ff-a12c-6846e39be63e', 'sector_id': -1, 'tiene_la_pelota': False}]}, {'id': 209, 'x': 1, 'y': 16, 'ocupantes': [{'numero': 2, 'nombre': 'Rojo', 'equipo_id': 'equipo:TOKEN-1be8a96e-32a2-45ff-a12c-6846e39be63e', 'sector_id': 209, 'tiene_la_pelota': False}]}, {'id': 212, 'x': 4, 'y': 16, 'ocupantes': [{'numero': 3, 'nombre': 'Blanco', 'equipo_id': 'equipo:TOKEN-1be8a96e-32a2-45ff-a12c-6846e39be63e', 'sector_id': 212, 'tiene_la_pelota': False}]}, {'id': 219, 'x': 11, 'y': 16, 'ocupantes': [{'numero': 5, 'nombre': 'Blondel', 'equipo_id': 'equipo:TOKEN-1be8a96e-32a2-45ff-a12c-6846e39be63e', 'sector_id': 219, 'tiene_la_pelota': False}]}, {'id': 172, 'x': 3, 'y': 13, 'ocupantes': [{'numero': 6, 'nombre': 'Belmonte', 'equipo_id': 'equipo:TOKEN-1be8a96e-32a2-45ff-a12c-6846e39be63e', 'sector_id': 172, 'tiene_la_pelota': False}]}, {'id': 162, 'x': 6, 'y': 12, 'ocupantes': [{'numero': 7, 'nombre': 'Palacios', 'equipo_id': 'equipo:TOKEN-1be8a96e-32a2-45ff-a12c-6846e39be63e', 'sector_id': 162, 'tiene_la_pelota': False}]}], 'ubicacion_pelota': {'id': 253, 'x': 6, 'y': 19, 'esta_la_pelota': True}, 'time_stamp': '1747411820986'}, {'tipo': 'cancha', 'id': 'cancha_formada', 'equipo1': {'id': 'equipo:TOKEN-d0fa6efd-9e6f-45fa-aafb-5679c78f8010', 'nombre': 'BARCA', 'formacion': '5-3-2', 'rol': 1, 'goles': 1, 'arco': [{'x': 5, 'y': 0}, {'x': 6, 'y': 0}, {'x': 7, 'y': 0}]}, 'equipo2': {'id': 'equipo:TOKEN-1be8a96e-32a2-45ff-a12c-6846e39be63e', 'nombre': 'LANUS', 'formacion': '4-3-3', 'rol': 2, 'goles': 0, 'arco': [{'x': 5, 'y': 19}, {'x': 6, 'y': 19}, {'x': 7, 'y': 19}]}, 'sectores': [{'id': 253, 'x': 6, 'y': 19, 'ocupantes': [{'numero': 1, 'nombre': 'Marchesin', 'equipo_id': 'equipo:TOKEN-1be8a96e-32a2-45ff-a12c-6846e39be63e', 'sector_id': 253, 'tiene_la_pelota': False}]}, {'id': 209, 'x': 1, 'y': 16, 'ocupantes': [{'numero': 2, 'nombre': 'Rojo', 'equipo_id': 'equipo:TOKEN-1be8a96e-32a2-45ff-a12c-6846e39be63e', 'sector_id': 209, 'tiene_la_pelota': False}]}, {'id': 212, 'x': 4, 'y': 16, 'ocupantes': [{'numero': 3, 'nombre': 'Blanco', 'equipo_id': 'equipo:TOKEN-1be8a96e-32a2-45ff-a12c-6846e39be63e', 'sector_id': 212, 'tiene_la_pelota': False}]}, {'id': 216, 'x': 8, 'y': 16, 'ocupantes': [{'numero': 4, 'nombre': 'Advíncula', 'equipo_id': 'equipo:TOKEN-1be8a96e-32a2-45ff-a12c-6846e39be63e', 'sector_id': 216, 'tiene_la_pelota': False}]}, {'id': 219, 'x': 11, 'y': 16, 'ocupantes': [{'numero': 5, 'nombre': 'Blondel', 'equipo_id': 'equipo:TOKEN-1be8a96e-32a2-45ff-a12c-6846e39be63e', 'sector_id': 219, 'tiene_la_pelota': False}]}, {'id': 172, 'x': 3, 'y': 13, 'ocupantes': [{'numero': 6, 'nombre': 'Belmonte', 'equipo_id': 'equipo:TOKEN-1be8a96e-32a2-45ff-a12c-6846e39be63e', 'sector_id': 172, 'tiene_la_pelota': False}]}, {'id': 175, 'x': 6, 'y': 13, 'ocupantes': [{'numero': 7, 'nombre': 'Palacios', 'equipo_id': 'equipo:TOKEN-1be8a96e-32a2-45ff-a12c-6846e39be63e', 'sector_id': 175, 'tiene_la_pelota': False}]}, {'id': 178, 'x': 9, 'y': 13, 'ocupantes': [{'numero': 8, 'nombre': 'Delgado', 'equipo_id': 'equipo:TOKEN-1be8a96e-32a2-45ff-a12c-6846e39be63e', 'sector_id': 178, 'tiene_la_pelota': False}]}, {'id': 136, 'x': 6, 'y': 10, 'ocupantes': [{'numero': 9, 'nombre': 'Zenón', 'equipo_id': 'equipo:TOKEN-1be8a96e-32a2-45ff-a12c-6846e39be63e', 'sector_id': 136, 'tiene_la_pelota': False}]}, {'id': 138, 'x': 8, 'y': 10, 'ocupantes': [{'numero': 10, 'nombre': 'Merentiel', 'equipo_id': 'equipo:TOKEN-1be8a96e-32a2-45ff-a12c-6846e39be63e', 'es_el_crack': True, 'sector_id': 138, 'tiene_la_pelota': False}]}, {'id': 134, 'x': 4, 'y': 10, 'ocupantes': [{'numero': 11, 'nombre': 'Cavani', 'equipo_id': 'equipo:TOKEN-1be8a96e-32a2-45ff-a12c-6846e39be63e', 'tiene_la_pelota': True, 'sector_id': 134}]}, {'id': 6, 'x': 6, 'y': 0, 'ocupantes': [{'numero': 1, 'nombre': 'Valdez', 'equipo_id': 'equipo:TOKEN-d0fa6efd-9e6f-45fa-aafb-5679c78f8010', 'sector_id': 6}]}, {'id': 64, 'x': 12, 'y': 4, 'ocupantes': [{'numero': 2, 'nombre': 'Pique', 'equipo_id': 'equipo:TOKEN-d0fa6efd-9e6f-45fa-aafb-5679c78f8010', 'sector_id': 64}]}, {'id': 48, 'x': 9, 'y': 3, 'ocupantes': [{'numero': 3, 'nombre': 'Puyol', 'equipo_id': 'equipo:TOKEN-d0fa6efd-9e6f-45fa-aafb-5679c78f8010', 'sector_id': 48}]}, {'id': 45, 'x': 6, 'y': 3, 'ocupantes': [{'numero': 4, 'nombre': 'Abidal', 'equipo_id': 'equipo:TOKEN-d0fa6efd-9e6f-45fa-aafb-5679c78f8010', 'sector_id': 45}]}, {'id': 42, 'x': 3, 'y': 3, 'ocupantes': [{'numero': 5, 'nombre': 'Dani Alves', 'equipo_id': 'equipo:TOKEN-d0fa6efd-9e6f-45fa-aafb-5679c78f8010', 'sector_id': 42}]}, {'id': 52, 'x': 0, 'y': 4, 'ocupantes': [{'numero': 6, 'nombre': 'Busquets', 'equipo_id': 'equipo:TOKEN-d0fa6efd-9e6f-45fa-aafb-5679c78f8010', 'sector_id': 52}]}, {'id': 93, 'x': 2, 'y': 7, 'ocupantes': [{'numero': 7, 'nombre': 'Xavi', 'equipo_id': 'equipo:TOKEN-d0fa6efd-9e6f-45fa-aafb-5679c78f8010', 'sector_id': 93}]}, {'id': 101, 'x': 10, 'y': 7, 'ocupantes': [{'numero': 8, 'nombre': 'Iniesta', 'equipo_id': 'equipo:TOKEN-d0fa6efd-9e6f-45fa-aafb-5679c78f8010', 'sector_id': 101}]}, {'id': 84, 'x': 6, 'y': 6, 'ocupantes': [{'numero': 9, 'nombre': 'Suarez', 'equipo_id': 'equipo:TOKEN-d0fa6efd-9e6f-45fa-aafb-5679c78f8010', 'sector_id': 84}]}, {'id': 121, 'x': 4, 'y': 9, 'ocupantes': [{'numero': 10, 'nombre': 'Messi', 'equipo_id': 'equipo:TOKEN-d0fa6efd-9e6f-45fa-aafb-5679c78f8010', 'es_el_crack': True, 'sector_id': 121}]}, {'id': 125, 'x': 8, 'y': 9, 'ocupantes': [{'numero': 11, 'nombre': 'Neymar Jr', 'equipo_id': 'equipo:TOKEN-d0fa6efd-9e6f-45fa-aafb-5679c78f8010', 'tiene_la_pelota': True, 'sector_id': 125}]}], 'ubicacion_pelota': {'id': 138, 'x': 8, 'y': 10}, 'time_stamp': '1747411741625'}, {'tipo': 'reloj', 'reloj': 100630}]}
2025-05-16 13:10:30 [WARNING] client: Otro mensaje recibido.
Mensaje Enviado: mensaje_id='MARCAR_ADVERSARIO' token='TOKEN-d0fa6efd-9e6f-45fa-aafb-5679c78f8010' datos={'jugador_numero': 4, 'adversario_numero': 10}

Mensaje recibido: None
2025-05-16 13:10:32 [INFO] client: Reaccionar
2025-05-16 13:10:32 [INFO] utils: Jugador mas cercano 10
2025-05-16 13:10:33 [INFO] client: Accion enviada. Mensaje: mensaje_id='MARCAR_ADVERSARIO' token='TOKEN-d0fa6efd-9e6f-45fa-aafb-5679c78f8010' datos={'jugador_numero': 10, 'adversario_numero': 11}
2025-05-16 13:10:33 [INFO] client: Tienes la pelota!
2025-05-16 13:10:33 [INFO] client: Accion enviada. Mensaje: mensaje_id='PATEAR' token='TOKEN-d0fa6efd-9e6f-45fa-aafb-5679c78f8010' datos={'x': 6, 'y': 19}
2025-05-16 13:10:33 [INFO] client: Tienes la pelota!
2025-05-16 13:10:33 [INFO] client: Accion enviada. Mensaje: mensaje_id='PATEAR' token='TOKEN-d0fa6efd-9e6f-45fa-aafb-5679c78f8010' datos={'x': 6, 'y': 19}
2025-05-16 13:10:33 [ERROR] mensajes: msg_id no interpretado. Data: {'mensaje_id': 'OCUPADO', 'datos': {'descripcion': 'El Servidor está ocupado en este momento. Intente más tarde.'}}
2025-05-16 13:10:33 [WARNING] client: Otro mensaje recibido.
Mensaje Enviado: mensaje_id='PATEAR' token='TOKEN-d0fa6efd-9e6f-45fa-aafb-5679c78f8010' datos={'x': 6, 'y': 19}

Mensaje recibido: None
2025-05-16 13:10:33 [INFO] client: Tienes la pelota!
2025-05-16 13:10:33 [INFO] utils: Pasandola al jugador 10
2025-05-16 13:10:33 [INFO] client: Accion enviada. Mensaje: mensaje_id='PASAR_PELOTA' token='TOKEN-d0fa6efd-9e6f-45fa-aafb-5679c78f8010' datos={'jugador_numero': 10}
2025-05-16 13:10:34 [INFO] client: Tienes la pelota!
2025-05-16 13:10:34 [INFO] utils: Pasandola al jugador 10
2025-05-16 13:10:34 [INFO] client: Accion enviada. Mensaje: mensaje_id='PASAR_PELOTA' token='TOKEN-d0fa6efd-9e6f-45fa-aafb-5679c78f8010' datos={'jugador_numero': 10}
2025-05-16 13:10:34 [INFO] client: Reaccionar
2025-05-16 13:10:34 [INFO] utils: Jugador mas cercano 11
2025-05-16 13:10:34 [INFO] client: Accion enviada. Mensaje: mensaje_id='CORRER' token='TOKEN-d0fa6efd-9e6f-45fa-aafb-5679c78f8010' datos={'movimientos': [{'jugador_numero': 11, 'x': 7, 'y': 13}]}
2025-05-16 13:10:34 [ERROR] mensajes: msg_id no interpretado. Data: {'mensaje_id': 'OCUPADO', 'datos': {'descripcion': 'El Servidor está ocupado en este momento. Intente más tarde.'}}
2025-05-16 13:10:34 [WARNING] client: Otro mensaje recibido.
Mensaje Enviado: mensaje_id='CORRER' token='TOKEN-d0fa6efd-9e6f-45fa-aafb-5679c78f8010' datos={'movimientos': [{'jugador_numero': 11, 'x': 7, 'y': 13}]}

Mensaje recibido: None
2025-05-16 13:10:34 [ERROR] client: Mensaje de error del servidor. Mensaje enviado: mensaje_id='CORRER' token='TOKEN-d0fa6efd-9e6f-45fa-aafb-5679c78f8010' datos={'movimientos': [{'jugador_numero': 11, 'x': 7, 'y': 13}]}, Mensaje recibido: mensaje_id='ERROR' datos={'descripcion': 'PATEAR no se puede ejecturar por no poseer la pelota.'}
2025-05-16 13:10:34 [INFO] client: Reaccionar
2025-05-16 13:10:34 [INFO] utils: Jugador mas cercano 11
2025-05-16 13:10:34 [INFO] client: Accion enviada. Mensaje: mensaje_id='CORRER' token='TOKEN-d0fa6efd-9e6f-45fa-aafb-5679c78f8010' datos={'movimientos': [{'jugador_numero': 11, 'x': 7, 'y': 13}]}
2025-05-16 13:10:34 [ERROR] client: Mensaje de error del servidor. Mensaje enviado: mensaje_id='CORRER' token='TOKEN-d0fa6efd-9e6f-45fa-aafb-5679c78f8010' datos={'movimientos': [{'jugador_numero': 11, 'x': 7, 'y': 13}]}, Mensaje recibido: mensaje_id='ERROR' datos={'descripcion': 'PATEAR no se puede ejecturar por no poseer la pelota.'}
2025-05-16 13:10:35 [INFO] client: Reaccionar
2025-05-16 13:10:35 [INFO] utils: Jugador mas cercano 11
2025-05-16 13:10:35 [INFO] client: Accion enviada. Mensaje: mensaje_id='CORRER' token='TOKEN-d0fa6efd-9e6f-45fa-aafb-5679c78f8010' datos={'movimientos': [{'jugador_numero': 11, 'x': 7, 'y': 13}]}
2025-05-16 13:10:36 [INFO] client: Reaccionar
2025-05-16 13:10:36 [INFO] utils: Jugador mas cercano 11
2025-05-16 13:10:36 [INFO] client: Accion enviada. Mensaje: mensaje_id='CORRER' token='TOKEN-d0fa6efd-9e6f-45fa-aafb-5679c78f8010' datos={'movimientos': [{'jugador_numero': 11, 'x': 7, 'y': 13}]}
2025-05-16 13:10:36 [INFO] client: Reaccionar
2025-05-16 13:10:36 [INFO] utils: Jugador mas cercano 11
2025-05-16 13:10:36 [INFO] client: Accion enviada. Mensaje: mensaje_id='CORRER' token='TOKEN-d0fa6efd-9e6f-45fa-aafb-5679c78f8010' datos={'movimientos': [{'jugador_numero': 11, 'x': 7, 'y': 13}]}
2025-05-16 13:10:36 [INFO] client: Reaccionar
2025-05-16 13:10:36 [INFO] utils: Jugador mas cercano 11
2025-05-16 13:10:36 [INFO] client: Accion enviada. Mensaje: mensaje_id='MARCAR_ADVERSARIO' token='TOKEN-d0fa6efd-9e6f-45fa-aafb-5679c78f8010' datos={'jugador_numero': 11, 'adversario_numero': 7}
2025-05-16 13:10:36 [INFO] client: Tienes la pelota!
2025-05-16 13:10:36 [INFO] client: Accion enviada. Mensaje: mensaje_id='PATEAR' token='TOKEN-d0fa6efd-9e6f-45fa-aafb-5679c78f8010' datos={'x': 6, 'y': 19}
2025-05-16 13:10:36 [ERROR] mensajes: msg_id no interpretado. Data: {'mensaje_id': 'OCUPADO', 'datos': {'descripcion': 'El Servidor está ocupado en este momento. Intente más tarde.'}}
2025-05-16 13:10:36 [WARNING] client: Otro mensaje recibido.
Mensaje Enviado: mensaje_id='PATEAR' token='TOKEN-d0fa6efd-9e6f-45fa-aafb-5679c78f8010' datos={'x': 6, 'y': 19}

Mensaje recibido: None
2025-05-16 13:10:37 [INFO] client: Reaccionar
2025-05-16 13:10:37 [INFO] utils: Jugador mas cercano 11
2025-05-16 13:10:37 [INFO] client: Accion enviada. Mensaje: mensaje_id='MARCAR_ADVERSARIO' token='TOKEN-d0fa6efd-9e6f-45fa-aafb-5679c78f8010' datos={'jugador_numero': 11, 'adversario_numero': 7}
2025-05-16 13:10:37 [INFO] client: Tienes la pelota!
2025-05-16 13:10:37 [INFO] client: Accion enviada. Mensaje: mensaje_id='PATEAR' token='TOKEN-d0fa6efd-9e6f-45fa-aafb-5679c78f8010' datos={'x': 6, 'y': 19}
2025-05-16 13:10:37 [INFO] client: Tienes la pelota!
2025-05-16 13:10:37 [INFO] client: Accion enviada. Mensaje: mensaje_id='PATEAR' token='TOKEN-d0fa6efd-9e6f-45fa-aafb-5679c78f8010' datos={'x': 6, 'y': 19}
2025-05-16 13:10:38 [INFO] client: Tienes la pelota!
2025-05-16 13:10:38 [WARNING] utils: No se pudo obtener info suficiente para decidir.
2025-05-16 13:10:38 [INFO] client: Accion enviada. Mensaje: mensaje_id='PATEAR' token='TOKEN-d0fa6efd-9e6f-45fa-aafb-5679c78f8010' datos={'x': 6, 'y': 19}
2025-05-16 13:10:38 [INFO] client: Tienes la pelota!
2025-05-16 13:10:38 [INFO] client: Accion enviada. Mensaje: mensaje_id='PATEAR' token='TOKEN-d0fa6efd-9e6f-45fa-aafb-5679c78f8010' datos={'x': 6, 'y': 19}
2025-05-16 13:10:38 [ERROR] mensajes: msg_id no interpretado. Data: {'mensaje_id': 'OCUPADO', 'datos': {'descripcion': 'El Servidor está ocupado en este momento. Intente más tarde.'}}
2025-05-16 13:10:38 [WARNING] client: Otro mensaje recibido.
Mensaje Enviado: mensaje_id='PATEAR' token='TOKEN-d0fa6efd-9e6f-45fa-aafb-5679c78f8010' datos={'x': 6, 'y': 19}

Mensaje recibido: None
2025-05-16 13:10:38 [INFO] client: Reaccionar
2025-05-16 13:10:39 [INFO] utils: Jugador mas cercano 11
2025-05-16 13:10:39 [INFO] client: Accion enviada. Mensaje: mensaje_id='CORRER' token='TOKEN-d0fa6efd-9e6f-45fa-aafb-5679c78f8010' datos={'movimientos': [{'jugador_numero': 11, 'x': 6, 'y': 17}]}
2025-05-16 13:10:39 [ERROR] client: Mensaje de error del servidor. Mensaje enviado: mensaje_id='CORRER' token='TOKEN-d0fa6efd-9e6f-45fa-aafb-5679c78f8010' datos={'movimientos': [{'jugador_numero': 11, 'x': 6, 'y': 17}]}, Mensaje recibido: mensaje_id='ERROR' datos={'descripcion': 'PATEAR no se puede ejecturar por no poseer la pelota.'}
2025-05-16 13:10:39 [INFO] client: Reaccionar
2025-05-16 13:10:39 [INFO] utils: Jugador mas cercano 11
2025-05-16 13:10:39 [INFO] client: Accion enviada. Mensaje: mensaje_id='CORRER' token='TOKEN-d0fa6efd-9e6f-45fa-aafb-5679c78f8010' datos={'movimientos': [{'jugador_numero': 11, 'x': 6, 'y': 17}]}
2025-05-16 13:10:39 [INFO] client: Reaccionar
2025-05-16 13:10:39 [INFO] utils: Jugador mas cercano 11
2025-05-16 13:10:39 [INFO] client: Accion enviada. Mensaje: mensaje_id='CORRER' token='TOKEN-d0fa6efd-9e6f-45fa-aafb-5679c78f8010' datos={'movimientos': [{'jugador_numero': 11, 'x': 6, 'y': 17}]}
2025-05-16 13:10:39 [ERROR] mensajes: msg_id no interpretado. Data: {'mensaje_id': 'OCUPADO', 'datos': {'descripcion': 'El Servidor está ocupado en este momento. Intente más tarde.'}}
2025-05-16 13:10:39 [WARNING] client: Otro mensaje recibido.
Mensaje Enviado: mensaje_id='CORRER' token='TOKEN-d0fa6efd-9e6f-45fa-aafb-5679c78f8010' datos={'movimientos': [{'jugador_numero': 11, 'x': 6, 'y': 17}]}

Mensaje recibido: None
2025-05-16 13:10:41 [INFO] client: Tienes la pelota!
2025-05-16 13:10:41 [WARNING] utils: No se pudo obtener info suficiente para decidir.
2025-05-16 13:10:41 [INFO] client: Accion enviada. Mensaje: mensaje_id='PATEAR' token='TOKEN-d0fa6efd-9e6f-45fa-aafb-5679c78f8010' datos={'x': 6, 'y': 19}
2025-05-16 13:10:41 [INFO] client: Tienes la pelota!
2025-05-16 13:10:41 [WARNING] utils: No se pudo obtener info suficiente para decidir.
2025-05-16 13:10:41 [INFO] client: Accion enviada. Mensaje: mensaje_id='PATEAR' token='TOKEN-d0fa6efd-9e6f-45fa-aafb-5679c78f8010' datos={'x': 6, 'y': 19}
2025-05-16 13:10:41 [INFO] client: Tienes la pelota!
2025-05-16 13:10:41 [WARNING] utils: No se pudo obtener info suficiente para decidir.
2025-05-16 13:10:41 [INFO] client: Accion enviada. Mensaje: mensaje_id='PATEAR' token='TOKEN-d0fa6efd-9e6f-45fa-aafb-5679c78f8010' datos={'x': 6, 'y': 19}
2025-05-16 13:10:41 [INFO] client: Reaccionar
2025-05-16 13:10:41 [INFO] utils: Jugador mas cercano 11
2025-05-16 13:10:41 [INFO] client: Accion enviada. Mensaje: mensaje_id='MARCAR_ADVERSARIO' token='TOKEN-d0fa6efd-9e6f-45fa-aafb-5679c78f8010' datos={'jugador_numero': 11, 'adversario_numero': 1}
2025-05-16 13:10:41 [ERROR] mensajes: msg_id no interpretado. Data: {'mensaje_id': 'OCUPADO', 'datos': {'descripcion': 'El Servidor está ocupado en este momento. Intente más tarde.'}}
2025-05-16 13:10:41 [WARNING] client: Otro mensaje recibido.
Mensaje Enviado: mensaje_id='MARCAR_ADVERSARIO' token='TOKEN-d0fa6efd-9e6f-45fa-aafb-5679c78f8010' datos={'jugador_numero': 11, 'adversario_numero': 1}

Mensaje recibido: None
2025-05-16 13:10:48 [ERROR] client: Mensaje de error del servidor. Mensaje enviado: mensaje_id='MARCAR_ADVERSARIO' token='TOKEN-d0fa6efd-9e6f-45fa-aafb-5679c78f8010' datos={'jugador_numero': 11, 'adversario_numero': 1}, Mensaje recibido: mensaje_id='ERROR' datos={'descripcion': 'PATEAR no se puede ejecturar por no poseer la pelota.'}
2025-05-16 13:10:49 [INFO] client: Tienes la pelota!
2025-05-16 13:10:49 [INFO] utils: El equipo esta cerca del arco... Patean al arco!
2025-05-16 13:10:49 [INFO] client: Accion enviada. Mensaje: mensaje_id='PATEAR' token='TOKEN-d0fa6efd-9e6f-45fa-aafb-5679c78f8010' datos={'x': 6, 'y': 19}
2025-05-16 13:10:49 [INFO] client: Reaccionar
2025-05-16 13:10:49 [INFO] utils: Jugador mas cercano 11
2025-05-16 13:10:49 [INFO] client: Accion enviada. Mensaje: mensaje_id='MARCAR_ADVERSARIO' token='TOKEN-d0fa6efd-9e6f-45fa-aafb-5679c78f8010' datos={'jugador_numero': 11, 'adversario_numero': 1}
2025-05-16 13:10:49 [ERROR] mensajes: msg_id no interpretado. Data: {'mensaje_id': 'GOL', 'destinatario': 'TOKEN-d0fa6efd-9e6f-45fa-aafb-5679c78f8010', 'datos': [{'id': 'equipo:TOKEN-d0fa6efd-9e6f-45fa-aafb-5679c78f8010', 'nombre': 'BARCA', 'formacion': '5-3-2', 'rol': 1, 'goles': 2, 'arco': [{'x': 5, 'y': 0}, {'x': 6, 'y': 0}, {'x': 7, 'y': 0}]}, {'tipo': 'cancha', 'id': 'cancha', 'equipo1': {'id': 'equipo:TOKEN-d0fa6efd-9e6f-45fa-aafb-5679c78f8010', 'nombre': 'BARCA', 'formacion': '5-3-2', 'rol': 1, 'goles': 2, 'arco': [{'x': 5, 'y': 0}, {'x': 6, 'y': 0}, {'x': 7, 'y': 0}]}, 'equipo2': {'id': 'equipo:TOKEN-1be8a96e-32a2-45ff-a12c-6846e39be63e', 'nombre': 'LANUS', 'formacion': '4-3-3', 'rol': 2, 'goles': 0, 'arco': [{'x': 5, 'y': 19}, {'x': 6, 'y': 19}, {'x': 7, 'y': 19}]}, 'sectores': [{'id': 6, 'x': 6, 'y': 0, 'ocupantes': [{'numero': 1, 'nombre': 'Valdez', 'equipo_id': 'equipo:TOKEN-d0fa6efd-9e6f-45fa-aafb-5679c78f8010', 'sector_id': 6, 'tiene_la_pelota': False}]}, {'id': 64, 'x': 12, 'y': 4, 'ocupantes': [{'numero': 2, 'nombre': 'Pique', 'equipo_id': 'equipo:TOKEN-d0fa6efd-9e6f-45fa-aafb-5679c78f8010', 'sector_id': 64, 'tiene_la_pelota': False}]}, {'id': 48, 'x': 9, 'y': 3, 'ocupantes': [{'numero': 3, 'nombre': 'Puyol', 'equipo_id': 'equipo:TOKEN-d0fa6efd-9e6f-45fa-aafb-5679c78f8010', 'sector_id': 48, 'tiene_la_pelota': False}]}, {'id': 98, 'x': 7, 'y': 7, 'ocupantes': [{'numero': 4, 'nombre': 'Abidal', 'equipo_id': 'equipo:TOKEN-d0fa6efd-9e6f-45fa-aafb-5679c78f8010', 'sector_id': 98, 'tiene_la_pelota': False}]}, {'id': 42, 'x': 3, 'y': 3, 'ocupantes': [{'numero': 5, 'nombre': 'Dani Alves', 'equipo_id': 'equipo:TOKEN-d0fa6efd-9e6f-45fa-aafb-5679c78f8010', 'sector_id': 42, 'tiene_la_pelota': False}]}, {'id': 52, 'x': 0, 'y': 4, 'ocupantes': [{'numero': 6, 'nombre': 'Busquets', 'equipo_id': 'equipo:TOKEN-d0fa6efd-9e6f-45fa-aafb-5679c78f8010', 'sector_id': 52, 'tiene_la_pelota': False}]}, {'id': 93, 'x': 2, 'y': 7, 'ocupantes': [{'numero': 7, 'nombre': 'Xavi', 'equipo_id': 'equipo:TOKEN-d0fa6efd-9e6f-45fa-aafb-5679c78f8010', 'sector_id': 93, 'tiene_la_pelota': False}]}, {'id': 101, 'x': 10, 'y': 7, 'ocupantes': [{'numero': 8, 'nombre': 'Iniesta', 'equipo_id': 'equipo:TOKEN-d0fa6efd-9e6f-45fa-aafb-5679c78f8010', 'sector_id': 101, 'tiene_la_pelota': False}]}, {'id': 84, 'x': 6, 'y': 6, 'ocupantes': [{'numero': 9, 'nombre': 'Suarez', 'equipo_id': 'equipo:TOKEN-d0fa6efd-9e6f-45fa-aafb-5679c78f8010', 'sector_id': 84, 'tiene_la_pelota': False}]}, {'id': 134, 'x': 4, 'y': 10, 'ocupantes': [{'numero': 10, 'nombre': 'Messi', 'equipo_id': 'equipo:TOKEN-d0fa6efd-9e6f-45fa-aafb-5679c78f8010', 'es_el_crack': True, 'sector_id': 134, 'tiene_la_pelota': False}, {'numero': 11, 'nombre': 'Cavani', 'equipo_id': 'equipo:TOKEN-1be8a96e-32a2-45ff-a12c-6846e39be63e', 'tiene_la_pelota': False, 'sector_id': 134}]}, {'id': 227, 'x': 6, 'y': 17, 'ocupantes': [{'numero': 11, 'nombre': 'Neymar Jr', 'equipo_id': 'equipo:TOKEN-d0fa6efd-9e6f-45fa-aafb-5679c78f8010', 'tiene_la_pelota': False, 'sector_id': 227}, {'numero': 1, 'nombre': 'Marchesin', 'equipo_id': 'equipo:TOKEN-1be8a96e-32a2-45ff-a12c-6846e39be63e', 'sector_id': 227, 'tiene_la_pelota': True}]}, {'id': 209, 'x': 1, 'y': 16, 'ocupantes': [{'numero': 2, 'nombre': 'Rojo', 'equipo_id': 'equipo:TOKEN-1be8a96e-32a2-45ff-a12c-6846e39be63e', 'sector_id': 209, 'tiene_la_pelota': False}]}, {'id': 212, 'x': 4, 'y': 16, 'ocupantes': [{'numero': 3, 'nombre': 'Blanco', 'equipo_id': 'equipo:TOKEN-1be8a96e-32a2-45ff-a12c-6846e39be63e', 'sector_id': 212, 'tiene_la_pelota': False}]}, {'id': 121, 'x': 4, 'y': 9, 'ocupantes': [{'numero': 4, 'nombre': 'Advíncula', 'equipo_id': 'equipo:TOKEN-1be8a96e-32a2-45ff-a12c-6846e39be63e', 'sector_id': 121, 'tiene_la_pelota': False}]}, {'id': 219, 'x': 11, 'y': 16, 'ocupantes': [{'numero': 5, 'nombre': 'Blondel', 'equipo_id': 'equipo:TOKEN-1be8a96e-32a2-45ff-a12c-6846e39be63e', 'sector_id': 219, 'tiene_la_pelota': False}]}, {'id': 172, 'x': 3, 'y': 13, 'ocupantes': [{'numero': 6, 'nombre': 'Belmonte', 'equipo_id': 'equipo:TOKEN-1be8a96e-32a2-45ff-a12c-6846e39be63e', 'sector_id': 172, 'tiene_la_pelota': False}]}, {'id': 176, 'x': 7, 'y': 13, 'ocupantes': [{'numero': 7, 'nombre': 'Palacios', 'equipo_id': 'equipo:TOKEN-1be8a96e-32a2-45ff-a12c-6846e39be63e', 'sector_id': 176, 'tiene_la_pelota': False}]}, {'id': 178, 'x': 9, 'y': 13, 'ocupantes': [{'numero': 8, 'nombre': 'Delgado', 'equipo_id': 'equipo:TOKEN-1be8a96e-32a2-45ff-a12c-6846e39be63e', 'sector_id': 178, 'tiene_la_pelota': False}]}, {'id': 136, 'x': 6, 'y': 10, 'ocupantes': [{'numero': 9, 'nombre': 'Zenón', 'equipo_id': 'equipo:TOKEN-1be8a96e-32a2-45ff-a12c-6846e39be63e', 'sector_id': 136, 'tiene_la_pelota': False}]}, {'id': 125, 'x': 8, 'y': 9, 'ocupantes': [{'numero': 10, 'nombre': 'Merentiel', 'equipo_id': 'equipo:TOKEN-1be8a96e-32a2-45ff-a12c-6846e39be63e', 'es_el_crack': True, 'sector_id': 125, 'tiene_la_pelota': False}]}], 'ubicacion_pelota': {'id': 253, 'x': 6, 'y': 19, 'esta_la_pelota': True}, 'time_stamp': '1747411842038'}, {'tipo': 'cancha', 'id': 'cancha_formada', 'equipo1': {'id': 'equipo:TOKEN-d0fa6efd-9e6f-45fa-aafb-5679c78f8010', 'nombre': 'BARCA', 'formacion': '5-3-2', 'rol': 1, 'goles': 2, 'arco': [{'x': 5, 'y': 0}, {'x': 6, 'y': 0}, {'x': 7, 'y': 0}]}, 'equipo2': {'id': 'equipo:TOKEN-1be8a96e-32a2-45ff-a12c-6846e39be63e', 'nombre': 'LANUS', 'formacion': '4-3-3', 'rol': 2, 'goles': 0, 'arco': [{'x': 5, 'y': 19}, {'x': 6, 'y': 19}, {'x': 7, 'y': 19}]}, 'sectores': [{'id': 253, 'x': 6, 'y': 19, 'ocupantes': [{'numero': 1, 'nombre': 'Marchesin', 'equipo_id': 'equipo:TOKEN-1be8a96e-32a2-45ff-a12c-6846e39be63e', 'sector_id': 253, 'tiene_la_pelota': False}]}, {'id': 209, 'x': 1, 'y': 16, 'ocupantes': [{'numero': 2, 'nombre': 'Rojo', 'equipo_id': 'equipo:TOKEN-1be8a96e-32a2-45ff-a12c-6846e39be63e', 'sector_id': 209, 'tiene_la_pelota': False}]}, {'id': 212, 'x': 4, 'y': 16, 'ocupantes': [{'numero': 3, 'nombre': 'Blanco', 'equipo_id': 'equipo:TOKEN-1be8a96e-32a2-45ff-a12c-6846e39be63e', 'sector_id': 212, 'tiene_la_pelota': False}]}, {'id': 216, 'x': 8, 'y': 16, 'ocupantes': [{'numero': 4, 'nombre': 'Advíncula', 'equipo_id': 'equipo:TOKEN-1be8a96e-32a2-45ff-a12c-6846e39be63e', 'sector_id': 216, 'tiene_la_pelota': False}]}, {'id': 219, 'x': 11, 'y': 16, 'ocupantes': [{'numero': 5, 'nombre': 'Blondel', 'equipo_id': 'equipo:TOKEN-1be8a96e-32a2-45ff-a12c-6846e39be63e', 'sector_id': 219, 'tiene_la_pelota': False}]}, {'id': 172, 'x': 3, 'y': 13, 'ocupantes': [{'numero': 6, 'nombre': 'Belmonte', 'equipo_id': 'equipo:TOKEN-1be8a96e-32a2-45ff-a12c-6846e39be63e', 'sector_id': 172, 'tiene_la_pelota': False}]}, {'id': 175, 'x': 6, 'y': 13, 'ocupantes': [{'numero': 7, 'nombre': 'Palacios', 'equipo_id': 'equipo:TOKEN-1be8a96e-32a2-45ff-a12c-6846e39be63e', 'sector_id': 175, 'tiene_la_pelota': False}]}, {'id': 178, 'x': 9, 'y': 13, 'ocupantes': [{'numero': 8, 'nombre': 'Delgado', 'equipo_id': 'equipo:TOKEN-1be8a96e-32a2-45ff-a12c-6846e39be63e', 'sector_id': 178, 'tiene_la_pelota': False}]}, {'id': 136, 'x': 6, 'y': 10, 'ocupantes': [{'numero': 9, 'nombre': 'Zenón', 'equipo_id': 'equipo:TOKEN-1be8a96e-32a2-45ff-a12c-6846e39be63e', 'sector_id': 136, 'tiene_la_pelota': False}]}, {'id': 138, 'x': 8, 'y': 10, 'ocupantes': [{'numero': 10, 'nombre': 'Merentiel', 'equipo_id': 'equipo:TOKEN-1be8a96e-32a2-45ff-a12c-6846e39be63e', 'es_el_crack': True, 'sector_id': 138, 'tiene_la_pelota': False}]}, {'id': 134, 'x': 4, 'y': 10, 'ocupantes': [{'numero': 11, 'nombre': 'Cavani', 'equipo_id': 'equipo:TOKEN-1be8a96e-32a2-45ff-a12c-6846e39be63e', 'tiene_la_pelota': True, 'sector_id': 134}]}, {'id': 6, 'x': 6, 'y': 0, 'ocupantes': [{'numero': 1, 'nombre': 'Valdez', 'equipo_id': 'equipo:TOKEN-d0fa6efd-9e6f-45fa-aafb-5679c78f8010', 'sector_id': 6}]}, {'id': 64, 'x': 12, 'y': 4, 'ocupantes': [{'numero': 2, 'nombre': 'Pique', 'equipo_id': 'equipo:TOKEN-d0fa6efd-9e6f-45fa-aafb-5679c78f8010', 'sector_id': 64}]}, {'id': 48, 'x': 9, 'y': 3, 'ocupantes': [{'numero': 3, 'nombre': 'Puyol', 'equipo_id': 'equipo:TOKEN-d0fa6efd-9e6f-45fa-aafb-5679c78f8010', 'sector_id': 48}]}, {'id': 45, 'x': 6, 'y': 3, 'ocupantes': [{'numero': 4, 'nombre': 'Abidal', 'equipo_id': 'equipo:TOKEN-d0fa6efd-9e6f-45fa-aafb-5679c78f8010', 'sector_id': 45}]}, {'id': 42, 'x': 3, 'y': 3, 'ocupantes': [{'numero': 5, 'nombre': 'Dani Alves', 'equipo_id': 'equipo:TOKEN-d0fa6efd-9e6f-45fa-aafb-5679c78f8010', 'sector_id': 42}]}, {'id': 52, 'x': 0, 'y': 4, 'ocupantes': [{'numero': 6, 'nombre': 'Busquets', 'equipo_id': 'equipo:TOKEN-d0fa6efd-9e6f-45fa-aafb-5679c78f8010', 'sector_id': 52}]}, {'id': 93, 'x': 2, 'y': 7, 'ocupantes': [{'numero': 7, 'nombre': 'Xavi', 'equipo_id': 'equipo:TOKEN-d0fa6efd-9e6f-45fa-aafb-5679c78f8010', 'sector_id': 93}]}, {'id': 101, 'x': 10, 'y': 7, 'ocupantes': [{'numero': 8, 'nombre': 'Iniesta', 'equipo_id': 'equipo:TOKEN-d0fa6efd-9e6f-45fa-aafb-5679c78f8010', 'sector_id': 101}]}, {'id': 84, 'x': 6, 'y': 6, 'ocupantes': [{'numero': 9, 'nombre': 'Suarez', 'equipo_id': 'equipo:TOKEN-d0fa6efd-9e6f-45fa-aafb-5679c78f8010', 'sector_id': 84}]}, {'id': 121, 'x': 4, 'y': 9, 'ocupantes': [{'numero': 10, 'nombre': 'Messi', 'equipo_id': 'equipo:TOKEN-d0fa6efd-9e6f-45fa-aafb-5679c78f8010', 'es_el_crack': True, 'sector_id': 121}]}, {'id': 125, 'x': 8, 'y': 9, 'ocupantes': [{'numero': 11, 'nombre': 'Neymar Jr', 'equipo_id': 'equipo:TOKEN-d0fa6efd-9e6f-45fa-aafb-5679c78f8010', 'tiene_la_pelota': True, 'sector_id': 125}]}], 'ubicacion_pelota': {'id': 138, 'x': 8, 'y': 10}, 'time_stamp': '1747411741625'}, {'tipo': 'reloj', 'reloj': 79578}]}
2025-05-16 13:10:49 [WARNING] client: Otro mensaje recibido.
Mensaje Enviado: mensaje_id='MARCAR_ADVERSARIO' token='TOKEN-d0fa6efd-9e6f-45fa-aafb-5679c78f8010' datos={'jugador_numero': 11, 'adversario_numero': 1}

Mensaje recibido: None
2025-05-16 13:10:49 [INFO] client: Tienes la pelota!
2025-05-16 13:10:50 [INFO] client: Accion enviada. Mensaje: mensaje_id='PATEAR' token='TOKEN-d0fa6efd-9e6f-45fa-aafb-5679c78f8010' datos={'x': 6, 'y': 19}
2025-05-16 13:10:50 [INFO] client: Reaccionar
2025-05-16 13:10:50 [INFO] utils: Jugador mas cercano 11
2025-05-16 13:10:50 [INFO] client: Accion enviada. Mensaje: mensaje_id='CORRER' token='TOKEN-d0fa6efd-9e6f-45fa-aafb-5679c78f8010' datos={'movimientos': [{'jugador_numero': 11, 'x': 7, 'y': 14}]}
2025-05-16 13:10:50 [INFO] client: Reaccionar
2025-05-16 13:10:50 [INFO] utils: Jugador mas cercano 11
2025-05-16 13:10:50 [INFO] client: Accion enviada. Mensaje: mensaje_id='CORRER' token='TOKEN-d0fa6efd-9e6f-45fa-aafb-5679c78f8010' datos={'movimientos': [{'jugador_numero': 11, 'x': 7, 'y': 14}]}
2025-05-16 13:10:50 [ERROR] mensajes: msg_id no interpretado. Data: {'mensaje_id': 'OCUPADO', 'datos': {'descripcion': 'El Servidor está ocupado en este momento. Intente más tarde.'}}
2025-05-16 13:10:50 [WARNING] client: Otro mensaje recibido.
Mensaje Enviado: mensaje_id='CORRER' token='TOKEN-d0fa6efd-9e6f-45fa-aafb-5679c78f8010' datos={'movimientos': [{'jugador_numero': 11, 'x': 7, 'y': 14}]}

Mensaje recibido: None
2025-05-16 13:10:50 [ERROR] client: Mensaje de error del servidor. Mensaje enviado: mensaje_id='CORRER' token='TOKEN-d0fa6efd-9e6f-45fa-aafb-5679c78f8010' datos={'movimientos': [{'jugador_numero': 11, 'x': 7, 'y': 14}]}, Mensaje recibido: mensaje_id='ERROR' datos={'descripcion': 'PATEAR no se puede ejecturar por no poseer la pelota.'}
2025-05-16 13:10:51 [INFO] client: Reaccionar
2025-05-16 13:10:51 [INFO] utils: Jugador mas cercano 11
2025-05-16 13:10:51 [INFO] client: Accion enviada. Mensaje: mensaje_id='CORRER' token='TOKEN-d0fa6efd-9e6f-45fa-aafb-5679c78f8010' datos={'movimientos': [{'jugador_numero': 11, 'x': 7, 'y': 14}]}
2025-05-16 13:10:51 [INFO] client: Tienes la pelota!
2025-05-16 13:10:51 [WARNING] utils: No se pudo obtener info suficiente para decidir.
2025-05-16 13:10:51 [INFO] client: Accion enviada. Mensaje: mensaje_id='PATEAR' token='TOKEN-d0fa6efd-9e6f-45fa-aafb-5679c78f8010' datos={'x': 6, 'y': 19}
2025-05-16 13:10:51 [INFO] client: Reaccionar
2025-05-16 13:10:51 [INFO] utils: Jugador mas cercano 11
2025-05-16 13:10:51 [INFO] client: Accion enviada. Mensaje: mensaje_id='CORRER' token='TOKEN-d0fa6efd-9e6f-45fa-aafb-5679c78f8010' datos={'movimientos': [{'jugador_numero': 11, 'x': 7, 'y': 14}]}
2025-05-16 13:10:51 [ERROR] mensajes: msg_id no interpretado. Data: {'mensaje_id': 'OCUPADO', 'datos': {'descripcion': 'El Servidor está ocupado en este momento. Intente más tarde.'}}
2025-05-16 13:10:51 [WARNING] client: Otro mensaje recibido.
Mensaje Enviado: mensaje_id='CORRER' token='TOKEN-d0fa6efd-9e6f-45fa-aafb-5679c78f8010' datos={'movimientos': [{'jugador_numero': 11, 'x': 7, 'y': 14}]}

Mensaje recibido: None
2025-05-16 13:10:51 [INFO] client: Tienes la pelota!
2025-05-16 13:10:51 [INFO] client: Accion enviada. Mensaje: mensaje_id='PATEAR' token='TOKEN-d0fa6efd-9e6f-45fa-aafb-5679c78f8010' datos={'x': 6, 'y': 19}
2025-05-16 13:10:52 [INFO] client: Reaccionar
2025-05-16 13:10:52 [INFO] utils: Jugador mas cercano 11
2025-05-16 13:10:52 [INFO] client: Accion enviada. Mensaje: mensaje_id='MARCAR_ADVERSARIO' token='TOKEN-d0fa6efd-9e6f-45fa-aafb-5679c78f8010' datos={'jugador_numero': 11, 'adversario_numero': 10}
2025-05-16 13:10:52 [ERROR] client: Mensaje de error del servidor. Mensaje enviado: mensaje_id='MARCAR_ADVERSARIO' token='TOKEN-d0fa6efd-9e6f-45fa-aafb-5679c78f8010' datos={'jugador_numero': 11, 'adversario_numero': 10}, Mensaje recibido: mensaje_id='ERROR' datos={'descripcion': 'PATEAR no se puede ejecturar por no poseer la pelota.'}
2025-05-16 13:10:52 [INFO] client: Reaccionar
2025-05-16 13:10:52 [INFO] utils: Jugador mas cercano 11
2025-05-16 13:10:52 [INFO] client: Accion enviada. Mensaje: mensaje_id='MARCAR_ADVERSARIO' token='TOKEN-d0fa6efd-9e6f-45fa-aafb-5679c78f8010' datos={'jugador_numero': 11, 'adversario_numero': 1}
2025-05-16 13:10:52 [ERROR] mensajes: msg_id no interpretado. Data: {'mensaje_id': 'OCUPADO', 'datos': {'descripcion': 'El Servidor está ocupado en este momento. Intente más tarde.'}}
2025-05-16 13:10:52 [WARNING] client: Otro mensaje recibido.
Mensaje Enviado: mensaje_id='MARCAR_ADVERSARIO' token='TOKEN-d0fa6efd-9e6f-45fa-aafb-5679c78f8010' datos={'jugador_numero': 11, 'adversario_numero': 1}

Mensaje recibido: None
2025-05-16 13:10:52 [ERROR] client: Mensaje de error del servidor. Mensaje enviado: mensaje_id='MARCAR_ADVERSARIO' token='TOKEN-d0fa6efd-9e6f-45fa-aafb-5679c78f8010' datos={'jugador_numero': 11, 'adversario_numero': 1}, Mensaje recibido: mensaje_id='ERROR' datos={'descripcion': 'PATEAR no se puede ejecturar por no poseer la pelota.'}
2025-05-16 13:10:53 [INFO] client: Reaccionar
2025-05-16 13:10:53 [INFO] utils: Jugador mas cercano 10
2025-05-16 13:10:53 [INFO] client: Accion enviada. Mensaje: mensaje_id='MARCAR_ADVERSARIO' token='TOKEN-d0fa6efd-9e6f-45fa-aafb-5679c78f8010' datos={'jugador_numero': 10, 'adversario_numero': 11}
2025-05-16 13:10:53 [INFO] client: Reaccionar
2025-05-16 13:10:53 [INFO] utils: Jugador mas cercano 11
2025-05-16 13:10:53 [INFO] client: Accion enviada. Mensaje: mensaje_id='MARCAR_ADVERSARIO' token='TOKEN-d0fa6efd-9e6f-45fa-aafb-5679c78f8010' datos={'jugador_numero': 11, 'adversario_numero': 10}
2025-05-16 13:10:53 [INFO] client: Reaccionar
2025-05-16 13:10:53 [INFO] utils: Jugador mas cercano 10
2025-05-16 13:10:53 [INFO] client: Accion enviada. Mensaje: mensaje_id='CORRER' token='TOKEN-d0fa6efd-9e6f-45fa-aafb-5679c78f8010' datos={'movimientos': [{'jugador_numero': 10, 'x': 7, 'y': 10}]}
2025-05-16 13:10:53 [INFO] client: Reaccionar
2025-05-16 13:10:53 [INFO] utils: Jugador mas cercano 10
2025-05-16 13:10:53 [INFO] client: Accion enviada. Mensaje: mensaje_id='CORRER' token='TOKEN-d0fa6efd-9e6f-45fa-aafb-5679c78f8010' datos={'movimientos': [{'jugador_numero': 10, 'x': 7, 'y': 10}]}
2025-05-16 13:10:53 [ERROR] mensajes: msg_id no interpretado. Data: {'mensaje_id': 'OCUPADO', 'datos': {'descripcion': 'El Servidor está ocupado en este momento. Intente más tarde.'}}
2025-05-16 13:10:53 [WARNING] client: Otro mensaje recibido.
Mensaje Enviado: mensaje_id='CORRER' token='TOKEN-d0fa6efd-9e6f-45fa-aafb-5679c78f8010' datos={'movimientos': [{'jugador_numero': 10, 'x': 7, 'y': 10}]}

Mensaje recibido: None
2025-05-16 13:10:55 [INFO] client: Reaccionar
2025-05-16 13:10:55 [INFO] utils: Jugador mas cercano 10
2025-05-16 13:10:55 [INFO] client: Accion enviada. Mensaje: mensaje_id='CORRER' token='TOKEN-d0fa6efd-9e6f-45fa-aafb-5679c78f8010' datos={'movimientos': [{'jugador_numero': 10, 'x': 7, 'y': 10}]}
2025-05-16 13:10:55 [INFO] client: Reaccionar
2025-05-16 13:10:55 [INFO] utils: Jugador mas cercano 10
2025-05-16 13:10:55 [INFO] client: Accion enviada. Mensaje: mensaje_id='CORRER' token='TOKEN-d0fa6efd-9e6f-45fa-aafb-5679c78f8010' datos={'movimientos': [{'jugador_numero': 10, 'x': 7, 'y': 10}]}
2025-05-16 13:10:55 [INFO] client: Reaccionar
2025-05-16 13:10:55 [INFO] utils: Jugador mas cercano 10
2025-05-16 13:10:55 [INFO] client: Accion enviada. Mensaje: mensaje_id='CORRER' token='TOKEN-d0fa6efd-9e6f-45fa-aafb-5679c78f8010' datos={'movimientos': [{'jugador_numero': 10, 'x': 7, 'y': 10}]}
2025-05-16 13:10:55 [ERROR] mensajes: msg_id no interpretado. Data: {'mensaje_id': 'OCUPADO', 'datos': {'descripcion': 'El Servidor está ocupado en este momento. Intente más tarde.'}}
2025-05-16 13:10:55 [WARNING] client: Otro mensaje recibido.
Mensaje Enviado: mensaje_id='CORRER' token='TOKEN-d0fa6efd-9e6f-45fa-aafb-5679c78f8010' datos={'movimientos': [{'jugador_numero': 10, 'x': 7, 'y': 10}]}

Mensaje recibido: None
2025-05-16 13:10:56 [INFO] client: Tienes la pelota!
2025-05-16 13:10:56 [WARNING] utils: No se pudo obtener info suficiente para decidir.
2025-05-16 13:10:56 [INFO] client: Accion enviada. Mensaje: mensaje_id='PATEAR' token='TOKEN-d0fa6efd-9e6f-45fa-aafb-5679c78f8010' datos={'x': 6, 'y': 19}
2025-05-16 13:10:57 [INFO] client: Tienes la pelota!
2025-05-16 13:10:57 [INFO] utils: Pasandola al jugador 11
2025-05-16 13:10:57 [INFO] client: Accion enviada. Mensaje: mensaje_id='PASAR_PELOTA' token='TOKEN-d0fa6efd-9e6f-45fa-aafb-5679c78f8010' datos={'jugador_numero': 11}
2025-05-16 13:10:57 [INFO] client: Reaccionar
2025-05-16 13:10:57 [INFO] utils: Jugador mas cercano 10
2025-05-16 13:10:57 [INFO] client: Accion enviada. Mensaje: mensaje_id='MARCAR_ADVERSARIO' token='TOKEN-d0fa6efd-9e6f-45fa-aafb-5679c78f8010' datos={'jugador_numero': 10, 'adversario_numero': 9}
2025-05-16 13:10:57 [ERROR] mensajes: msg_id no interpretado. Data: {'mensaje_id': 'OCUPADO', 'datos': {'descripcion': 'El Servidor está ocupado en este momento. Intente más tarde.'}}
2025-05-16 13:10:57 [WARNING] client: Otro mensaje recibido.
Mensaje Enviado: mensaje_id='MARCAR_ADVERSARIO' token='TOKEN-d0fa6efd-9e6f-45fa-aafb-5679c78f8010' datos={'jugador_numero': 10, 'adversario_numero': 9}

Mensaje recibido: None
2025-05-16 13:10:58 [ERROR] client: Mensaje de error del servidor. Mensaje enviado: mensaje_id='MARCAR_ADVERSARIO' token='TOKEN-d0fa6efd-9e6f-45fa-aafb-5679c78f8010' datos={'jugador_numero': 10, 'adversario_numero': 9}, Mensaje recibido: mensaje_id='ERROR' datos={'descripcion': 'PATEAR no se puede ejecturar por no poseer la pelota.'}
2025-05-16 13:10:59 [INFO] client: Tienes la pelota!
2025-05-16 13:10:59 [INFO] utils: Pasandola al jugador 11
2025-05-16 13:10:59 [INFO] client: Accion enviada. Mensaje: mensaje_id='PASAR_PELOTA' token='TOKEN-d0fa6efd-9e6f-45fa-aafb-5679c78f8010' datos={'jugador_numero': 11}
2025-05-16 13:10:59 [INFO] client: Tienes la pelota!
2025-05-16 13:10:59 [INFO] utils: Pasandola al jugador 11
2025-05-16 13:10:59 [INFO] client: Accion enviada. Mensaje: mensaje_id='PASAR_PELOTA' token='TOKEN-d0fa6efd-9e6f-45fa-aafb-5679c78f8010' datos={'jugador_numero': 11}
2025-05-16 13:10:59 [INFO] client: Reaccionar
2025-05-16 13:10:59 [INFO] utils: Jugador mas cercano 11
2025-05-16 13:10:59 [INFO] client: Accion enviada. Mensaje: mensaje_id='CORRER' token='TOKEN-d0fa6efd-9e6f-45fa-aafb-5679c78f8010' datos={'movimientos': [{'jugador_numero': 11, 'x': 7, 'y': 14}]}
2025-05-16 13:10:59 [ERROR] mensajes: msg_id no interpretado. Data: {'mensaje_id': 'OCUPADO', 'datos': {'descripcion': 'El Servidor está ocupado en este momento. Intente más tarde.'}}
2025-05-16 13:10:59 [WARNING] client: Otro mensaje recibido.
Mensaje Enviado: mensaje_id='CORRER' token='TOKEN-d0fa6efd-9e6f-45fa-aafb-5679c78f8010' datos={'movimientos': [{'jugador_numero': 11, 'x': 7, 'y': 14}]}

Mensaje recibido: None
2025-05-16 13:10:59 [INFO] client: Reaccionar
2025-05-16 13:10:59 [INFO] utils: Jugador mas cercano 11
2025-05-16 13:10:59 [INFO] client: Accion enviada. Mensaje: mensaje_id='CORRER' token='TOKEN-d0fa6efd-9e6f-45fa-aafb-5679c78f8010' datos={'movimientos': [{'jugador_numero': 11, 'x': 7, 'y': 14}]}
2025-05-16 13:10:59 [ERROR] client: Mensaje de error del servidor. Mensaje enviado: mensaje_id='CORRER' token='TOKEN-d0fa6efd-9e6f-45fa-aafb-5679c78f8010' datos={'movimientos': [{'jugador_numero': 11, 'x': 7, 'y': 14}]}, Mensaje recibido: mensaje_id='ERROR' datos={'descripcion': 'PATEAR no se puede ejecturar por no poseer la pelota.'}
2025-05-16 13:11:00 [ERROR] client: Mensaje de error del servidor. Mensaje enviado: mensaje_id='CORRER' token='TOKEN-d0fa6efd-9e6f-45fa-aafb-5679c78f8010' datos={'movimientos': [{'jugador_numero': 11, 'x': 7, 'y': 14}]}, Mensaje recibido: mensaje_id='ERROR' datos={'descripcion': 'PATEAR no se puede ejecturar por no poseer la pelota.'}
2025-05-16 13:11:00 [INFO] client: Reaccionar
2025-05-16 13:11:00 [INFO] utils: Jugador mas cercano 11
2025-05-16 13:11:00 [INFO] client: Accion enviada. Mensaje: mensaje_id='CORRER' token='TOKEN-d0fa6efd-9e6f-45fa-aafb-5679c78f8010' datos={'movimientos': [{'jugador_numero': 11, 'x': 7, 'y': 14}]}
2025-05-16 13:11:00 [INFO] client: Reaccionar
2025-05-16 13:11:00 [INFO] utils: Jugador mas cercano 11
2025-05-16 13:11:01 [INFO] client: Accion enviada. Mensaje: mensaje_id='CORRER' token='TOKEN-d0fa6efd-9e6f-45fa-aafb-5679c78f8010' datos={'movimientos': [{'jugador_numero': 11, 'x': 7, 'y': 14}]}
2025-05-16 13:11:01 [INFO] client: Reaccionar
2025-05-16 13:11:01 [INFO] utils: Jugador mas cercano 11
2025-05-16 13:11:01 [INFO] client: Accion enviada. Mensaje: mensaje_id='CORRER' token='TOKEN-d0fa6efd-9e6f-45fa-aafb-5679c78f8010' datos={'movimientos': [{'jugador_numero': 11, 'x': 7, 'y': 14}]}
2025-05-16 13:11:01 [INFO] client: Reaccionar
2025-05-16 13:11:01 [INFO] utils: Jugador mas cercano 10
2025-05-16 13:11:01 [INFO] client: Accion enviada. Mensaje: mensaje_id='CORRER' token='TOKEN-d0fa6efd-9e6f-45fa-aafb-5679c78f8010' datos={'movimientos': [{'jugador_numero': 10, 'x': 7, 'y': 10}]}
2025-05-16 13:11:01 [INFO] client: Reaccionar
2025-05-16 13:11:01 [INFO] utils: Jugador mas cercano 10
2025-05-16 13:11:01 [INFO] client: Accion enviada. Mensaje: mensaje_id='CORRER' token='TOKEN-d0fa6efd-9e6f-45fa-aafb-5679c78f8010' datos={'movimientos': [{'jugador_numero': 10, 'x': 7, 'y': 10}]}
2025-05-16 13:11:01 [INFO] client: Reaccionar
2025-05-16 13:11:01 [INFO] utils: Jugador mas cercano 9
2025-05-16 13:11:01 [INFO] client: Accion enviada. Mensaje: mensaje_id='CORRER' token='TOKEN-d0fa6efd-9e6f-45fa-aafb-5679c78f8010' datos={'movimientos': [{'jugador_numero': 9, 'x': 7, 'y': 6}]}
2025-05-16 13:11:01 [INFO] client: Reaccionar
2025-05-16 13:11:01 [INFO] utils: Jugador mas cercano 9
2025-05-16 13:11:01 [INFO] client: Accion enviada. Mensaje: mensaje_id='CORRER' token='TOKEN-d0fa6efd-9e6f-45fa-aafb-5679c78f8010' datos={'movimientos': [{'jugador_numero': 9, 'x': 7, 'y': 6}]}
2025-05-16 13:11:01 [ERROR] mensajes: msg_id no interpretado. Data: {'mensaje_id': 'OCUPADO', 'datos': {'descripcion': 'El Servidor está ocupado en este momento. Intente más tarde.'}}
2025-05-16 13:11:01 [WARNING] client: Otro mensaje recibido.
Mensaje Enviado: mensaje_id='CORRER' token='TOKEN-d0fa6efd-9e6f-45fa-aafb-5679c78f8010' datos={'movimientos': [{'jugador_numero': 9, 'x': 7, 'y': 6}]}

Mensaje recibido: None
2025-05-16 13:11:01 [INFO] client: Reaccionar
2025-05-16 13:11:02 [INFO] utils: Jugador mas cercano 9
2025-05-16 13:11:02 [INFO] client: Accion enviada. Mensaje: mensaje_id='CORRER' token='TOKEN-d0fa6efd-9e6f-45fa-aafb-5679c78f8010' datos={'movimientos': [{'jugador_numero': 9, 'x': 7, 'y': 6}]}
2025-05-16 13:11:02 [INFO] client: Reaccionar
2025-05-16 13:11:02 [INFO] utils: Jugador mas cercano 9
2025-05-16 13:11:02 [INFO] client: Accion enviada. Mensaje: mensaje_id='CORRER' token='TOKEN-d0fa6efd-9e6f-45fa-aafb-5679c78f8010' datos={'movimientos': [{'jugador_numero': 9, 'x': 7, 'y': 6}]}
2025-05-16 13:11:04 [INFO] client: Reaccionar
2025-05-16 13:11:04 [INFO] utils: Jugador mas cercano 9
2025-05-16 13:11:04 [INFO] client: Accion enviada. Mensaje: mensaje_id='CORRER' token='TOKEN-d0fa6efd-9e6f-45fa-aafb-5679c78f8010' datos={'movimientos': [{'jugador_numero': 9, 'x': 7, 'y': 6}]}
2025-05-16 13:11:05 [INFO] client: Reaccionar
2025-05-16 13:11:05 [INFO] utils: Jugador mas cercano 9
2025-05-16 13:11:05 [INFO] client: Accion enviada. Mensaje: mensaje_id='CORRER' token='TOKEN-d0fa6efd-9e6f-45fa-aafb-5679c78f8010' datos={'movimientos': [{'jugador_numero': 9, 'x': 7, 'y': 6}]}
2025-05-16 13:11:05 [INFO] client: Tienes la pelota!
2025-05-16 13:11:05 [INFO] utils: Pasandola al jugador 11
2025-05-16 13:11:05 [INFO] client: Accion enviada. Mensaje: mensaje_id='PASAR_PELOTA' token='TOKEN-d0fa6efd-9e6f-45fa-aafb-5679c78f8010' datos={'jugador_numero': 11}
2025-05-16 13:11:05 [INFO] client: Tienes la pelota!
2025-05-16 13:11:05 [INFO] utils: Pasandola al jugador 11
2025-05-16 13:11:05 [INFO] client: Accion enviada. Mensaje: mensaje_id='PASAR_PELOTA' token='TOKEN-d0fa6efd-9e6f-45fa-aafb-5679c78f8010' datos={'jugador_numero': 11}
2025-05-16 13:11:05 [ERROR] mensajes: msg_id no interpretado. Data: {'mensaje_id': 'OCUPADO', 'datos': {'descripcion': 'El Servidor está ocupado en este momento. Intente más tarde.'}}
2025-05-16 13:11:05 [WARNING] client: Otro mensaje recibido.
Mensaje Enviado: mensaje_id='PASAR_PELOTA' token='TOKEN-d0fa6efd-9e6f-45fa-aafb-5679c78f8010' datos={'jugador_numero': 11}

Mensaje recibido: None
2025-05-16 13:11:06 [INFO] client: Reaccionar
2025-05-16 13:11:06 [INFO] utils: Jugador mas cercano 9
2025-05-16 13:11:06 [INFO] client: Accion enviada. Mensaje: mensaje_id='MARCAR_ADVERSARIO' token='TOKEN-d0fa6efd-9e6f-45fa-aafb-5679c78f8010' datos={'jugador_numero': 9, 'adversario_numero': 9}
2025-05-16 13:11:06 [INFO] client: Reaccionar
2025-05-16 13:11:06 [INFO] utils: Pelota en el aire.
2025-05-16 13:11:06 [INFO] utils: Jugador mas cercano 9
2025-05-16 13:11:06 [INFO] client: Accion enviada. Mensaje: mensaje_id='CORRER' token='TOKEN-d0fa6efd-9e6f-45fa-aafb-5679c78f8010' datos={'movimientos': [{'jugador_numero': 9, 'x': 7, 'y': 6}]}
2025-05-16 13:11:06 [INFO] client: Reaccionar
2025-05-16 13:11:06 [INFO] utils: Jugador mas cercano 4
2025-05-16 13:11:06 [INFO] client: Accion enviada. Mensaje: mensaje_id='CORRER' token='TOKEN-d0fa6efd-9e6f-45fa-aafb-5679c78f8010' datos={'movimientos': [{'jugador_numero': 4, 'x': 5, 'y': 3}]}
2025-05-16 13:11:06 [INFO] client: Tienes la pelota!
2025-05-16 13:11:06 [INFO] utils: Pasandola al jugador 11
2025-05-16 13:11:06 [INFO] client: Accion enviada. Mensaje: mensaje_id='PASAR_PELOTA' token='TOKEN-d0fa6efd-9e6f-45fa-aafb-5679c78f8010' datos={'jugador_numero': 11}
2025-05-16 13:11:06 [ERROR] mensajes: msg_id no interpretado. Data: {'mensaje_id': 'OCUPADO', 'datos': {'descripcion': 'El Servidor está ocupado en este momento. Intente más tarde.'}}
2025-05-16 13:11:06 [WARNING] client: Otro mensaje recibido.
Mensaje Enviado: mensaje_id='PASAR_PELOTA' token='TOKEN-d0fa6efd-9e6f-45fa-aafb-5679c78f8010' datos={'jugador_numero': 11}

Mensaje recibido: None
2025-05-16 13:11:07 [INFO] client: Reaccionar
2025-05-16 13:11:07 [INFO] utils: Jugador mas cercano 9
2025-05-16 13:11:07 [INFO] client: Accion enviada. Mensaje: mensaje_id='MARCAR_ADVERSARIO' token='TOKEN-d0fa6efd-9e6f-45fa-aafb-5679c78f8010' datos={'jugador_numero': 9, 'adversario_numero': 9}
2025-05-16 13:11:07 [INFO] client: Reaccionar
2025-05-16 13:11:07 [INFO] utils: Pelota en el aire.
2025-05-16 13:11:07 [INFO] utils: Jugador mas cercano 9
2025-05-16 13:11:07 [INFO] client: Accion enviada. Mensaje: mensaje_id='CORRER' token='TOKEN-d0fa6efd-9e6f-45fa-aafb-5679c78f8010' datos={'movimientos': [{'jugador_numero': 9, 'x': 7, 'y': 6}]}
2025-05-16 13:11:07 [INFO] client: Reaccionar
2025-05-16 13:11:07 [INFO] utils: Jugador mas cercano 1
2025-05-16 13:11:07 [INFO] client: Accion enviada. Mensaje: mensaje_id='CORRER' token='TOKEN-d0fa6efd-9e6f-45fa-aafb-5679c78f8010' datos={'movimientos': [{'jugador_numero': 1, 'x': 5, 'y': 1}]}
2025-05-16 13:11:07 [INFO] client: Reaccionar
2025-05-16 13:11:07 [INFO] utils: Jugador mas cercano 1
2025-05-16 13:11:07 [INFO] client: Accion enviada. Mensaje: mensaje_id='CORRER' token='TOKEN-d0fa6efd-9e6f-45fa-aafb-5679c78f8010' datos={'movimientos': [{'jugador_numero': 1, 'x': 5, 'y': 1}]}
2025-05-16 13:11:07 [ERROR] mensajes: msg_id no interpretado. Data: {'mensaje_id': 'OCUPADO', 'datos': {'descripcion': 'El Servidor está ocupado en este momento. Intente más tarde.'}}
2025-05-16 13:11:07 [WARNING] client: Otro mensaje recibido.
Mensaje Enviado: mensaje_id='CORRER' token='TOKEN-d0fa6efd-9e6f-45fa-aafb-5679c78f8010' datos={'movimientos': [{'jugador_numero': 1, 'x': 5, 'y': 1}]}

Mensaje recibido: None
2025-05-16 13:11:08 [INFO] client: Reaccionar
2025-05-16 13:11:08 [INFO] utils: Jugador mas cercano 1
2025-05-16 13:11:08 [INFO] client: Accion enviada. Mensaje: mensaje_id='CORRER' token='TOKEN-d0fa6efd-9e6f-45fa-aafb-5679c78f8010' datos={'movimientos': [{'jugador_numero': 1, 'x': 5, 'y': 1}]}
2025-05-16 13:11:08 [INFO] client: Reaccionar
2025-05-16 13:11:08 [INFO] utils: Jugador mas cercano 1
2025-05-16 13:11:08 [INFO] client: Accion enviada. Mensaje: mensaje_id='CORRER' token='TOKEN-d0fa6efd-9e6f-45fa-aafb-5679c78f8010' datos={'movimientos': [{'jugador_numero': 1, 'x': 5, 'y': 1}]}
2025-05-16 13:11:08 [INFO] client: Reaccionar
2025-05-16 13:11:08 [INFO] utils: Jugador mas cercano 1
2025-05-16 13:11:08 [INFO] client: Accion enviada. Mensaje: mensaje_id='CORRER' token='TOKEN-d0fa6efd-9e6f-45fa-aafb-5679c78f8010' datos={'movimientos': [{'jugador_numero': 1, 'x': 5, 'y': 1}]}
2025-05-16 13:11:08 [ERROR] mensajes: msg_id no interpretado. Data: {'mensaje_id': 'OCUPADO', 'datos': {'descripcion': 'El Servidor está ocupado en este momento. Intente más tarde.'}}
2025-05-16 13:11:08 [WARNING] client: Otro mensaje recibido.
Mensaje Enviado: mensaje_id='CORRER' token='TOKEN-d0fa6efd-9e6f-45fa-aafb-5679c78f8010' datos={'movimientos': [{'jugador_numero': 1, 'x': 5, 'y': 1}]}

Mensaje recibido: None
2025-05-16 13:11:09 [INFO] client: Tienes la pelota!
2025-05-16 13:11:09 [WARNING] utils: No se pudo obtener info suficiente para decidir.
2025-05-16 13:11:09 [INFO] client: Accion enviada. Mensaje: mensaje_id='PATEAR' token='TOKEN-d0fa6efd-9e6f-45fa-aafb-5679c78f8010' datos={'x': 6, 'y': 19}
2025-05-16 13:11:09 [INFO] client: Reaccionar
2025-05-16 13:11:09 [INFO] utils: Jugador mas cercano 1
2025-05-16 13:11:09 [INFO] client: Accion enviada. Mensaje: mensaje_id='CORRER' token='TOKEN-d0fa6efd-9e6f-45fa-aafb-5679c78f8010' datos={'movimientos': [{'jugador_numero': 1, 'x': 5, 'y': 1}]}
2025-05-16 13:11:09 [INFO] client: Tienes la pelota!
2025-05-16 13:11:09 [WARNING] utils: No se pudo obtener info suficiente para decidir.
2025-05-16 13:11:09 [INFO] client: Accion enviada. Mensaje: mensaje_id='PATEAR' token='TOKEN-d0fa6efd-9e6f-45fa-aafb-5679c78f8010' datos={'x': 6, 'y': 19}
2025-05-16 13:11:09 [INFO] client: Reaccionar
2025-05-16 13:11:09 [INFO] utils: Jugador mas cercano 1
2025-05-16 13:11:09 [INFO] client: Accion enviada. Mensaje: mensaje_id='MARCAR_ADVERSARIO' token='TOKEN-d0fa6efd-9e6f-45fa-aafb-5679c78f8010' datos={'jugador_numero': 1, 'adversario_numero': 9}
2025-05-16 13:11:09 [ERROR] mensajes: msg_id no interpretado. Data: {'mensaje_id': 'OCUPADO', 'datos': {'descripcion': 'El Servidor está ocupado en este momento. Intente más tarde.'}}
2025-05-16 13:11:09 [WARNING] client: Otro mensaje recibido.
Mensaje Enviado: mensaje_id='MARCAR_ADVERSARIO' token='TOKEN-d0fa6efd-9e6f-45fa-aafb-5679c78f8010' datos={'jugador_numero': 1, 'adversario_numero': 9}

Mensaje recibido: None
2025-05-16 13:11:09 [ERROR] client: Mensaje de error del servidor. Mensaje enviado: mensaje_id='MARCAR_ADVERSARIO' token='TOKEN-d0fa6efd-9e6f-45fa-aafb-5679c78f8010' datos={'jugador_numero': 1, 'adversario_numero': 9}, Mensaje recibido: mensaje_id='ERROR' datos={'descripcion': 'PATEAR no se puede ejecturar por no poseer la pelota.'}
2025-05-16 13:11:10 [INFO] client: Reaccionar
2025-05-16 13:11:10 [INFO] utils: Jugador mas cercano 1
2025-05-16 13:11:10 [INFO] client: Accion enviada. Mensaje: mensaje_id='MARCAR_ADVERSARIO' token='TOKEN-d0fa6efd-9e6f-45fa-aafb-5679c78f8010' datos={'jugador_numero': 1, 'adversario_numero': 9}
2025-05-16 13:11:10 [INFO] client: Reaccionar
2025-05-16 13:11:10 [INFO] utils: Jugador mas cercano 1
2025-05-16 13:11:10 [INFO] client: Accion enviada. Mensaje: mensaje_id='MARCAR_ADVERSARIO' token='TOKEN-d0fa6efd-9e6f-45fa-aafb-5679c78f8010' datos={'jugador_numero': 1, 'adversario_numero': 9}
2025-05-16 13:11:10 [INFO] client: Reaccionar
2025-05-16 13:11:10 [INFO] utils: Jugador mas cercano 1
2025-05-16 13:11:10 [INFO] client: Accion enviada. Mensaje: mensaje_id='MARCAR_ADVERSARIO' token='TOKEN-d0fa6efd-9e6f-45fa-aafb-5679c78f8010' datos={'jugador_numero': 1, 'adversario_numero': 9}
2025-05-16 13:11:10 [ERROR] mensajes: msg_id no interpretado. Data: {'mensaje_id': 'GOL', 'destinatario': 'TOKEN-d0fa6efd-9e6f-45fa-aafb-5679c78f8010', 'datos': [{'id': 'equipo:TOKEN-1be8a96e-32a2-45ff-a12c-6846e39be63e', 'nombre': 'LANUS', 'formacion': '4-3-3', 'rol': 2, 'goles': 1, 'arco': [{'x': 5, 'y': 19}, {'x': 6, 'y': 19}, {'x': 7, 'y': 19}]}, {'tipo': 'cancha', 'id': 'cancha', 'equipo1': {'id': 'equipo:TOKEN-d0fa6efd-9e6f-45fa-aafb-5679c78f8010', 'nombre': 'BARCA', 'formacion': '5-3-2', 'rol': 1, 'goles': 2, 'arco': [{'x': 5, 'y': 0}, {'x': 6, 'y': 0}, {'x': 7, 'y': 0}]}, 'equipo2': {'id': 'equipo:TOKEN-1be8a96e-32a2-45ff-a12c-6846e39be63e', 'nombre': 'LANUS', 'formacion': '4-3-3', 'rol': 2, 'goles': 1, 'arco': [{'x': 5, 'y': 19}, {'x': 6, 'y': 19}, {'x': 7, 'y': 19}]}, 'sectores': [{'id': 18, 'x': 5, 'y': 1, 'ocupantes': [{'numero': 1, 'nombre': 'Valdez', 'equipo_id': 'equipo:TOKEN-d0fa6efd-9e6f-45fa-aafb-5679c78f8010', 'sector_id': 18, 'tiene_la_pelota': False}, {'numero': 9, 'nombre': 'Zenón', 'equipo_id': 'equipo:TOKEN-1be8a96e-32a2-45ff-a12c-6846e39be63e', 'sector_id': 18, 'tiene_la_pelota': True}]}, {'id': 64, 'x': 12, 'y': 4, 'ocupantes': [{'numero': 2, 'nombre': 'Pique', 'equipo_id': 'equipo:TOKEN-d0fa6efd-9e6f-45fa-aafb-5679c78f8010', 'sector_id': 64, 'tiene_la_pelota': False}]}, {'id': 48, 'x': 9, 'y': 3, 'ocupantes': [{'numero': 3, 'nombre': 'Puyol', 'equipo_id': 'equipo:TOKEN-d0fa6efd-9e6f-45fa-aafb-5679c78f8010', 'sector_id': 48, 'tiene_la_pelota': False}]}, {'id': 44, 'x': 5, 'y': 3, 'ocupantes': [{'numero': 4, 'nombre': 'Abidal', 'equipo_id': 'equipo:TOKEN-d0fa6efd-9e6f-45fa-aafb-5679c78f8010', 'sector_id': 44, 'tiene_la_pelota': False}]}, {'id': 42, 'x': 3, 'y': 3, 'ocupantes': [{'numero': 5, 'nombre': 'Dani Alves', 'equipo_id': 'equipo:TOKEN-d0fa6efd-9e6f-45fa-aafb-5679c78f8010', 'sector_id': 42, 'tiene_la_pelota': False}]}, {'id': 52, 'x': 0, 'y': 4, 'ocupantes': [{'numero': 6, 'nombre': 'Busquets', 'equipo_id': 'equipo:TOKEN-d0fa6efd-9e6f-45fa-aafb-5679c78f8010', 'sector_id': 52, 'tiene_la_pelota': False}]}, {'id': 93, 'x': 2, 'y': 7, 'ocupantes': [{'numero': 7, 'nombre': 'Xavi', 'equipo_id': 'equipo:TOKEN-d0fa6efd-9e6f-45fa-aafb-5679c78f8010', 'sector_id': 93, 'tiene_la_pelota': False}]}, {'id': 101, 'x': 10, 'y': 7, 'ocupantes': [{'numero': 8, 'nombre': 'Iniesta', 'equipo_id': 'equipo:TOKEN-d0fa6efd-9e6f-45fa-aafb-5679c78f8010', 'sector_id': 101, 'tiene_la_pelota': False}]}, {'id': 85, 'x': 7, 'y': 6, 'ocupantes': [{'numero': 9, 'nombre': 'Suarez', 'equipo_id': 'equipo:TOKEN-d0fa6efd-9e6f-45fa-aafb-5679c78f8010', 'sector_id': 85, 'tiene_la_pelota': False}]}, {'id': 137, 'x': 7, 'y': 10, 'ocupantes': [{'numero': 10, 'nombre': 'Messi', 'equipo_id': 'equipo:TOKEN-d0fa6efd-9e6f-45fa-aafb-5679c78f8010', 'es_el_crack': True, 'sector_id': 137, 'tiene_la_pelota': False}]}, {'id': 189, 'x': 7, 'y': 14, 'ocupantes': [{'numero': 11, 'nombre': 'Neymar Jr', 'equipo_id': 'equipo:TOKEN-d0fa6efd-9e6f-45fa-aafb-5679c78f8010', 'tiene_la_pelota': False, 'sector_id': 189}, {'numero': 1, 'nombre': 'Marchesin', 'equipo_id': 'equipo:TOKEN-1be8a96e-32a2-45ff-a12c-6846e39be63e', 'sector_id': 189, 'tiene_la_pelota': False}]}, {'id': 209, 'x': 1, 'y': 16, 'ocupantes': [{'numero': 2, 'nombre': 'Rojo', 'equipo_id': 'equipo:TOKEN-1be8a96e-32a2-45ff-a12c-6846e39be63e', 'sector_id': 209, 'tiene_la_pelota': False}]}, {'id': 212, 'x': 4, 'y': 16, 'ocupantes': [{'numero': 3, 'nombre': 'Blanco', 'equipo_id': 'equipo:TOKEN-1be8a96e-32a2-45ff-a12c-6846e39be63e', 'sector_id': 212, 'tiene_la_pelota': False}]}, {'id': 216, 'x': 8, 'y': 16, 'ocupantes': [{'numero': 4, 'nombre': 'Advíncula', 'equipo_id': 'equipo:TOKEN-1be8a96e-32a2-45ff-a12c-6846e39be63e', 'sector_id': 216, 'tiene_la_pelota': False}]}, {'id': 219, 'x': 11, 'y': 16, 'ocupantes': [{'numero': 5, 'nombre': 'Blondel', 'equipo_id': 'equipo:TOKEN-1be8a96e-32a2-45ff-a12c-6846e39be63e', 'sector_id': 219, 'tiene_la_pelota': False}]}, {'id': 172, 'x': 3, 'y': 13, 'ocupantes': [{'numero': 6, 'nombre': 'Belmonte', 'equipo_id': 'equipo:TOKEN-1be8a96e-32a2-45ff-a12c-6846e39be63e', 'sector_id': 172, 'tiene_la_pelota': False}]}, {'id': 175, 'x': 6, 'y': 13, 'ocupantes': [{'numero': 7, 'nombre': 'Palacios', 'equipo_id': 'equipo:TOKEN-1be8a96e-32a2-45ff-a12c-6846e39be63e', 'sector_id': 175, 'tiene_la_pelota': False}]}, {'id': 178, 'x': 9, 'y': 13, 'ocupantes': [{'numero': 8, 'nombre': 'Delgado', 'equipo_id': 'equipo:TOKEN-1be8a96e-32a2-45ff-a12c-6846e39be63e', 'sector_id': 178, 'tiene_la_pelota': False}]}, {'id': 189, 'x': 7, 'y': 14, 'ocupantes': [{'numero': 10, 'nombre': 'Merentiel', 'equipo_id': 'equipo:TOKEN-1be8a96e-32a2-45ff-a12c-6846e39be63e', 'es_el_crack': True, 'sector_id': 189, 'tiene_la_pelota': False}]}, {'id': 134, 'x': 4, 'y': 10, 'ocupantes': [{'numero': 11, 'nombre': 'Cavani', 'equipo_id': 'equipo:TOKEN-1be8a96e-32a2-45ff-a12c-6846e39be63e', 'tiene_la_pelota': False, 'sector_id': 134}]}], 'ubicacion_pelota': {'id': 6, 'x': 6, 'y': 0, 'esta_la_pelota': True}, 'time_stamp': '1747411869995'}, {'tipo': 'cancha', 'id': 'cancha_formada', 'equipo1': {'id': 'equipo:TOKEN-d0fa6efd-9e6f-45fa-aafb-5679c78f8010', 'nombre': 'BARCA', 'formacion': '5-3-2', 'rol': 1, 'goles': 2, 'arco': [{'x': 5, 'y': 0}, {'x': 6, 'y': 0}, {'x': 7, 'y': 0}]}, 'equipo2': {'id': 'equipo:TOKEN-1be8a96e-32a2-45ff-a12c-6846e39be63e', 'nombre': 'LANUS', 'formacion': '4-3-3', 'rol': 2, 'goles': 1, 'arco': [{'x': 5, 'y': 19}, {'x': 6, 'y': 19}, {'x': 7, 'y': 19}]}, 'sectores': [{'id': 253, 'x': 6, 'y': 19, 'ocupantes': [{'numero': 1, 'nombre': 'Marchesin', 'equipo_id': 'equipo:TOKEN-1be8a96e-32a2-45ff-a12c-6846e39be63e', 'sector_id': 253, 'tiene_la_pelota': False}]}, {'id': 209, 'x': 1, 'y': 16, 'ocupantes': [{'numero': 2, 'nombre': 'Rojo', 'equipo_id': 'equipo:TOKEN-1be8a96e-32a2-45ff-a12c-6846e39be63e', 'sector_id': 209, 'tiene_la_pelota': False}]}, {'id': 212, 'x': 4, 'y': 16, 'ocupantes': [{'numero': 3, 'nombre': 'Blanco', 'equipo_id': 'equipo:TOKEN-1be8a96e-32a2-45ff-a12c-6846e39be63e', 'sector_id': 212, 'tiene_la_pelota': False}]}, {'id': 216, 'x': 8, 'y': 16, 'ocupantes': [{'numero': 4, 'nombre': 'Advíncula', 'equipo_id': 'equipo:TOKEN-1be8a96e-32a2-45ff-a12c-6846e39be63e', 'sector_id': 216, 'tiene_la_pelota': False}]}, {'id': 219, 'x': 11, 'y': 16, 'ocupantes': [{'numero': 5, 'nombre': 'Blondel', 'equipo_id': 'equipo:TOKEN-1be8a96e-32a2-45ff-a12c-6846e39be63e', 'sector_id': 219, 'tiene_la_pelota': False}]}, {'id': 172, 'x': 3, 'y': 13, 'ocupantes': [{'numero': 6, 'nombre': 'Belmonte', 'equipo_id': 'equipo:TOKEN-1be8a96e-32a2-45ff-a12c-6846e39be63e', 'sector_id': 172, 'tiene_la_pelota': False}]}, {'id': 175, 'x': 6, 'y': 13, 'ocupantes': [{'numero': 7, 'nombre': 'Palacios', 'equipo_id': 'equipo:TOKEN-1be8a96e-32a2-45ff-a12c-6846e39be63e', 'sector_id': 175, 'tiene_la_pelota': False}]}, {'id': 178, 'x': 9, 'y': 13, 'ocupantes': [{'numero': 8, 'nombre': 'Delgado', 'equipo_id': 'equipo:TOKEN-1be8a96e-32a2-45ff-a12c-6846e39be63e', 'sector_id': 178, 'tiene_la_pelota': False}]}, {'id': 136, 'x': 6, 'y': 10, 'ocupantes': [{'numero': 9, 'nombre': 'Zenón', 'equipo_id': 'equipo:TOKEN-1be8a96e-32a2-45ff-a12c-6846e39be63e', 'sector_id': 136, 'tiene_la_pelota': False}]}, {'id': 138, 'x': 8, 'y': 10, 'ocupantes': [{'numero': 10, 'nombre': 'Merentiel', 'equipo_id': 'equipo:TOKEN-1be8a96e-32a2-45ff-a12c-6846e39be63e', 'es_el_crack': True, 'sector_id': 138, 'tiene_la_pelota': False}]}, {'id': 134, 'x': 4, 'y': 10, 'ocupantes': [{'numero': 11, 'nombre': 'Cavani', 'equipo_id': 'equipo:TOKEN-1be8a96e-32a2-45ff-a12c-6846e39be63e', 'tiene_la_pelota': False, 'sector_id': 134}]}, {'id': 6, 'x': 6, 'y': 0, 'ocupantes': [{'numero': 1, 'nombre': 'Valdez', 'equipo_id': 'equipo:TOKEN-d0fa6efd-9e6f-45fa-aafb-5679c78f8010', 'sector_id': 6}]}, {'id': 64, 'x': 12, 'y': 4, 'ocupantes': [{'numero': 2, 'nombre': 'Pique', 'equipo_id': 'equipo:TOKEN-d0fa6efd-9e6f-45fa-aafb-5679c78f8010', 'sector_id': 64}]}, {'id': 48, 'x': 9, 'y': 3, 'ocupantes': [{'numero': 3, 'nombre': 'Puyol', 'equipo_id': 'equipo:TOKEN-d0fa6efd-9e6f-45fa-aafb-5679c78f8010', 'sector_id': 48}]}, {'id': 45, 'x': 6, 'y': 3, 'ocupantes': [{'numero': 4, 'nombre': 'Abidal', 'equipo_id': 'equipo:TOKEN-d0fa6efd-9e6f-45fa-aafb-5679c78f8010', 'sector_id': 45}]}, {'id': 42, 'x': 3, 'y': 3, 'ocupantes': [{'numero': 5, 'nombre': 'Dani Alves', 'equipo_id': 'equipo:TOKEN-d0fa6efd-9e6f-45fa-aafb-5679c78f8010', 'sector_id': 42}]}, {'id': 52, 'x': 0, 'y': 4, 'ocupantes': [{'numero': 6, 'nombre': 'Busquets', 'equipo_id': 'equipo:TOKEN-d0fa6efd-9e6f-45fa-aafb-5679c78f8010', 'sector_id': 52}]}, {'id': 93, 'x': 2, 'y': 7, 'ocupantes': [{'numero': 7, 'nombre': 'Xavi', 'equipo_id': 'equipo:TOKEN-d0fa6efd-9e6f-45fa-aafb-5679c78f8010', 'sector_id': 93}]}, {'id': 101, 'x': 10, 'y': 7, 'ocupantes': [{'numero': 8, 'nombre': 'Iniesta', 'equipo_id': 'equipo:TOKEN-d0fa6efd-9e6f-45fa-aafb-5679c78f8010', 'sector_id': 101}]}, {'id': 84, 'x': 6, 'y': 6, 'ocupantes': [{'numero': 9, 'nombre': 'Suarez', 'equipo_id': 'equipo:TOKEN-d0fa6efd-9e6f-45fa-aafb-5679c78f8010', 'sector_id': 84}]}, {'id': 121, 'x': 4, 'y': 9, 'ocupantes': [{'numero': 10, 'nombre': 'Messi', 'equipo_id': 'equipo:TOKEN-d0fa6efd-9e6f-45fa-aafb-5679c78f8010', 'es_el_crack': True, 'sector_id': 121}]}, {'id': 125, 'x': 8, 'y': 9, 'ocupantes': [{'numero': 11, 'nombre': 'Neymar Jr', 'equipo_id': 'equipo:TOKEN-d0fa6efd-9e6f-45fa-aafb-5679c78f8010', 'tiene_la_pelota': True, 'sector_id': 125}]}], 'ubicacion_pelota': {'id': 121, 'x': 4, 'y': 9}, 'time_stamp': '1747411741625'}, {'tipo': 'reloj', 'reloj': 51620}]}
2025-05-16 13:11:10 [WARNING] client: Otro mensaje recibido.
Mensaje Enviado: mensaje_id='MARCAR_ADVERSARIO' token='TOKEN-d0fa6efd-9e6f-45fa-aafb-5679c78f8010' datos={'jugador_numero': 1, 'adversario_numero': 9}

Mensaje recibido: None
2025-05-16 13:11:10 [ERROR] mensajes: msg_id no interpretado. Data: {'mensaje_id': 'OCUPADO', 'datos': {'descripcion': 'El Servidor está ocupado en este momento. Intente más tarde.'}}
2025-05-16 13:11:10 [WARNING] client: Otro mensaje recibido.
Mensaje Enviado: mensaje_id='MARCAR_ADVERSARIO' token='TOKEN-d0fa6efd-9e6f-45fa-aafb-5679c78f8010' datos={'jugador_numero': 1, 'adversario_numero': 9}

Mensaje recibido: None
2025-05-16 13:11:11 [INFO] client: Reaccionar
2025-05-16 13:11:11 [INFO] utils: Jugador mas cercano 10
2025-05-16 13:11:11 [INFO] client: Accion enviada. Mensaje: mensaje_id='MARCAR_ADVERSARIO' token='TOKEN-d0fa6efd-9e6f-45fa-aafb-5679c78f8010' datos={'jugador_numero': 10, 'adversario_numero': 11}
2025-05-16 13:11:11 [INFO] client: Reaccionar
2025-05-16 13:11:11 [INFO] utils: Jugador mas cercano 9
2025-05-16 13:11:11 [INFO] client: Accion enviada. Mensaje: mensaje_id='CORRER' token='TOKEN-d0fa6efd-9e6f-45fa-aafb-5679c78f8010' datos={'movimientos': [{'jugador_numero': 9, 'x': 7, 'y': 5}]}
2025-05-16 13:11:11 [INFO] client: Reaccionar
2025-05-16 13:11:11 [INFO] utils: Jugador mas cercano 1
2025-05-16 13:11:11 [INFO] client: Accion enviada. Mensaje: mensaje_id='CORRER' token='TOKEN-d0fa6efd-9e6f-45fa-aafb-5679c78f8010' datos={'movimientos': [{'jugador_numero': 1, 'x': 7, 'y': 5}]}
2025-05-16 13:11:11 [INFO] client: Reaccionar
2025-05-16 13:11:11 [INFO] utils: Jugador mas cercano 9
2025-05-16 13:11:11 [INFO] client: Accion enviada. Mensaje: mensaje_id='CORRER' token='TOKEN-d0fa6efd-9e6f-45fa-aafb-5679c78f8010' datos={'movimientos': [{'jugador_numero': 9, 'x': 7, 'y': 5}]}
2025-05-16 13:11:11 [ERROR] mensajes: msg_id no interpretado. Data: {'mensaje_id': 'OCUPADO', 'datos': {'descripcion': 'El Servidor está ocupado en este momento. Intente más tarde.'}}
2025-05-16 13:11:11 [WARNING] client: Otro mensaje recibido.
Mensaje Enviado: mensaje_id='CORRER' token='TOKEN-d0fa6efd-9e6f-45fa-aafb-5679c78f8010' datos={'movimientos': [{'jugador_numero': 9, 'x': 7, 'y': 5}]}

Mensaje recibido: None
2025-05-16 13:11:12 [INFO] client: Reaccionar
2025-05-16 13:11:12 [INFO] utils: Jugador mas cercano 9
2025-05-16 13:11:12 [INFO] client: Accion enviada. Mensaje: mensaje_id='CORRER' token='TOKEN-d0fa6efd-9e6f-45fa-aafb-5679c78f8010' datos={'movimientos': [{'jugador_numero': 9, 'x': 7, 'y': 5}]}
2025-05-16 13:11:12 [INFO] client: Reaccionar
2025-05-16 13:11:12 [INFO] utils: Jugador mas cercano 9
2025-05-16 13:11:12 [INFO] client: Accion enviada. Mensaje: mensaje_id='CORRER' token='TOKEN-d0fa6efd-9e6f-45fa-aafb-5679c78f8010' datos={'movimientos': [{'jugador_numero': 9, 'x': 7, 'y': 5}]}
2025-05-16 13:11:12 [INFO] client: Reaccionar
2025-05-16 13:11:12 [INFO] utils: Jugador mas cercano 9
2025-05-16 13:11:12 [INFO] client: Accion enviada. Mensaje: mensaje_id='CORRER' token='TOKEN-d0fa6efd-9e6f-45fa-aafb-5679c78f8010' datos={'movimientos': [{'jugador_numero': 9, 'x': 7, 'y': 5}]}
2025-05-16 13:11:12 [INFO] client: Reaccionar
2025-05-16 13:11:12 [INFO] utils: Jugador mas cercano 9
2025-05-16 13:11:12 [INFO] client: Accion enviada. Mensaje: mensaje_id='CORRER' token='TOKEN-d0fa6efd-9e6f-45fa-aafb-5679c78f8010' datos={'movimientos': [{'jugador_numero': 9, 'x': 7, 'y': 5}]}
2025-05-16 13:11:12 [ERROR] mensajes: msg_id no interpretado. Data: {'mensaje_id': 'OCUPADO', 'datos': {'descripcion': 'El Servidor está ocupado en este momento. Intente más tarde.'}}
2025-05-16 13:11:12 [WARNING] client: Otro mensaje recibido.
Mensaje Enviado: mensaje_id='CORRER' token='TOKEN-d0fa6efd-9e6f-45fa-aafb-5679c78f8010' datos={'movimientos': [{'jugador_numero': 9, 'x': 7, 'y': 5}]}

Mensaje recibido: None
2025-05-16 13:11:13 [INFO] client: Tienes la pelota!
2025-05-16 13:11:13 [INFO] utils: Pasandola al jugador 10
2025-05-16 13:11:13 [INFO] client: Accion enviada. Mensaje: mensaje_id='PASAR_PELOTA' token='TOKEN-d0fa6efd-9e6f-45fa-aafb-5679c78f8010' datos={'jugador_numero': 10}
2025-05-16 13:11:13 [INFO] client: Tienes la pelota!
2025-05-16 13:11:13 [INFO] utils: Pasandola al jugador 10
2025-05-16 13:11:13 [INFO] client: Accion enviada. Mensaje: mensaje_id='PASAR_PELOTA' token='TOKEN-d0fa6efd-9e6f-45fa-aafb-5679c78f8010' datos={'jugador_numero': 10}
2025-05-16 13:11:13 [INFO] client: Reaccionar
2025-05-16 13:11:13 [INFO] utils: Jugador mas cercano 9
2025-05-16 13:11:13 [INFO] client: Accion enviada. Mensaje: mensaje_id='MARCAR_ADVERSARIO' token='TOKEN-d0fa6efd-9e6f-45fa-aafb-5679c78f8010' datos={'jugador_numero': 9, 'adversario_numero': 9}
2025-05-16 13:11:13 [INFO] client: Tienes la pelota!
2025-05-16 13:11:13 [INFO] utils: Pasandola al jugador 10
2025-05-16 13:11:13 [INFO] client: Accion enviada. Mensaje: mensaje_id='PASAR_PELOTA' token='TOKEN-d0fa6efd-9e6f-45fa-aafb-5679c78f8010' datos={'jugador_numero': 10}
2025-05-16 13:11:13 [ERROR] mensajes: msg_id no interpretado. Data: {'mensaje_id': 'OCUPADO', 'datos': {'descripcion': 'El Servidor está ocupado en este momento. Intente más tarde.'}}
2025-05-16 13:11:13 [WARNING] client: Otro mensaje recibido.
Mensaje Enviado: mensaje_id='PASAR_PELOTA' token='TOKEN-d0fa6efd-9e6f-45fa-aafb-5679c78f8010' datos={'jugador_numero': 10}

Mensaje recibido: None
2025-05-16 13:11:14 [INFO] client: Tienes la pelota!
2025-05-16 13:11:14 [WARNING] utils: No se pudo obtener info suficiente para decidir.
2025-05-16 13:11:14 [INFO] client: Accion enviada. Mensaje: mensaje_id='PATEAR' token='TOKEN-d0fa6efd-9e6f-45fa-aafb-5679c78f8010' datos={'x': 6, 'y': 19}
2025-05-16 13:11:14 [INFO] client: Tienes la pelota!
2025-05-16 13:11:14 [INFO] utils: Pasandola al jugador 10
2025-05-16 13:11:14 [INFO] client: Accion enviada. Mensaje: mensaje_id='PASAR_PELOTA' token='TOKEN-d0fa6efd-9e6f-45fa-aafb-5679c78f8010' datos={'jugador_numero': 10}
2025-05-16 13:11:14 [INFO] client: Reaccionar
2025-05-16 13:11:14 [INFO] utils: Jugador mas cercano 9
2025-05-16 13:11:14 [INFO] client: Accion enviada. Mensaje: mensaje_id='MARCAR_ADVERSARIO' token='TOKEN-d0fa6efd-9e6f-45fa-aafb-5679c78f8010' datos={'jugador_numero': 9, 'adversario_numero': 9}
2025-05-16 13:11:14 [ERROR] client: Mensaje de error del servidor. Mensaje enviado: mensaje_id='MARCAR_ADVERSARIO' token='TOKEN-d0fa6efd-9e6f-45fa-aafb-5679c78f8010' datos={'jugador_numero': 9, 'adversario_numero': 9}, Mensaje recibido: mensaje_id='ERROR' datos={'descripcion': 'PATEAR no se puede ejecturar por no poseer la pelota.'}
2025-05-16 13:11:14 [ERROR] mensajes: msg_id no interpretado. Data: {'mensaje_id': 'OCUPADO', 'datos': {'descripcion': 'El Servidor está ocupado en este momento. Intente más tarde.'}}
2025-05-16 13:11:14 [WARNING] client: Otro mensaje recibido.
Mensaje Enviado: mensaje_id='MARCAR_ADVERSARIO' token='TOKEN-d0fa6efd-9e6f-45fa-aafb-5679c78f8010' datos={'jugador_numero': 9, 'adversario_numero': 9}

Mensaje recibido: None
2025-05-16 13:11:15 [ERROR] client: Mensaje de error del servidor. Mensaje enviado: mensaje_id='MARCAR_ADVERSARIO' token='TOKEN-d0fa6efd-9e6f-45fa-aafb-5679c78f8010' datos={'jugador_numero': 9, 'adversario_numero': 9}, Mensaje recibido: mensaje_id='ERROR' datos={'descripcion': 'PATEAR no se puede ejecturar por no poseer la pelota.'}
2025-05-16 13:11:15 [INFO] client: Tienes la pelota!
2025-05-16 13:11:15 [INFO] utils: Pasandola al jugador 10
2025-05-16 13:11:15 [INFO] client: Accion enviada. Mensaje: mensaje_id='PASAR_PELOTA' token='TOKEN-d0fa6efd-9e6f-45fa-aafb-5679c78f8010' datos={'jugador_numero': 10}
2025-05-16 13:11:15 [INFO] client: Reaccionar
2025-05-16 13:11:15 [INFO] utils: Jugador mas cercano 10
2025-05-16 13:11:15 [INFO] client: Accion enviada. Mensaje: mensaje_id='CORRER' token='TOKEN-d0fa6efd-9e6f-45fa-aafb-5679c78f8010' datos={'movimientos': [{'jugador_numero': 10, 'x': 5, 'y': 9}]}
2025-05-16 13:11:15 [INFO] client: Reaccionar
2025-05-16 13:11:15 [INFO] utils: Jugador mas cercano 10
2025-05-16 13:11:15 [INFO] client: Accion enviada. Mensaje: mensaje_id='CORRER' token='TOKEN-d0fa6efd-9e6f-45fa-aafb-5679c78f8010' datos={'movimientos': [{'jugador_numero': 10, 'x': 5, 'y': 9}]}
2025-05-16 13:11:15 [ERROR] mensajes: msg_id no interpretado. Data: {'mensaje_id': 'OCUPADO', 'datos': {'descripcion': 'El Servidor está ocupado en este momento. Intente más tarde.'}}
2025-05-16 13:11:15 [WARNING] client: Otro mensaje recibido.
Mensaje Enviado: mensaje_id='CORRER' token='TOKEN-d0fa6efd-9e6f-45fa-aafb-5679c78f8010' datos={'movimientos': [{'jugador_numero': 10, 'x': 5, 'y': 9}]}

Mensaje recibido: None
2025-05-16 13:11:26 [INFO] client: Reaccionar
2025-05-16 13:11:26 [INFO] utils: Jugador mas cercano 10
2025-05-16 13:11:26 [INFO] client: Accion enviada. Mensaje: mensaje_id='CORRER' token='TOKEN-d0fa6efd-9e6f-45fa-aafb-5679c78f8010' datos={'movimientos': [{'jugador_numero': 10, 'x': 5, 'y': 9}]}
2025-05-16 13:11:26 [ERROR] client: Mensaje de error del servidor. Mensaje enviado: mensaje_id='CORRER' token='TOKEN-d0fa6efd-9e6f-45fa-aafb-5679c78f8010' datos={'movimientos': [{'jugador_numero': 10, 'x': 5, 'y': 9}]}, Mensaje recibido: mensaje_id='ERROR' datos={'descripcion': 'PATEAR no se puede ejecturar por no poseer la pelota.'}
2025-05-16 13:11:26 [INFO] client: Reaccionar
2025-05-16 13:11:26 [INFO] utils: Jugador mas cercano 10
2025-05-16 13:11:26 [INFO] client: Accion enviada. Mensaje: mensaje_id='CORRER' token='TOKEN-d0fa6efd-9e6f-45fa-aafb-5679c78f8010' datos={'movimientos': [{'jugador_numero': 10, 'x': 5, 'y': 9}]}
2025-05-16 13:11:26 [INFO] client: Tienes la pelota!
2025-05-16 13:11:26 [WARNING] utils: No se pudo obtener info suficiente para decidir.
2025-05-16 13:11:26 [INFO] client: Accion enviada. Mensaje: mensaje_id='PATEAR' token='TOKEN-d0fa6efd-9e6f-45fa-aafb-5679c78f8010' datos={'x': 6, 'y': 19}
2025-05-16 13:11:26 [ERROR] mensajes: msg_id no interpretado. Data: {'mensaje_id': 'OCUPADO', 'datos': {'descripcion': 'El Servidor está ocupado en este momento. Intente más tarde.'}}
2025-05-16 13:11:26 [WARNING] client: Otro mensaje recibido.
Mensaje Enviado: mensaje_id='PATEAR' token='TOKEN-d0fa6efd-9e6f-45fa-aafb-5679c78f8010' datos={'x': 6, 'y': 19}

Mensaje recibido: None
2025-05-16 13:11:29 [INFO] client: Tienes la pelota!
2025-05-16 13:11:29 [INFO] client: Accion enviada. Mensaje: mensaje_id='PATEAR' token='TOKEN-d0fa6efd-9e6f-45fa-aafb-5679c78f8010' datos={'x': 6, 'y': 19}
2025-05-16 13:11:29 [INFO] client: Tienes la pelota!
2025-05-16 13:11:29 [INFO] client: Accion enviada. Mensaje: mensaje_id='PATEAR' token='TOKEN-d0fa6efd-9e6f-45fa-aafb-5679c78f8010' datos={'x': 6, 'y': 19}
2025-05-16 13:11:29 [INFO] client: Tienes la pelota!
2025-05-16 13:11:29 [INFO] client: Accion enviada. Mensaje: mensaje_id='PATEAR' token='TOKEN-d0fa6efd-9e6f-45fa-aafb-5679c78f8010' datos={'x': 6, 'y': 19}
2025-05-16 13:11:29 [INFO] client: Tienes la pelota!
2025-05-16 13:11:29 [INFO] client: Accion enviada. Mensaje: mensaje_id='PATEAR' token='TOKEN-d0fa6efd-9e6f-45fa-aafb-5679c78f8010' datos={'x': 6, 'y': 19}
2025-05-16 13:11:29 [ERROR] mensajes: msg_id no interpretado. Data: {'mensaje_id': 'OCUPADO', 'datos': {'descripcion': 'El Servidor está ocupado en este momento. Intente más tarde.'}}
2025-05-16 13:11:29 [WARNING] client: Otro mensaje recibido.
Mensaje Enviado: mensaje_id='PATEAR' token='TOKEN-d0fa6efd-9e6f-45fa-aafb-5679c78f8010' datos={'x': 6, 'y': 19}

Mensaje recibido: None
2025-05-16 13:11:30 [INFO] client: Tienes la pelota!
2025-05-16 13:11:30 [WARNING] utils: No se pudo obtener info suficiente para decidir.
2025-05-16 13:11:30 [INFO] client: Accion enviada. Mensaje: mensaje_id='PATEAR' token='TOKEN-d0fa6efd-9e6f-45fa-aafb-5679c78f8010' datos={'x': 6, 'y': 19}
2025-05-16 13:11:30 [INFO] client: Tienes la pelota!
2025-05-16 13:11:30 [INFO] client: Accion enviada. Mensaje: mensaje_id='PATEAR' token='TOKEN-d0fa6efd-9e6f-45fa-aafb-5679c78f8010' datos={'x': 6, 'y': 19}
2025-05-16 13:11:30 [INFO] client: Reaccionar
2025-05-16 13:11:30 [INFO] utils: Jugador mas cercano 10
2025-05-16 13:11:30 [INFO] client: Accion enviada. Mensaje: mensaje_id='CORRER' token='TOKEN-d0fa6efd-9e6f-45fa-aafb-5679c78f8010' datos={'movimientos': [{'jugador_numero': 10, 'x': 5, 'y': 13}]}
2025-05-16 13:11:30 [INFO] client: Reaccionar
2025-05-16 13:11:30 [INFO] utils: Jugador mas cercano 10
2025-05-16 13:11:30 [INFO] client: Accion enviada. Mensaje: mensaje_id='CORRER' token='TOKEN-d0fa6efd-9e6f-45fa-aafb-5679c78f8010' datos={'movimientos': [{'jugador_numero': 10, 'x': 5, 'y': 13}]}
2025-05-16 13:11:30 [ERROR] mensajes: msg_id no interpretado. Data: {'mensaje_id': 'OCUPADO', 'datos': {'descripcion': 'El Servidor está ocupado en este momento. Intente más tarde.'}}
2025-05-16 13:11:30 [WARNING] client: Otro mensaje recibido.
Mensaje Enviado: mensaje_id='CORRER' token='TOKEN-d0fa6efd-9e6f-45fa-aafb-5679c78f8010' datos={'movimientos': [{'jugador_numero': 10, 'x': 5, 'y': 13}]}

Mensaje recibido: None
2025-05-16 13:11:30 [ERROR] client: Mensaje de error del servidor. Mensaje enviado: mensaje_id='CORRER' token='TOKEN-d0fa6efd-9e6f-45fa-aafb-5679c78f8010' datos={'movimientos': [{'jugador_numero': 10, 'x': 5, 'y': 13}]}, Mensaje recibido: mensaje_id='ERROR' datos={'descripcion': 'PATEAR no se puede ejecturar por no poseer la pelota.'}
2025-05-16 13:11:31 [INFO] client: Reaccionar
2025-05-16 13:11:31 [INFO] utils: Jugador mas cercano 10
2025-05-16 13:11:31 [INFO] client: Accion enviada. Mensaje: mensaje_id='CORRER' token='TOKEN-d0fa6efd-9e6f-45fa-aafb-5679c78f8010' datos={'movimientos': [{'jugador_numero': 10, 'x': 5, 'y': 13}]}
2025-05-16 13:11:31 [INFO] client: Reaccionar
2025-05-16 13:11:31 [INFO] utils: Jugador mas cercano 10
2025-05-16 13:11:31 [INFO] client: Accion enviada. Mensaje: mensaje_id='CORRER' token='TOKEN-d0fa6efd-9e6f-45fa-aafb-5679c78f8010' datos={'movimientos': [{'jugador_numero': 10, 'x': 5, 'y': 13}]}
2025-05-16 13:11:31 [ERROR] client: Mensaje de error del servidor. Mensaje enviado: mensaje_id='CORRER' token='TOKEN-d0fa6efd-9e6f-45fa-aafb-5679c78f8010' datos={'movimientos': [{'jugador_numero': 10, 'x': 5, 'y': 13}]}, Mensaje recibido: mensaje_id='ERROR' datos={'descripcion': 'PATEAR no se puede ejecturar por no poseer la pelota.'}
2025-05-16 13:11:33 [INFO] client: Reaccionar
2025-05-16 13:11:33 [INFO] utils: Jugador mas cercano 10
2025-05-16 13:11:34 [INFO] client: Accion enviada. Mensaje: mensaje_id='MARCAR_ADVERSARIO' token='TOKEN-d0fa6efd-9e6f-45fa-aafb-5679c78f8010' datos={'jugador_numero': 10, 'adversario_numero': 7}
2025-05-16 13:11:34 [INFO] client: Reaccionar
2025-05-16 13:11:34 [INFO] utils: Jugador mas cercano 10
2025-05-16 13:11:34 [INFO] client: Accion enviada. Mensaje: mensaje_id='MARCAR_ADVERSARIO' token='TOKEN-d0fa6efd-9e6f-45fa-aafb-5679c78f8010' datos={'jugador_numero': 10, 'adversario_numero': 7}
2025-05-16 13:11:34 [INFO] client: Reaccionar
2025-05-16 13:11:34 [INFO] utils: Jugador mas cercano 10
2025-05-16 13:11:34 [INFO] client: Accion enviada. Mensaje: mensaje_id='MARCAR_ADVERSARIO' token='TOKEN-d0fa6efd-9e6f-45fa-aafb-5679c78f8010' datos={'jugador_numero': 10, 'adversario_numero': 7}
2025-05-16 13:11:34 [INFO] client: Reaccionar
2025-05-16 13:11:34 [INFO] utils: Jugador mas cercano 1
2025-05-16 13:11:34 [INFO] client: Accion enviada. Mensaje: mensaje_id='CORRER' token='TOKEN-d0fa6efd-9e6f-45fa-aafb-5679c78f8010' datos={'movimientos': [{'jugador_numero': 1, 'x': 5, 'y': 9}]}
2025-05-16 13:11:34 [INFO] client: Tienes la pelota!
2025-05-16 13:11:34 [INFO] client: Accion enviada. Mensaje: mensaje_id='PATEAR' token='TOKEN-d0fa6efd-9e6f-45fa-aafb-5679c78f8010' datos={'x': 6, 'y': 19}
2025-05-16 13:11:34 [INFO] client: Reaccionar
2025-05-16 13:11:34 [INFO] utils: Jugador mas cercano 10
2025-05-16 13:11:34 [INFO] client: Accion enviada. Mensaje: mensaje_id='MARCAR_ADVERSARIO' token='TOKEN-d0fa6efd-9e6f-45fa-aafb-5679c78f8010' datos={'jugador_numero': 10, 'adversario_numero': 7}
2025-05-16 13:11:34 [INFO] client: Reaccionar
2025-05-16 13:11:34 [INFO] utils: Pelota en el aire.
2025-05-16 13:11:34 [INFO] utils: Jugador mas cercano 10
2025-05-16 13:11:34 [INFO] client: Accion enviada. Mensaje: mensaje_id='CORRER' token='TOKEN-d0fa6efd-9e6f-45fa-aafb-5679c78f8010' datos={'movimientos': [{'jugador_numero': 10, 'x': 5, 'y': 13}]}
2025-05-16 13:11:34 [INFO] client: Reaccionar
2025-05-16 13:11:34 [INFO] utils: Jugador mas cercano 1
2025-05-16 13:11:34 [INFO] client: Accion enviada. Mensaje: mensaje_id='CORRER' token='TOKEN-d0fa6efd-9e6f-45fa-aafb-5679c78f8010' datos={'movimientos': [{'jugador_numero': 1, 'x': 5, 'y': 9}]}
2025-05-16 13:11:34 [ERROR] mensajes: msg_id no interpretado. Data: {'mensaje_id': 'OCUPADO', 'datos': {'descripcion': 'El Servidor está ocupado en este momento. Intente más tarde.'}}
2025-05-16 13:11:34 [WARNING] client: Otro mensaje recibido.
Mensaje Enviado: mensaje_id='CORRER' token='TOKEN-d0fa6efd-9e6f-45fa-aafb-5679c78f8010' datos={'movimientos': [{'jugador_numero': 1, 'x': 5, 'y': 9}]}

Mensaje recibido: None
2025-05-16 13:11:34 [INFO] client: Tienes la pelota!
2025-05-16 13:11:34 [INFO] client: Accion enviada. Mensaje: mensaje_id='PATEAR' token='TOKEN-d0fa6efd-9e6f-45fa-aafb-5679c78f8010' datos={'x': 6, 'y': 19}
2025-05-16 13:11:35 [INFO] client: Tienes la pelota!
2025-05-16 13:11:35 [INFO] client: Accion enviada. Mensaje: mensaje_id='PATEAR' token='TOKEN-d0fa6efd-9e6f-45fa-aafb-5679c78f8010' datos={'x': 6, 'y': 19}
2025-05-16 13:11:35 [INFO] client: Tienes la pelota!
2025-05-16 13:11:35 [INFO] client: Accion enviada. Mensaje: mensaje_id='PATEAR' token='TOKEN-d0fa6efd-9e6f-45fa-aafb-5679c78f8010' datos={'x': 6, 'y': 19}
2025-05-16 13:11:35 [INFO] client: Tienes la pelota!
2025-05-16 13:11:35 [WARNING] utils: No se pudo obtener info suficiente para decidir.
2025-05-16 13:11:35 [INFO] client: Accion enviada. Mensaje: mensaje_id='PATEAR' token='TOKEN-d0fa6efd-9e6f-45fa-aafb-5679c78f8010' datos={'x': 6, 'y': 19}
2025-05-16 13:11:35 [INFO] client: Tienes la pelota!
2025-05-16 13:11:35 [INFO] client: Accion enviada. Mensaje: mensaje_id='PATEAR' token='TOKEN-d0fa6efd-9e6f-45fa-aafb-5679c78f8010' datos={'x': 6, 'y': 19}
2025-05-16 13:11:35 [ERROR] mensajes: msg_id no interpretado. Data: {'mensaje_id': 'OCUPADO', 'datos': {'descripcion': 'El Servidor está ocupado en este momento. Intente más tarde.'}}
2025-05-16 13:11:35 [WARNING] client: Otro mensaje recibido.
Mensaje Enviado: mensaje_id='PATEAR' token='TOKEN-d0fa6efd-9e6f-45fa-aafb-5679c78f8010' datos={'x': 6, 'y': 19}

Mensaje recibido: None
2025-05-16 13:11:35 [INFO] client: Reaccionar
2025-05-16 13:11:35 [INFO] utils: Jugador mas cercano 10
2025-05-16 13:11:36 [INFO] client: Accion enviada. Mensaje: mensaje_id='MARCAR_ADVERSARIO' token='TOKEN-d0fa6efd-9e6f-45fa-aafb-5679c78f8010' datos={'jugador_numero': 10, 'adversario_numero': 7}
2025-05-16 13:11:36 [ERROR] client: Mensaje de error del servidor. Mensaje enviado: mensaje_id='MARCAR_ADVERSARIO' token='TOKEN-d0fa6efd-9e6f-45fa-aafb-5679c78f8010' datos={'jugador_numero': 10, 'adversario_numero': 7}, Mensaje recibido: mensaje_id='ERROR' datos={'descripcion': 'PATEAR no se puede ejecturar por no poseer la pelota.'}
2025-05-16 13:11:36 [ERROR] client: Mensaje de error del servidor. Mensaje enviado: mensaje_id='MARCAR_ADVERSARIO' token='TOKEN-d0fa6efd-9e6f-45fa-aafb-5679c78f8010' datos={'jugador_numero': 10, 'adversario_numero': 7}, Mensaje recibido: mensaje_id='ERROR' datos={'descripcion': 'PATEAR no se puede ejecturar por no poseer la pelota.'}
2025-05-16 13:11:36 [INFO] client: Reaccionar
2025-05-16 13:11:36 [INFO] utils: Jugador mas cercano 10
2025-05-16 13:11:36 [INFO] client: Accion enviada. Mensaje: mensaje_id='MARCAR_ADVERSARIO' token='TOKEN-d0fa6efd-9e6f-45fa-aafb-5679c78f8010' datos={'jugador_numero': 10, 'adversario_numero': 7}
2025-05-16 13:11:36 [INFO] client: Reaccionar
2025-05-16 13:11:36 [INFO] utils: Jugador mas cercano 10
2025-05-16 13:11:36 [INFO] client: Accion enviada. Mensaje: mensaje_id='MARCAR_ADVERSARIO' token='TOKEN-d0fa6efd-9e6f-45fa-aafb-5679c78f8010' datos={'jugador_numero': 10, 'adversario_numero': 7}
2025-05-16 13:11:36 [INFO] client: Reaccionar
2025-05-16 13:11:36 [INFO] utils: Jugador mas cercano 1
2025-05-16 13:11:36 [INFO] client: Accion enviada. Mensaje: mensaje_id='CORRER' token='TOKEN-d0fa6efd-9e6f-45fa-aafb-5679c78f8010' datos={'movimientos': [{'jugador_numero': 1, 'x': 5, 'y': 9}]}
2025-05-16 13:11:36 [INFO] client: Reaccionar
2025-05-16 13:11:36 [INFO] utils: Jugador mas cercano 10
2025-05-16 13:11:36 [INFO] client: Accion enviada. Mensaje: mensaje_id='MARCAR_ADVERSARIO' token='TOKEN-d0fa6efd-9e6f-45fa-aafb-5679c78f8010' datos={'jugador_numero': 10, 'adversario_numero': 7}
2025-05-16 13:11:36 [INFO] client: Reaccionar
2025-05-16 13:11:36 [INFO] utils: Pelota en el aire.
2025-05-16 13:11:36 [INFO] utils: Jugador mas cercano 10
2025-05-16 13:11:36 [INFO] client: Accion enviada. Mensaje: mensaje_id='CORRER' token='TOKEN-d0fa6efd-9e6f-45fa-aafb-5679c78f8010' datos={'movimientos': [{'jugador_numero': 10, 'x': 5, 'y': 13}]}
2025-05-16 13:11:36 [INFO] client: Reaccionar
2025-05-16 13:11:36 [INFO] utils: Jugador mas cercano 1
2025-05-16 13:11:36 [INFO] client: Accion enviada. Mensaje: mensaje_id='CORRER' token='TOKEN-d0fa6efd-9e6f-45fa-aafb-5679c78f8010' datos={'movimientos': [{'jugador_numero': 1, 'x': 5, 'y': 9}]}
2025-05-16 13:11:36 [INFO] client: Tienes la pelota!
2025-05-16 13:11:36 [INFO] client: Accion enviada. Mensaje: mensaje_id='PATEAR' token='TOKEN-d0fa6efd-9e6f-45fa-aafb-5679c78f8010' datos={'x': 6, 'y': 19}
2025-05-16 13:11:36 [ERROR] mensajes: msg_id no interpretado. Data: {'mensaje_id': 'OCUPADO', 'datos': {'descripcion': 'El Servidor está ocupado en este momento. Intente más tarde.'}}
2025-05-16 13:11:36 [WARNING] client: Otro mensaje recibido.
Mensaje Enviado: mensaje_id='PATEAR' token='TOKEN-d0fa6efd-9e6f-45fa-aafb-5679c78f8010' datos={'x': 6, 'y': 19}

Mensaje recibido: None
2025-05-16 13:11:36 [INFO] client: Tienes la pelota!
2025-05-16 13:11:37 [INFO] client: Accion enviada. Mensaje: mensaje_id='PATEAR' token='TOKEN-d0fa6efd-9e6f-45fa-aafb-5679c78f8010' datos={'x': 6, 'y': 19}
2025-05-16 13:11:37 [INFO] client: Tienes la pelota!
2025-05-16 13:11:37 [INFO] client: Accion enviada. Mensaje: mensaje_id='PATEAR' token='TOKEN-d0fa6efd-9e6f-45fa-aafb-5679c78f8010' datos={'x': 6, 'y': 19}
2025-05-16 13:11:37 [INFO] client: Reaccionar
2025-05-16 13:11:37 [INFO] utils: Jugador mas cercano 10
2025-05-16 13:11:37 [INFO] client: Accion enviada. Mensaje: mensaje_id='CORRER' token='TOKEN-d0fa6efd-9e6f-45fa-aafb-5679c78f8010' datos={'movimientos': [{'jugador_numero': 10, 'x': 6, 'y': 17}]}
2025-05-16 13:11:37 [INFO] client: Reaccionar
2025-05-16 13:11:37 [INFO] utils: Jugador mas cercano 10
2025-05-16 13:11:37 [INFO] client: Accion enviada. Mensaje: mensaje_id='MARCAR_ADVERSARIO' token='TOKEN-d0fa6efd-9e6f-45fa-aafb-5679c78f8010' datos={'jugador_numero': 10, 'adversario_numero': 7}
2025-05-16 13:11:37 [ERROR] client: Mensaje de error del servidor. Mensaje enviado: mensaje_id='MARCAR_ADVERSARIO' token='TOKEN-d0fa6efd-9e6f-45fa-aafb-5679c78f8010' datos={'jugador_numero': 10, 'adversario_numero': 7}, Mensaje recibido: mensaje_id='ERROR' datos={'descripcion': 'PATEAR no se puede ejecturar por no poseer la pelota.'}
2025-05-16 13:11:37 [INFO] client: Tienes la pelota!
2025-05-16 13:11:37 [INFO] client: Accion enviada. Mensaje: mensaje_id='PATEAR' token='TOKEN-d0fa6efd-9e6f-45fa-aafb-5679c78f8010' datos={'x': 6, 'y': 19}
2025-05-16 13:11:37 [ERROR] mensajes: msg_id no interpretado. Data: {'mensaje_id': 'OCUPADO', 'datos': {'descripcion': 'El Servidor está ocupado en este momento. Intente más tarde.'}}
2025-05-16 13:11:37 [WARNING] client: Otro mensaje recibido.
Mensaje Enviado: mensaje_id='PATEAR' token='TOKEN-d0fa6efd-9e6f-45fa-aafb-5679c78f8010' datos={'x': 6, 'y': 19}

Mensaje recibido: None
2025-05-16 13:11:38 [INFO] client: Tienes la pelota!
2025-05-16 13:11:38 [INFO] utils: El equipo esta cerca del arco... Patean al arco!
2025-05-16 13:11:38 [INFO] client: Accion enviada. Mensaje: mensaje_id='PATEAR' token='TOKEN-d0fa6efd-9e6f-45fa-aafb-5679c78f8010' datos={'x': 6, 'y': 19}
2025-05-16 13:11:39 [INFO] client: Tienes la pelota!
2025-05-16 13:11:39 [INFO] utils: El equipo esta cerca del arco... Patean al arco!
2025-05-16 13:11:39 [INFO] client: Accion enviada. Mensaje: mensaje_id='PATEAR' token='TOKEN-d0fa6efd-9e6f-45fa-aafb-5679c78f8010' datos={'x': 6, 'y': 19}
2025-05-16 13:11:39 [INFO] client: Tienes la pelota!
2025-05-16 13:11:39 [INFO] utils: El equipo esta cerca del arco... Patean al arco!
2025-05-16 13:11:39 [INFO] client: Accion enviada. Mensaje: mensaje_id='PATEAR' token='TOKEN-d0fa6efd-9e6f-45fa-aafb-5679c78f8010' datos={'x': 6, 'y': 19}
2025-05-16 13:11:39 [INFO] client: Tienes la pelota!
2025-05-16 13:11:39 [INFO] client: Accion enviada. Mensaje: mensaje_id='PATEAR' token='TOKEN-d0fa6efd-9e6f-45fa-aafb-5679c78f8010' datos={'x': 6, 'y': 19}
2025-05-16 13:11:39 [ERROR] mensajes: msg_id no interpretado. Data: {'mensaje_id': 'OCUPADO', 'datos': {'descripcion': 'El Servidor está ocupado en este momento. Intente más tarde.'}}
2025-05-16 13:11:39 [WARNING] client: Otro mensaje recibido.
Mensaje Enviado: mensaje_id='PATEAR' token='TOKEN-d0fa6efd-9e6f-45fa-aafb-5679c78f8010' datos={'x': 6, 'y': 19}

Mensaje recibido: None
2025-05-16 13:11:39 [INFO] client: Reaccionar
2025-05-16 13:11:39 [INFO] utils: Jugador mas cercano 10
2025-05-16 13:11:39 [INFO] client: Accion enviada. Mensaje: mensaje_id='MARCAR_ADVERSARIO' token='TOKEN-d0fa6efd-9e6f-45fa-aafb-5679c78f8010' datos={'jugador_numero': 10, 'adversario_numero': 1}
2025-05-16 13:11:39 [INFO] client: Reaccionar
2025-05-16 13:11:39 [INFO] utils: Jugador mas cercano 10
2025-05-16 13:11:39 [INFO] client: Accion enviada. Mensaje: mensaje_id='CORRER' token='TOKEN-d0fa6efd-9e6f-45fa-aafb-5679c78f8010' datos={'movimientos': [{'jugador_numero': 10, 'x': 6, 'y': 17}]}
2025-05-16 13:11:39 [ERROR] client: Mensaje de error del servidor. Mensaje enviado: mensaje_id='CORRER' token='TOKEN-d0fa6efd-9e6f-45fa-aafb-5679c78f8010' datos={'movimientos': [{'jugador_numero': 10, 'x': 6, 'y': 17}]}, Mensaje recibido: mensaje_id='ERROR' datos={'descripcion': 'PATEAR no se puede ejecturar por no poseer la pelota.'}
2025-05-16 13:11:39 [INFO] client: Reaccionar
2025-05-16 13:11:39 [INFO] utils: Jugador mas cercano 10
2025-05-16 13:11:40 [INFO] client: Accion enviada. Mensaje: mensaje_id='CORRER' token='TOKEN-d0fa6efd-9e6f-45fa-aafb-5679c78f8010' datos={'movimientos': [{'jugador_numero': 10, 'x': 6, 'y': 17}]}
2025-05-16 13:11:40 [INFO] client: Reaccionar
2025-05-16 13:11:40 [INFO] utils: Jugador mas cercano 10
2025-05-16 13:11:40 [INFO] client: Accion enviada. Mensaje: mensaje_id='CORRER' token='TOKEN-d0fa6efd-9e6f-45fa-aafb-5679c78f8010' datos={'movimientos': [{'jugador_numero': 10, 'x': 6, 'y': 17}]}
2025-05-16 13:11:40 [INFO] client: Reaccionar
2025-05-16 13:11:40 [INFO] utils: Jugador mas cercano 10
2025-05-16 13:11:40 [INFO] client: Accion enviada. Mensaje: mensaje_id='CORRER' token='TOKEN-d0fa6efd-9e6f-45fa-aafb-5679c78f8010' datos={'movimientos': [{'jugador_numero': 10, 'x': 6, 'y': 17}]}
2025-05-16 13:11:40 [INFO] client: Reaccionar
2025-05-16 13:11:40 [INFO] utils: Jugador mas cercano 10
2025-05-16 13:11:40 [INFO] client: Accion enviada. Mensaje: mensaje_id='CORRER' token='TOKEN-d0fa6efd-9e6f-45fa-aafb-5679c78f8010' datos={'movimientos': [{'jugador_numero': 10, 'x': 6, 'y': 17}]}
2025-05-16 13:11:40 [INFO] client: Reaccionar
2025-05-16 13:11:40 [INFO] utils: Jugador mas cercano 10
2025-05-16 13:11:40 [INFO] client: Accion enviada. Mensaje: mensaje_id='MARCAR_ADVERSARIO' token='TOKEN-d0fa6efd-9e6f-45fa-aafb-5679c78f8010' datos={'jugador_numero': 10, 'adversario_numero': 3}
2025-05-16 13:11:40 [INFO] client: Reaccionar
2025-05-16 13:11:40 [INFO] utils: Jugador mas cercano 10
2025-05-16 13:11:40 [INFO] client: Accion enviada. Mensaje: mensaje_id='MARCAR_ADVERSARIO' token='TOKEN-d0fa6efd-9e6f-45fa-aafb-5679c78f8010' datos={'jugador_numero': 10, 'adversario_numero': 3}
2025-05-16 13:11:40 [ERROR] mensajes: msg_id no interpretado. Data: {'mensaje_id': 'OCUPADO', 'datos': {'descripcion': 'El Servidor está ocupado en este momento. Intente más tarde.'}}
2025-05-16 13:11:40 [WARNING] client: Otro mensaje recibido.
Mensaje Enviado: mensaje_id='MARCAR_ADVERSARIO' token='TOKEN-d0fa6efd-9e6f-45fa-aafb-5679c78f8010' datos={'jugador_numero': 10, 'adversario_numero': 3}

Mensaje recibido: None
2025-05-16 13:11:41 [INFO] client: Reaccionar
2025-05-16 13:11:42 [INFO] utils: Jugador mas cercano 11
2025-05-16 13:11:42 [INFO] client: Accion enviada. Mensaje: mensaje_id='MARCAR_ADVERSARIO' token='TOKEN-d0fa6efd-9e6f-45fa-aafb-5679c78f8010' datos={'jugador_numero': 11, 'adversario_numero': 10}
2025-05-16 13:11:42 [INFO] client: Reaccionar
2025-05-16 13:11:42 [INFO] utils: Jugador mas cercano 10
2025-05-16 13:11:42 [INFO] client: Accion enviada. Mensaje: mensaje_id='CORRER' token='TOKEN-d0fa6efd-9e6f-45fa-aafb-5679c78f8010' datos={'movimientos': [{'jugador_numero': 10, 'x': 6, 'y': 13}]}
2025-05-16 13:11:42 [INFO] client: Reaccionar
2025-05-16 13:11:42 [INFO] utils: Jugador mas cercano 11
2025-05-16 13:11:42 [INFO] client: Accion enviada. Mensaje: mensaje_id='MARCAR_ADVERSARIO' token='TOKEN-d0fa6efd-9e6f-45fa-aafb-5679c78f8010' datos={'jugador_numero': 11, 'adversario_numero': 10}
2025-05-16 13:11:42 [INFO] client: Reaccionar
2025-05-16 13:11:42 [INFO] utils: Jugador mas cercano 11
2025-05-16 13:11:42 [INFO] client: Accion enviada. Mensaje: mensaje_id='MARCAR_ADVERSARIO' token='TOKEN-d0fa6efd-9e6f-45fa-aafb-5679c78f8010' datos={'jugador_numero': 11, 'adversario_numero': 10}
2025-05-16 13:11:42 [INFO] client: Reaccionar
2025-05-16 13:11:42 [INFO] utils: Jugador mas cercano 10
2025-05-16 13:11:42 [INFO] client: Accion enviada. Mensaje: mensaje_id='CORRER' token='TOKEN-d0fa6efd-9e6f-45fa-aafb-5679c78f8010' datos={'movimientos': [{'jugador_numero': 10, 'x': 6, 'y': 13}]}
2025-05-16 13:11:42 [INFO] client: Tienes la pelota!
2025-05-16 13:11:42 [INFO] utils: El equipo esta cerca del arco... Patean al arco!
2025-05-16 13:11:42 [INFO] client: Accion enviada. Mensaje: mensaje_id='PATEAR' token='TOKEN-d0fa6efd-9e6f-45fa-aafb-5679c78f8010' datos={'x': 6, 'y': 19}
2025-05-16 13:11:42 [ERROR] mensajes: msg_id no interpretado. Data: {'mensaje_id': 'OCUPADO', 'datos': {'descripcion': 'El Servidor está ocupado en este momento. Intente más tarde.'}}
2025-05-16 13:11:42 [WARNING] client: Otro mensaje recibido.
Mensaje Enviado: mensaje_id='PATEAR' token='TOKEN-d0fa6efd-9e6f-45fa-aafb-5679c78f8010' datos={'x': 6, 'y': 19}

Mensaje recibido: None
2025-05-16 13:11:42 [INFO] client: Reaccionar
2025-05-16 13:11:42 [INFO] utils: Jugador mas cercano 10
2025-05-16 13:11:42 [INFO] client: Accion enviada. Mensaje: mensaje_id='MARCAR_ADVERSARIO' token='TOKEN-d0fa6efd-9e6f-45fa-aafb-5679c78f8010' datos={'jugador_numero': 10, 'adversario_numero': 3}
2025-05-16 13:11:42 [INFO] client: Reaccionar
2025-05-16 13:11:42 [INFO] utils: Pelota en el aire.
2025-05-16 13:11:42 [INFO] utils: Jugador mas cercano 10
2025-05-16 13:11:42 [INFO] client: Accion enviada. Mensaje: mensaje_id='CORRER' token='TOKEN-d0fa6efd-9e6f-45fa-aafb-5679c78f8010' datos={'movimientos': [{'jugador_numero': 10, 'x': 6, 'y': 17}]}
2025-05-16 13:11:42 [INFO] client: Reaccionar
2025-05-16 13:11:42 [INFO] utils: Jugador mas cercano 11
2025-05-16 13:11:42 [INFO] client: Accion enviada. Mensaje: mensaje_id='CORRER' token='TOKEN-d0fa6efd-9e6f-45fa-aafb-5679c78f8010' datos={'movimientos': [{'jugador_numero': 11, 'x': 6, 'y': 13}]}
2025-05-16 13:11:42 [INFO] client: Tienes la pelota!
2025-05-16 13:11:42 [INFO] client: Accion enviada. Mensaje: mensaje_id='PATEAR' token='TOKEN-d0fa6efd-9e6f-45fa-aafb-5679c78f8010' datos={'x': 6, 'y': 19}
2025-05-16 13:11:43 [INFO] client: Reaccionar
2025-05-16 13:11:43 [INFO] utils: Jugador mas cercano 10
2025-05-16 13:11:43 [INFO] client: Accion enviada. Mensaje: mensaje_id='MARCAR_ADVERSARIO' token='TOKEN-d0fa6efd-9e6f-45fa-aafb-5679c78f8010' datos={'jugador_numero': 10, 'adversario_numero': 3}
2025-05-16 13:11:43 [INFO] client: Tienes la pelota!
2025-05-16 13:11:43 [INFO] utils: El equipo esta cerca del arco... Patean al arco!
2025-05-16 13:11:43 [INFO] client: Accion enviada. Mensaje: mensaje_id='PATEAR' token='TOKEN-d0fa6efd-9e6f-45fa-aafb-5679c78f8010' datos={'x': 6, 'y': 19}
2025-05-16 13:11:43 [INFO] client: Tienes la pelota!
2025-05-16 13:11:43 [INFO] utils: El equipo esta cerca del arco... Patean al arco!
2025-05-16 13:11:43 [INFO] client: Accion enviada. Mensaje: mensaje_id='PATEAR' token='TOKEN-d0fa6efd-9e6f-45fa-aafb-5679c78f8010' datos={'x': 6, 'y': 19}
2025-05-16 13:11:43 [INFO] client: Reaccionar
2025-05-16 13:11:43 [INFO] utils: Jugador mas cercano 10
2025-05-16 13:11:43 [INFO] client: Accion enviada. Mensaje: mensaje_id='MARCAR_ADVERSARIO' token='TOKEN-d0fa6efd-9e6f-45fa-aafb-5679c78f8010' datos={'jugador_numero': 10, 'adversario_numero': 3}
2025-05-16 13:11:43 [ERROR] mensajes: msg_id no interpretado. Data: {'mensaje_id': 'OCUPADO', 'datos': {'descripcion': 'El Servidor está ocupado en este momento. Intente más tarde.'}}
2025-05-16 13:11:43 [WARNING] client: Otro mensaje recibido.
Mensaje Enviado: mensaje_id='MARCAR_ADVERSARIO' token='TOKEN-d0fa6efd-9e6f-45fa-aafb-5679c78f8010' datos={'jugador_numero': 10, 'adversario_numero': 3}

Mensaje recibido: None
2025-05-16 13:11:52 [ERROR] mensajes: msg_id no interpretado. Data: {'mensaje_id': 'GOL', 'destinatario': 'TOKEN-d0fa6efd-9e6f-45fa-aafb-5679c78f8010', 'datos': [{'id': 'equipo:TOKEN-d0fa6efd-9e6f-45fa-aafb-5679c78f8010', 'nombre': 'BARCA', 'formacion': '5-3-2', 'rol': 1, 'goles': 3, 'arco': [{'x': 5, 'y': 0}, {'x': 6, 'y': 0}, {'x': 7, 'y': 0}]}, {'tipo': 'cancha', 'id': 'cancha', 'equipo1': {'id': 'equipo:TOKEN-d0fa6efd-9e6f-45fa-aafb-5679c78f8010', 'nombre': 'BARCA', 'formacion': '5-3-2', 'rol': 1, 'goles': 3, 'arco': [{'x': 5, 'y': 0}, {'x': 6, 'y': 0}, {'x': 7, 'y': 0}]}, 'equipo2': {'id': 'equipo:TOKEN-1be8a96e-32a2-45ff-a12c-6846e39be63e', 'nombre': 'LANUS', 'formacion': '4-3-3', 'rol': 2, 'goles': 1, 'arco': [{'x': 5, 'y': 19}, {'x': 6, 'y': 19}, {'x': 7, 'y': 19}]}, 'sectores': [{'id': 122, 'x': 5, 'y': 9, 'ocupantes': [{'numero': 1, 'nombre': 'Valdez', 'equipo_id': 'equipo:TOKEN-d0fa6efd-9e6f-45fa-aafb-5679c78f8010', 'sector_id': 122, 'tiene_la_pelota': False}, {'numero': 11, 'nombre': 'Cavani', 'equipo_id': 'equipo:TOKEN-1be8a96e-32a2-45ff-a12c-6846e39be63e', 'tiene_la_pelota': False, 'sector_id': 122}]}, {'id': 64, 'x': 12, 'y': 4, 'ocupantes': [{'numero': 2, 'nombre': 'Pique', 'equipo_id': 'equipo:TOKEN-d0fa6efd-9e6f-45fa-aafb-5679c78f8010', 'sector_id': 64, 'tiene_la_pelota': False}]}, {'id': 48, 'x': 9, 'y': 3, 'ocupantes': [{'numero': 3, 'nombre': 'Puyol', 'equipo_id': 'equipo:TOKEN-d0fa6efd-9e6f-45fa-aafb-5679c78f8010', 'sector_id': 48, 'tiene_la_pelota': False}]}, {'id': 45, 'x': 6, 'y': 3, 'ocupantes': [{'numero': 4, 'nombre': 'Abidal', 'equipo_id': 'equipo:TOKEN-d0fa6efd-9e6f-45fa-aafb-5679c78f8010', 'sector_id': 45, 'tiene_la_pelota': False}]}, {'id': 42, 'x': 3, 'y': 3, 'ocupantes': [{'numero': 5, 'nombre': 'Dani Alves', 'equipo_id': 'equipo:TOKEN-d0fa6efd-9e6f-45fa-aafb-5679c78f8010', 'sector_id': 42, 'tiene_la_pelota': False}]}, {'id': 52, 'x': 0, 'y': 4, 'ocupantes': [{'numero': 6, 'nombre': 'Busquets', 'equipo_id': 'equipo:TOKEN-d0fa6efd-9e6f-45fa-aafb-5679c78f8010', 'sector_id': 52, 'tiene_la_pelota': False}]}, {'id': 93, 'x': 2, 'y': 7, 'ocupantes': [{'numero': 7, 'nombre': 'Xavi', 'equipo_id': 'equipo:TOKEN-d0fa6efd-9e6f-45fa-aafb-5679c78f8010', 'sector_id': 93, 'tiene_la_pelota': False}]}, {'id': 101, 'x': 10, 'y': 7, 'ocupantes': [{'numero': 8, 'nombre': 'Iniesta', 'equipo_id': 'equipo:TOKEN-d0fa6efd-9e6f-45fa-aafb-5679c78f8010', 'sector_id': 101, 'tiene_la_pelota': False}]}, {'id': 72, 'x': 7, 'y': 5, 'ocupantes': [{'numero': 9, 'nombre': 'Suarez', 'equipo_id': 'equipo:TOKEN-d0fa6efd-9e6f-45fa-aafb-5679c78f8010', 'sector_id': 72, 'tiene_la_pelota': False}, {'numero': 9, 'nombre': 'Zenón', 'equipo_id': 'equipo:TOKEN-1be8a96e-32a2-45ff-a12c-6846e39be63e', 'sector_id': 72, 'tiene_la_pelota': False}]}, {'id': 227, 'x': 6, 'y': 17, 'ocupantes': [{'numero': 10, 'nombre': 'Messi', 'equipo_id': 'equipo:TOKEN-d0fa6efd-9e6f-45fa-aafb-5679c78f8010', 'es_el_crack': True, 'sector_id': 227, 'tiene_la_pelota': False}, {'numero': 3, 'nombre': 'Blanco', 'equipo_id': 'equipo:TOKEN-1be8a96e-32a2-45ff-a12c-6846e39be63e', 'sector_id': 227, 'tiene_la_pelota': True}]}, {'id': 138, 'x': 8, 'y': 10, 'ocupantes': [{'numero': 11, 'nombre': 'Neymar Jr', 'equipo_id': 'equipo:TOKEN-d0fa6efd-9e6f-45fa-aafb-5679c78f8010', 'tiene_la_pelota': False, 'sector_id': 138}, {'numero': 10, 'nombre': 'Merentiel', 'equipo_id': 'equipo:TOKEN-1be8a96e-32a2-45ff-a12c-6846e39be63e', 'es_el_crack': True, 'sector_id': 138, 'tiene_la_pelota': False}]}, {'id': 174, 'x': 5, 'y': 13, 'ocupantes': [{'numero': 1, 'nombre': 'Marchesin', 'equipo_id': 'equipo:TOKEN-1be8a96e-32a2-45ff-a12c-6846e39be63e', 'sector_id': 174, 'tiene_la_pelota': False}, {'numero': 7, 'nombre': 'Palacios', 'equipo_id': 'equipo:TOKEN-1be8a96e-32a2-45ff-a12c-6846e39be63e', 'sector_id': 174, 'tiene_la_pelota': False}]}, {'id': 209, 'x': 1, 'y': 16, 'ocupantes': [{'numero': 2, 'nombre': 'Rojo', 'equipo_id': 'equipo:TOKEN-1be8a96e-32a2-45ff-a12c-6846e39be63e', 'sector_id': 209, 'tiene_la_pelota': False}]}, {'id': 216, 'x': 8, 'y': 16, 'ocupantes': [{'numero': 4, 'nombre': 'Advíncula', 'equipo_id': 'equipo:TOKEN-1be8a96e-32a2-45ff-a12c-6846e39be63e', 'sector_id': 216, 'tiene_la_pelota': False}]}, {'id': 219, 'x': 11, 'y': 16, 'ocupantes': [{'numero': 5, 'nombre': 'Blondel', 'equipo_id': 'equipo:TOKEN-1be8a96e-32a2-45ff-a12c-6846e39be63e', 'sector_id': 219, 'tiene_la_pelota': False}]}, {'id': 172, 'x': 3, 'y': 13, 'ocupantes': [{'numero': 6, 'nombre': 'Belmonte', 'equipo_id': 'equipo:TOKEN-1be8a96e-32a2-45ff-a12c-6846e39be63e', 'sector_id': 172, 'tiene_la_pelota': False}]}, {'id': 178, 'x': 9, 'y': 13, 'ocupantes': [{'numero': 8, 'nombre': 'Delgado', 'equipo_id': 'equipo:TOKEN-1be8a96e-32a2-45ff-a12c-6846e39be63e', 'sector_id': 178, 'tiene_la_pelota': False}]}], 'ubicacion_pelota': {'id': 253, 'x': 6, 'y': 19, 'esta_la_pelota': True}, 'time_stamp': '1747411903997'}, {'tipo': 'cancha', 'id': 'cancha_formada', 'equipo1': {'id': 'equipo:TOKEN-d0fa6efd-9e6f-45fa-aafb-5679c78f8010', 'nombre': 'BARCA', 'formacion': '5-3-2', 'rol': 1, 'goles': 3, 'arco': [{'x': 5, 'y': 0}, {'x': 6, 'y': 0}, {'x': 7, 'y': 0}]}, 'equipo2': {'id': 'equipo:TOKEN-1be8a96e-32a2-45ff-a12c-6846e39be63e', 'nombre': 'LANUS', 'formacion': '4-3-3', 'rol': 2, 'goles': 1, 'arco': [{'x': 5, 'y': 19}, {'x': 6, 'y': 19}, {'x': 7, 'y': 19}]}, 'sectores': [{'id': 253, 'x': 6, 'y': 19, 'ocupantes': [{'numero': 1, 'nombre': 'Marchesin', 'equipo_id': 'equipo:TOKEN-1be8a96e-32a2-45ff-a12c-6846e39be63e', 'sector_id': 253, 'tiene_la_pelota': False}]}, {'id': 209, 'x': 1, 'y': 16, 'ocupantes': [{'numero': 2, 'nombre': 'Rojo', 'equipo_id': 'equipo:TOKEN-1be8a96e-32a2-45ff-a12c-6846e39be63e', 'sector_id': 209, 'tiene_la_pelota': False}]}, {'id': 212, 'x': 4, 'y': 16, 'ocupantes': [{'numero': 3, 'nombre': 'Blanco', 'equipo_id': 'equipo:TOKEN-1be8a96e-32a2-45ff-a12c-6846e39be63e', 'sector_id': 212, 'tiene_la_pelota': False}]}, {'id': 216, 'x': 8, 'y': 16, 'ocupantes': [{'numero': 4, 'nombre': 'Advíncula', 'equipo_id': 'equipo:TOKEN-1be8a96e-32a2-45ff-a12c-6846e39be63e', 'sector_id': 216, 'tiene_la_pelota': False}]}, {'id': 219, 'x': 11, 'y': 16, 'ocupantes': [{'numero': 5, 'nombre': 'Blondel', 'equipo_id': 'equipo:TOKEN-1be8a96e-32a2-45ff-a12c-6846e39be63e', 'sector_id': 219, 'tiene_la_pelota': False}]}, {'id': 172, 'x': 3, 'y': 13, 'ocupantes': [{'numero': 6, 'nombre': 'Belmonte', 'equipo_id': 'equipo:TOKEN-1be8a96e-32a2-45ff-a12c-6846e39be63e', 'sector_id': 172, 'tiene_la_pelota': False}]}, {'id': 175, 'x': 6, 'y': 13, 'ocupantes': [{'numero': 7, 'nombre': 'Palacios', 'equipo_id': 'equipo:TOKEN-1be8a96e-32a2-45ff-a12c-6846e39be63e', 'sector_id': 175, 'tiene_la_pelota': False}]}, {'id': 178, 'x': 9, 'y': 13, 'ocupantes': [{'numero': 8, 'nombre': 'Delgado', 'equipo_id': 'equipo:TOKEN-1be8a96e-32a2-45ff-a12c-6846e39be63e', 'sector_id': 178, 'tiene_la_pelota': False}]}, {'id': 136, 'x': 6, 'y': 10, 'ocupantes': [{'numero': 9, 'nombre': 'Zenón', 'equipo_id': 'equipo:TOKEN-1be8a96e-32a2-45ff-a12c-6846e39be63e', 'sector_id': 136, 'tiene_la_pelota': False}]}, {'id': 138, 'x': 8, 'y': 10, 'ocupantes': [{'numero': 10, 'nombre': 'Merentiel', 'equipo_id': 'equipo:TOKEN-1be8a96e-32a2-45ff-a12c-6846e39be63e', 'es_el_crack': True, 'sector_id': 138, 'tiene_la_pelota': False}]}, {'id': 134, 'x': 4, 'y': 10, 'ocupantes': [{'numero': 11, 'nombre': 'Cavani', 'equipo_id': 'equipo:TOKEN-1be8a96e-32a2-45ff-a12c-6846e39be63e', 'tiene_la_pelota': True, 'sector_id': 134}]}, {'id': 6, 'x': 6, 'y': 0, 'ocupantes': [{'numero': 1, 'nombre': 'Valdez', 'equipo_id': 'equipo:TOKEN-d0fa6efd-9e6f-45fa-aafb-5679c78f8010', 'sector_id': 6}]}, {'id': 64, 'x': 12, 'y': 4, 'ocupantes': [{'numero': 2, 'nombre': 'Pique', 'equipo_id': 'equipo:TOKEN-d0fa6efd-9e6f-45fa-aafb-5679c78f8010', 'sector_id': 64}]}, {'id': 48, 'x': 9, 'y': 3, 'ocupantes': [{'numero': 3, 'nombre': 'Puyol', 'equipo_id': 'equipo:TOKEN-d0fa6efd-9e6f-45fa-aafb-5679c78f8010', 'sector_id': 48}]}, {'id': 45, 'x': 6, 'y': 3, 'ocupantes': [{'numero': 4, 'nombre': 'Abidal', 'equipo_id': 'equipo:TOKEN-d0fa6efd-9e6f-45fa-aafb-5679c78f8010', 'sector_id': 45}]}, {'id': 42, 'x': 3, 'y': 3, 'ocupantes': [{'numero': 5, 'nombre': 'Dani Alves', 'equipo_id': 'equipo:TOKEN-d0fa6efd-9e6f-45fa-aafb-5679c78f8010', 'sector_id': 42}]}, {'id': 52, 'x': 0, 'y': 4, 'ocupantes': [{'numero': 6, 'nombre': 'Busquets', 'equipo_id': 'equipo:TOKEN-d0fa6efd-9e6f-45fa-aafb-5679c78f8010', 'sector_id': 52}]}, {'id': 93, 'x': 2, 'y': 7, 'ocupantes': [{'numero': 7, 'nombre': 'Xavi', 'equipo_id': 'equipo:TOKEN-d0fa6efd-9e6f-45fa-aafb-5679c78f8010', 'sector_id': 93}]}, {'id': 101, 'x': 10, 'y': 7, 'ocupantes': [{'numero': 8, 'nombre': 'Iniesta', 'equipo_id': 'equipo:TOKEN-d0fa6efd-9e6f-45fa-aafb-5679c78f8010', 'sector_id': 101}]}, {'id': 84, 'x': 6, 'y': 6, 'ocupantes': [{'numero': 9, 'nombre': 'Suarez', 'equipo_id': 'equipo:TOKEN-d0fa6efd-9e6f-45fa-aafb-5679c78f8010', 'sector_id': 84}]}, {'id': 121, 'x': 4, 'y': 9, 'ocupantes': [{'numero': 10, 'nombre': 'Messi', 'equipo_id': 'equipo:TOKEN-d0fa6efd-9e6f-45fa-aafb-5679c78f8010', 'es_el_crack': True, 'sector_id': 121}]}, {'id': 125, 'x': 8, 'y': 9, 'ocupantes': [{'numero': 11, 'nombre': 'Neymar Jr', 'equipo_id': 'equipo:TOKEN-d0fa6efd-9e6f-45fa-aafb-5679c78f8010', 'tiene_la_pelota': True, 'sector_id': 125}]}], 'ubicacion_pelota': {'id': 138, 'x': 8, 'y': 10}, 'time_stamp': '1747411741625'}, {'tipo': 'reloj', 'reloj': 17617}]}
2025-05-16 13:11:52 [WARNING] client: Otro mensaje recibido.
Mensaje Enviado: mensaje_id='MARCAR_ADVERSARIO' token='TOKEN-d0fa6efd-9e6f-45fa-aafb-5679c78f8010' datos={'jugador_numero': 10, 'adversario_numero': 3}

Mensaje recibido: None
2025-05-16 13:11:52 [ERROR] client: Mensaje de error del servidor. Mensaje enviado: mensaje_id='MARCAR_ADVERSARIO' token='TOKEN-d0fa6efd-9e6f-45fa-aafb-5679c78f8010' datos={'jugador_numero': 10, 'adversario_numero': 3}, Mensaje recibido: mensaje_id='ERROR' datos={'descripcion': 'PATEAR no se puede ejecturar por no poseer la pelota.'}
2025-05-16 13:11:52 [INFO] client: Tienes la pelota!
2025-05-16 13:11:52 [INFO] client: Accion enviada. Mensaje: mensaje_id='PATEAR' token='TOKEN-d0fa6efd-9e6f-45fa-aafb-5679c78f8010' datos={'x': 6, 'y': 19}
2025-05-16 13:11:53 [INFO] client: Reaccionar
2025-05-16 13:11:53 [INFO] utils: Jugador mas cercano 10
2025-05-16 13:11:53 [INFO] client: Accion enviada. Mensaje: mensaje_id='CORRER' token='TOKEN-d0fa6efd-9e6f-45fa-aafb-5679c78f8010' datos={'movimientos': [{'jugador_numero': 10, 'x': 6, 'y': 12}]}
2025-05-16 13:11:53 [INFO] client: Reaccionar
2025-05-16 13:11:53 [INFO] utils: Jugador mas cercano 10
2025-05-16 13:11:53 [INFO] client: Accion enviada. Mensaje: mensaje_id='CORRER' token='TOKEN-d0fa6efd-9e6f-45fa-aafb-5679c78f8010' datos={'movimientos': [{'jugador_numero': 10, 'x': 6, 'y': 12}]}
2025-05-16 13:11:53 [INFO] client: Tienes la pelota!
2025-05-16 13:11:53 [WARNING] utils: No se pudo obtener info suficiente para decidir.
2025-05-16 13:11:53 [INFO] client: Accion enviada. Mensaje: mensaje_id='PATEAR' token='TOKEN-d0fa6efd-9e6f-45fa-aafb-5679c78f8010' datos={'x': 6, 'y': 19}
2025-05-16 13:11:53 [INFO] client: Tienes la pelota!
2025-05-16 13:11:53 [WARNING] utils: No se pudo obtener info suficiente para decidir.
2025-05-16 13:11:53 [INFO] client: Accion enviada. Mensaje: mensaje_id='PATEAR' token='TOKEN-d0fa6efd-9e6f-45fa-aafb-5679c78f8010' datos={'x': 6, 'y': 19}
2025-05-16 13:11:53 [INFO] client: Tienes la pelota!
2025-05-16 13:11:53 [WARNING] utils: No se pudo obtener info suficiente para decidir.
2025-05-16 13:11:53 [INFO] client: Accion enviada. Mensaje: mensaje_id='PATEAR' token='TOKEN-d0fa6efd-9e6f-45fa-aafb-5679c78f8010' datos={'x': 6, 'y': 19}
2025-05-16 13:11:53 [INFO] client: Tienes la pelota!
2025-05-16 13:11:53 [INFO] client: Accion enviada. Mensaje: mensaje_id='PATEAR' token='TOKEN-d0fa6efd-9e6f-45fa-aafb-5679c78f8010' datos={'x': 6, 'y': 19}
2025-05-16 13:11:53 [ERROR] mensajes: msg_id no interpretado. Data: {'mensaje_id': 'OCUPADO', 'datos': {'descripcion': 'El Servidor está ocupado en este momento. Intente más tarde.'}}
2025-05-16 13:11:53 [WARNING] client: Otro mensaje recibido.
Mensaje Enviado: mensaje_id='PATEAR' token='TOKEN-d0fa6efd-9e6f-45fa-aafb-5679c78f8010' datos={'x': 6, 'y': 19}

Mensaje recibido: None
2025-05-16 13:11:55 [INFO] client: Tienes la pelota!
2025-05-16 13:11:55 [WARNING] utils: No se pudo obtener info suficiente para decidir.
2025-05-16 13:11:56 [INFO] client: Accion enviada. Mensaje: mensaje_id='PATEAR' token='TOKEN-d0fa6efd-9e6f-45fa-aafb-5679c78f8010' datos={'x': 6, 'y': 19}
2025-05-16 13:11:56 [INFO] client: Tienes la pelota!
2025-05-16 13:11:56 [INFO] client: Accion enviada. Mensaje: mensaje_id='PATEAR' token='TOKEN-d0fa6efd-9e6f-45fa-aafb-5679c78f8010' datos={'x': 6, 'y': 19}
2025-05-16 13:11:56 [INFO] client: Tienes la pelota!
2025-05-16 13:11:56 [WARNING] utils: No se pudo obtener info suficiente para decidir.
2025-05-16 13:11:56 [INFO] client: Accion enviada. Mensaje: mensaje_id='PATEAR' token='TOKEN-d0fa6efd-9e6f-45fa-aafb-5679c78f8010' datos={'x': 6, 'y': 19}
2025-05-16 13:11:56 [INFO] client: Tienes la pelota!
2025-05-16 13:11:56 [INFO] client: Accion enviada. Mensaje: mensaje_id='PATEAR' token='TOKEN-d0fa6efd-9e6f-45fa-aafb-5679c78f8010' datos={'x': 6, 'y': 19}
2025-05-16 13:11:56 [INFO] client: Reaccionar
2025-05-16 13:11:56 [INFO] utils: Jugador mas cercano 10
2025-05-16 13:11:56 [INFO] client: Accion enviada. Mensaje: mensaje_id='MARCAR_ADVERSARIO' token='TOKEN-d0fa6efd-9e6f-45fa-aafb-5679c78f8010' datos={'jugador_numero': 10, 'adversario_numero': 7}
2025-05-16 13:11:56 [INFO] client: Reaccionar
2025-05-16 13:11:56 [INFO] utils: Jugador mas cercano 10
2025-05-16 13:11:56 [INFO] client: Accion enviada. Mensaje: mensaje_id='CORRER' token='TOKEN-d0fa6efd-9e6f-45fa-aafb-5679c78f8010' datos={'movimientos': [{'jugador_numero': 10, 'x': 6, 'y': 16}]}
2025-05-16 13:11:56 [ERROR] client: Mensaje de error del servidor. Mensaje enviado: mensaje_id='CORRER' token='TOKEN-d0fa6efd-9e6f-45fa-aafb-5679c78f8010' datos={'movimientos': [{'jugador_numero': 10, 'x': 6, 'y': 16}]}, Mensaje recibido: mensaje_id='ERROR' datos={'descripcion': 'PATEAR no se puede ejecturar por no poseer la pelota.'}
2025-05-16 13:11:56 [ERROR] mensajes: msg_id no interpretado. Data: {'mensaje_id': 'OCUPADO', 'datos': {'descripcion': 'El Servidor está ocupado en este momento. Intente más tarde.'}}
2025-05-16 13:11:56 [WARNING] client: Otro mensaje recibido.
Mensaje Enviado: mensaje_id='CORRER' token='TOKEN-d0fa6efd-9e6f-45fa-aafb-5679c78f8010' datos={'movimientos': [{'jugador_numero': 10, 'x': 6, 'y': 16}]}

Mensaje recibido: None
2025-05-16 13:11:57 [INFO] client: Tienes la pelota!
2025-05-16 13:11:57 [INFO] client: Accion enviada. Mensaje: mensaje_id='PATEAR' token='TOKEN-d0fa6efd-9e6f-45fa-aafb-5679c78f8010' datos={'x': 6, 'y': 19}
2025-05-16 13:11:58 [INFO] client: Tienes la pelota!
2025-05-16 13:11:58 [WARNING] utils: No se pudo obtener info suficiente para decidir.
2025-05-16 13:11:58 [INFO] client: Accion enviada. Mensaje: mensaje_id='PATEAR' token='TOKEN-d0fa6efd-9e6f-45fa-aafb-5679c78f8010' datos={'x': 6, 'y': 19}
2025-05-16 13:11:58 [INFO] client: Tienes la pelota!
2025-05-16 13:11:58 [WARNING] utils: No se pudo obtener info suficiente para decidir.
2025-05-16 13:11:58 [INFO] client: Accion enviada. Mensaje: mensaje_id='PATEAR' token='TOKEN-d0fa6efd-9e6f-45fa-aafb-5679c78f8010' datos={'x': 6, 'y': 19}
2025-05-16 13:11:58 [INFO] client: Tienes la pelota!
2025-05-16 13:11:58 [INFO] client: Accion enviada. Mensaje: mensaje_id='PATEAR' token='TOKEN-d0fa6efd-9e6f-45fa-aafb-5679c78f8010' datos={'x': 6, 'y': 19}
2025-05-16 13:11:58 [INFO] client: Tienes la pelota!
2025-05-16 13:11:58 [INFO] client: Accion enviada. Mensaje: mensaje_id='PATEAR' token='TOKEN-d0fa6efd-9e6f-45fa-aafb-5679c78f8010' datos={'x': 6, 'y': 19}
2025-05-16 13:11:58 [ERROR] mensajes: msg_id no interpretado. Data: {'mensaje_id': 'OCUPADO', 'datos': {'descripcion': 'El Servidor está ocupado en este momento. Intente más tarde.'}}
2025-05-16 13:11:58 [WARNING] client: Otro mensaje recibido.
Mensaje Enviado: mensaje_id='PATEAR' token='TOKEN-d0fa6efd-9e6f-45fa-aafb-5679c78f8010' datos={'x': 6, 'y': 19}

Mensaje recibido: None
2025-05-16 13:11:58 [INFO] client: Tienes la pelota!
2025-05-16 13:11:58 [WARNING] utils: No se pudo obtener info suficiente para decidir.
2025-05-16 13:11:58 [INFO] client: Accion enviada. Mensaje: mensaje_id='PATEAR' token='TOKEN-d0fa6efd-9e6f-45fa-aafb-5679c78f8010' datos={'x': 6, 'y': 19}
2025-05-16 13:11:58 [INFO] client: Tienes la pelota!
2025-05-16 13:11:58 [INFO] client: Accion enviada. Mensaje: mensaje_id='PATEAR' token='TOKEN-d0fa6efd-9e6f-45fa-aafb-5679c78f8010' datos={'x': 6, 'y': 19}
2025-05-16 13:11:58 [INFO] client: Reaccionar
2025-05-16 13:11:58 [INFO] utils: Jugador mas cercano 10
2025-05-16 13:11:58 [INFO] client: Accion enviada. Mensaje: mensaje_id='MARCAR_ADVERSARIO' token='TOKEN-d0fa6efd-9e6f-45fa-aafb-5679c78f8010' datos={'jugador_numero': 10, 'adversario_numero': 7}
2025-05-16 13:11:58 [INFO] client: Reaccionar
2025-05-16 13:11:58 [INFO] utils: Jugador mas cercano 10
2025-05-16 13:11:58 [INFO] client: Accion enviada. Mensaje: mensaje_id='CORRER' token='TOKEN-d0fa6efd-9e6f-45fa-aafb-5679c78f8010' datos={'movimientos': [{'jugador_numero': 10, 'x': 6, 'y': 16}]}
2025-05-16 13:11:59 [ERROR] client: Mensaje de error del servidor. Mensaje enviado: mensaje_id='CORRER' token='TOKEN-d0fa6efd-9e6f-45fa-aafb-5679c78f8010' datos={'movimientos': [{'jugador_numero': 10, 'x': 6, 'y': 16}]}, Mensaje recibido: mensaje_id='ERROR' datos={'descripcion': 'PATEAR no se puede ejecturar por no poseer la pelota.'}
2025-05-16 13:12:00 [INFO] client: Tienes la pelota!
2025-05-16 13:12:00 [INFO] client: Accion enviada. Mensaje: mensaje_id='PATEAR' token='TOKEN-d0fa6efd-9e6f-45fa-aafb-5679c78f8010' datos={'x': 6, 'y': 19}
2025-05-16 13:12:00 [INFO] client: Tienes la pelota!
2025-05-16 13:12:00 [INFO] client: Accion enviada. Mensaje: mensaje_id='PATEAR' token='TOKEN-d0fa6efd-9e6f-45fa-aafb-5679c78f8010' datos={'x': 6, 'y': 19}
2025-05-16 13:12:00 [INFO] client: Reaccionar
2025-05-16 13:12:00 [INFO] utils: Jugador mas cercano 10
2025-05-16 13:12:00 [INFO] client: Accion enviada. Mensaje: mensaje_id='CORRER' token='TOKEN-d0fa6efd-9e6f-45fa-aafb-5679c78f8010' datos={'movimientos': [{'jugador_numero': 10, 'x': 6, 'y': 16}]}
2025-05-16 13:12:00 [ERROR] mensajes: msg_id no interpretado. Data: {'mensaje_id': 'OCUPADO', 'datos': {'descripcion': 'El Servidor está ocupado en este momento. Intente más tarde.'}}
2025-05-16 13:12:00 [WARNING] client: Otro mensaje recibido.
Mensaje Enviado: mensaje_id='CORRER' token='TOKEN-d0fa6efd-9e6f-45fa-aafb-5679c78f8010' datos={'movimientos': [{'jugador_numero': 10, 'x': 6, 'y': 16}]}

Mensaje recibido: None
2025-05-16 13:12:00 [INFO] client: Reaccionar
2025-05-16 13:12:00 [INFO] utils: Jugador mas cercano 10
2025-05-16 13:12:00 [INFO] client: Accion enviada. Mensaje: mensaje_id='CORRER' token='TOKEN-d0fa6efd-9e6f-45fa-aafb-5679c78f8010' datos={'movimientos': [{'jugador_numero': 10, 'x': 6, 'y': 16}]}
2025-05-16 13:12:01 [ERROR] client: Mensaje de error del servidor. Mensaje enviado: mensaje_id='CORRER' token='TOKEN-d0fa6efd-9e6f-45fa-aafb-5679c78f8010' datos={'movimientos': [{'jugador_numero': 10, 'x': 6, 'y': 16}]}, Mensaje recibido: mensaje_id='ERROR' datos={'descripcion': 'PATEAR no se puede ejecturar por no poseer la pelota.'}
2025-05-16 13:12:01 [ERROR] client: Mensaje de error del servidor. Mensaje enviado: mensaje_id='CORRER' token='TOKEN-d0fa6efd-9e6f-45fa-aafb-5679c78f8010' datos={'movimientos': [{'jugador_numero': 10, 'x': 6, 'y': 16}]}, Mensaje recibido: mensaje_id='ERROR' datos={'descripcion': 'PATEAR no se puede ejecturar por no poseer la pelota.'}
2025-05-16 13:12:01 [INFO] client: Reaccionar
2025-05-16 13:12:01 [INFO] utils: Jugador mas cercano 10
2025-05-16 13:12:01 [INFO] client: Accion enviada. Mensaje: mensaje_id='CORRER' token='TOKEN-d0fa6efd-9e6f-45fa-aafb-5679c78f8010' datos={'movimientos': [{'jugador_numero': 10, 'x': 6, 'y': 16}]}
2025-05-16 13:12:01 [INFO] client: Reaccionar
2025-05-16 13:12:01 [INFO] utils: Jugador mas cercano 10
2025-05-16 13:12:01 [INFO] client: Accion enviada. Mensaje: mensaje_id='CORRER' token='TOKEN-d0fa6efd-9e6f-45fa-aafb-5679c78f8010' datos={'movimientos': [{'jugador_numero': 10, 'x': 6, 'y': 16}]}
2025-05-16 13:12:01 [INFO] client: Reaccionar
2025-05-16 13:12:01 [INFO] utils: Jugador mas cercano 10
2025-05-16 13:12:01 [INFO] client: Accion enviada. Mensaje: mensaje_id='CORRER' token='TOKEN-d0fa6efd-9e6f-45fa-aafb-5679c78f8010' datos={'movimientos': [{'jugador_numero': 10, 'x': 6, 'y': 16}]}
2025-05-16 13:12:01 [INFO] client: Reaccionar
2025-05-16 13:12:01 [INFO] utils: Jugador mas cercano 11
2025-05-16 13:12:01 [INFO] client: Accion enviada. Mensaje: mensaje_id='CORRER' token='TOKEN-d0fa6efd-9e6f-45fa-aafb-5679c78f8010' datos={'movimientos': [{'jugador_numero': 11, 'x': 6, 'y': 12}]}
2025-05-16 13:12:01 [INFO] client: Reaccionar
2025-05-16 13:12:01 [INFO] utils: Jugador mas cercano 11
2025-05-16 13:12:01 [INFO] client: Accion enviada. Mensaje: mensaje_id='CORRER' token='TOKEN-d0fa6efd-9e6f-45fa-aafb-5679c78f8010' datos={'movimientos': [{'jugador_numero': 11, 'x': 6, 'y': 12}]}
2025-05-16 13:12:01 [INFO] client: Reaccionar
2025-05-16 13:12:01 [INFO] utils: Jugador mas cercano 9
2025-05-16 13:12:01 [INFO] client: Accion enviada. Mensaje: mensaje_id='CORRER' token='TOKEN-d0fa6efd-9e6f-45fa-aafb-5679c78f8010' datos={'movimientos': [{'jugador_numero': 9, 'x': 6, 'y': 8}]}
2025-05-16 13:12:01 [ERROR] mensajes: msg_id no interpretado. Data: {'mensaje_id': 'OCUPADO', 'datos': {'descripcion': 'El Servidor está ocupado en este momento. Intente más tarde.'}}
2025-05-16 13:12:01 [WARNING] client: Otro mensaje recibido.
Mensaje Enviado: mensaje_id='CORRER' token='TOKEN-d0fa6efd-9e6f-45fa-aafb-5679c78f8010' datos={'movimientos': [{'jugador_numero': 9, 'x': 6, 'y': 8}]}

Mensaje recibido: None
