2025-05-15 19:09:42 [INFO] log: Logging configurado exitosamente.
2025-05-15 19:09:42 [INFO] client: Conectado al servidor!. Registrando equipo...
2025-05-15 19:09:42 [INFO] client: Registro enviado. Esperando respuesta...
2025-05-15 19:09:43 [INFO] client: El token del equipo es: TOKEN-2913f659-71dc-46f5-9585-20e42ba3b50d
2025-05-15 19:10:00 [INFO] client: Reaccionar
2025-05-15 19:10:00 [INFO] utils: Posiciones base inicializadas: {1: Coordenada(x=6, y=19), 2: Coordenada(x=1, y=16), 3: Coordenada(x=4, y=16), 4: Coordenada(x=8, y=16), 5: Coordenada(x=11, y=16), 6: Coordenada(x=3, y=13), 7: Coordenada(x=6, y=13), 8: Coordenada(x=9, y=13), 9: Coordenada(x=6, y=10), 10: Coordenada(x=8, y=10), 11: Coordenada(x=4, y=10)}
2025-05-15 19:10:00 [INFO] utils: Jugador mas cercano 10
2025-05-15 19:10:00 [INFO] client: Accion enviada. Mensaje: mensaje_id='MARCAR_ADVERSARIO' token='TOKEN-2913f659-71dc-46f5-9585-20e42ba3b50d' datos={'jugador_numero': 10, 'adversario_numero': 11}
2025-05-15 19:10:00 [INFO] client: Reaccionar
2025-05-15 19:10:00 [INFO] utils: Posiciones base inicializadas: {1: Coordenada(x=6, y=19), 2: Coordenada(x=1, y=16), 3: Coordenada(x=4, y=16), 4: Coordenada(x=8, y=16), 5: Coordenada(x=11, y=16), 6: Coordenada(x=3, y=13), 7: Coordenada(x=6, y=13), 8: Coordenada(x=9, y=13), 9: Coordenada(x=6, y=10), 10: Coordenada(x=8, y=10), 11: Coordenada(x=4, y=10)}
2025-05-15 19:10:00 [INFO] utils: Jugador mas cercano 10
2025-05-15 19:10:00 [INFO] client: Accion enviada. Mensaje: mensaje_id='CORRER' token='TOKEN-2913f659-71dc-46f5-9585-20e42ba3b50d' datos={'movimientos': [{'jugador_numero': 10, 'x': 10, 'y': 7}]}
2025-05-15 19:10:01 [INFO] client: Tienes la pelota!
2025-05-15 19:10:01 [INFO] client: Accion enviada. Mensaje: mensaje_id='PATEAR' token='TOKEN-2913f659-71dc-46f5-9585-20e42ba3b50d' datos={'x': 6, 'y': 0}
2025-05-15 19:10:01 [INFO] client: Reaccionar
2025-05-15 19:10:01 [INFO] utils: Posiciones base inicializadas: {1: Coordenada(x=6, y=19), 2: Coordenada(x=1, y=16), 3: Coordenada(x=4, y=16), 4: Coordenada(x=8, y=16), 5: Coordenada(x=11, y=16), 6: Coordenada(x=3, y=13), 7: Coordenada(x=6, y=13), 8: Coordenada(x=9, y=13), 9: Coordenada(x=6, y=10), 10: Coordenada(x=10, y=7), 11: Coordenada(x=4, y=10)}
2025-05-15 19:10:01 [INFO] utils: Jugador mas cercano 10
2025-05-15 19:10:01 [INFO] client: Accion enviada. Mensaje: mensaje_id='MARCAR_ADVERSARIO' token='TOKEN-2913f659-71dc-46f5-9585-20e42ba3b50d' datos={'jugador_numero': 10, 'adversario_numero': 8}
2025-05-15 19:10:01 [ERROR] mensajes: msg_id no interpretado. Data: {'mensaje_id': 'OCUPADO', 'datos': {'descripcion': 'El Servidor está ocupado en este momento. Intente más tarde.'}}
2025-05-15 19:10:01 [WARNING] client: Otro mensaje recibido.
Mensaje Enviado: mensaje_id='MARCAR_ADVERSARIO' token='TOKEN-2913f659-71dc-46f5-9585-20e42ba3b50d' datos={'jugador_numero': 10, 'adversario_numero': 8}

Mensaje recibido: None
2025-05-15 19:10:02 [INFO] client: Tienes la pelota!
2025-05-15 19:10:02 [INFO] client: Accion enviada. Mensaje: mensaje_id='PATEAR' token='TOKEN-2913f659-71dc-46f5-9585-20e42ba3b50d' datos={'x': 6, 'y': 0}
2025-05-15 19:10:02 [INFO] client: Tienes la pelota!
2025-05-15 19:10:02 [INFO] client: Accion enviada. Mensaje: mensaje_id='PATEAR' token='TOKEN-2913f659-71dc-46f5-9585-20e42ba3b50d' datos={'x': 6, 'y': 0}
2025-05-15 19:10:03 [INFO] client: Reaccionar
2025-05-15 19:10:03 [INFO] utils: Posiciones base inicializadas: {1: Coordenada(x=6, y=19), 2: Coordenada(x=1, y=16), 3: Coordenada(x=4, y=16), 4: Coordenada(x=8, y=16), 5: Coordenada(x=11, y=16), 6: Coordenada(x=3, y=13), 7: Coordenada(x=6, y=13), 8: Coordenada(x=9, y=13), 9: Coordenada(x=6, y=10), 10: Coordenada(x=10, y=7), 11: Coordenada(x=4, y=10)}
2025-05-15 19:10:03 [INFO] utils: Jugador mas cercano 10
2025-05-15 19:10:03 [INFO] client: Accion enviada. Mensaje: mensaje_id='CORRER' token='TOKEN-2913f659-71dc-46f5-9585-20e42ba3b50d' datos={'movimientos': [{'jugador_numero': 10, 'x': 8, 'y': 4}]}
2025-05-15 19:10:03 [INFO] client: Tienes la pelota!
2025-05-15 19:10:03 [INFO] client: Accion enviada. Mensaje: mensaje_id='PATEAR' token='TOKEN-2913f659-71dc-46f5-9585-20e42ba3b50d' datos={'x': 6, 'y': 0}
2025-05-15 19:10:03 [INFO] client: Reaccionar
2025-05-15 19:10:03 [INFO] utils: Posiciones base inicializadas: {1: Coordenada(x=6, y=19), 2: Coordenada(x=1, y=16), 3: Coordenada(x=4, y=16), 4: Coordenada(x=8, y=16), 5: Coordenada(x=11, y=16), 6: Coordenada(x=3, y=13), 7: Coordenada(x=6, y=13), 8: Coordenada(x=9, y=13), 9: Coordenada(x=6, y=10), 10: Coordenada(x=10, y=7), 11: Coordenada(x=4, y=10)}
2025-05-15 19:10:03 [INFO] utils: Jugador mas cercano 10
2025-05-15 19:10:03 [INFO] client: Accion enviada. Mensaje: mensaje_id='CORRER' token='TOKEN-2913f659-71dc-46f5-9585-20e42ba3b50d' datos={'movimientos': [{'jugador_numero': 10, 'x': 8, 'y': 4}]}
2025-05-15 19:10:03 [INFO] client: Reaccionar
2025-05-15 19:10:03 [INFO] utils: Posiciones base inicializadas: {1: Coordenada(x=6, y=19), 2: Coordenada(x=1, y=16), 3: Coordenada(x=4, y=16), 4: Coordenada(x=8, y=16), 5: Coordenada(x=11, y=16), 6: Coordenada(x=3, y=13), 7: Coordenada(x=6, y=13), 8: Coordenada(x=9, y=13), 9: Coordenada(x=6, y=10), 10: Coordenada(x=10, y=7), 11: Coordenada(x=4, y=10)}
2025-05-15 19:10:03 [INFO] utils: Jugador mas cercano 10
2025-05-15 19:10:03 [INFO] client: Accion enviada. Mensaje: mensaje_id='CORRER' token='TOKEN-2913f659-71dc-46f5-9585-20e42ba3b50d' datos={'movimientos': [{'jugador_numero': 10, 'x': 8, 'y': 4}]}
2025-05-15 19:10:03 [ERROR] mensajes: msg_id no interpretado. Data: {'mensaje_id': 'OCUPADO', 'datos': {'descripcion': 'El Servidor está ocupado en este momento. Intente más tarde.'}}
2025-05-15 19:10:03 [WARNING] client: Otro mensaje recibido.
Mensaje Enviado: mensaje_id='CORRER' token='TOKEN-2913f659-71dc-46f5-9585-20e42ba3b50d' datos={'movimientos': [{'jugador_numero': 10, 'x': 8, 'y': 4}]}

Mensaje recibido: None
2025-05-15 19:10:04 [INFO] client: Tienes la pelota!
2025-05-15 19:10:04 [INFO] client: Accion enviada. Mensaje: mensaje_id='PATEAR' token='TOKEN-2913f659-71dc-46f5-9585-20e42ba3b50d' datos={'x': 6, 'y': 0}
2025-05-15 19:10:04 [INFO] client: Tienes la pelota!
2025-05-15 19:10:04 [INFO] client: Accion enviada. Mensaje: mensaje_id='PATEAR' token='TOKEN-2913f659-71dc-46f5-9585-20e42ba3b50d' datos={'x': 6, 'y': 0}
2025-05-15 19:10:04 [INFO] client: Reaccionar
2025-05-15 19:10:04 [INFO] utils: Posiciones base inicializadas: {1: Coordenada(x=6, y=19), 2: Coordenada(x=1, y=16), 3: Coordenada(x=4, y=16), 4: Coordenada(x=8, y=16), 5: Coordenada(x=11, y=16), 6: Coordenada(x=3, y=13), 7: Coordenada(x=6, y=13), 8: Coordenada(x=9, y=13), 9: Coordenada(x=6, y=10), 10: Coordenada(x=8, y=4), 11: Coordenada(x=4, y=10)}
2025-05-15 19:10:04 [INFO] utils: Jugador mas cercano 10
2025-05-15 19:10:04 [INFO] client: Accion enviada. Mensaje: mensaje_id='CORRER' token='TOKEN-2913f659-71dc-46f5-9585-20e42ba3b50d' datos={'movimientos': [{'jugador_numero': 10, 'x': 8, 'y': 4}]}
2025-05-15 19:10:04 [INFO] client: Reaccionar
2025-05-15 19:10:04 [INFO] utils: Posiciones base inicializadas: {1: Coordenada(x=6, y=19), 2: Coordenada(x=1, y=16), 3: Coordenada(x=4, y=16), 4: Coordenada(x=8, y=16), 5: Coordenada(x=11, y=16), 6: Coordenada(x=3, y=13), 7: Coordenada(x=6, y=13), 8: Coordenada(x=9, y=13), 9: Coordenada(x=6, y=10), 10: Coordenada(x=8, y=4), 11: Coordenada(x=4, y=10)}
2025-05-15 19:10:04 [INFO] utils: Jugador mas cercano 10
2025-05-15 19:10:04 [INFO] client: Accion enviada. Mensaje: mensaje_id='CORRER' token='TOKEN-2913f659-71dc-46f5-9585-20e42ba3b50d' datos={'movimientos': [{'jugador_numero': 10, 'x': 6, 'y': 0}]}
2025-05-15 19:10:04 [ERROR] mensajes: msg_id no interpretado. Data: {'mensaje_id': 'OCUPADO', 'datos': {'descripcion': 'El Servidor está ocupado en este momento. Intente más tarde.'}}
2025-05-15 19:10:04 [WARNING] client: Otro mensaje recibido.
Mensaje Enviado: mensaje_id='CORRER' token='TOKEN-2913f659-71dc-46f5-9585-20e42ba3b50d' datos={'movimientos': [{'jugador_numero': 10, 'x': 6, 'y': 0}]}

Mensaje recibido: None
2025-05-15 19:10:05 [ERROR] client: Mensaje de error del servidor. Mensaje enviado: mensaje_id='CORRER' token='TOKEN-2913f659-71dc-46f5-9585-20e42ba3b50d' datos={'movimientos': [{'jugador_numero': 10, 'x': 6, 'y': 0}]}, Mensaje recibido: mensaje_id='ERROR' datos={'descripcion': 'PATEAR no se puede ejecturar por no poseer la pelota.'}
2025-05-15 19:10:05 [INFO] client: Reaccionar
2025-05-15 19:10:05 [INFO] utils: Posiciones base inicializadas: {1: Coordenada(x=6, y=19), 2: Coordenada(x=1, y=16), 3: Coordenada(x=4, y=16), 4: Coordenada(x=8, y=16), 5: Coordenada(x=11, y=16), 6: Coordenada(x=3, y=13), 7: Coordenada(x=6, y=13), 8: Coordenada(x=9, y=13), 9: Coordenada(x=6, y=10), 10: Coordenada(x=8, y=4), 11: Coordenada(x=4, y=10)}
2025-05-15 19:10:05 [INFO] utils: Jugador mas cercano 10
2025-05-15 19:10:05 [INFO] client: Accion enviada. Mensaje: mensaje_id='CORRER' token='TOKEN-2913f659-71dc-46f5-9585-20e42ba3b50d' datos={'movimientos': [{'jugador_numero': 10, 'x': 6, 'y': 0}]}
2025-05-15 19:10:05 [ERROR] client: Mensaje de error del servidor. Mensaje enviado: mensaje_id='CORRER' token='TOKEN-2913f659-71dc-46f5-9585-20e42ba3b50d' datos={'movimientos': [{'jugador_numero': 10, 'x': 6, 'y': 0}]}, Mensaje recibido: mensaje_id='ERROR' datos={'descripcion': 'PATEAR no se puede ejecturar por no poseer la pelota.'}
2025-05-15 19:10:05 [INFO] client: Reaccionar
2025-05-15 19:10:05 [INFO] utils: Posiciones base inicializadas: {1: Coordenada(x=6, y=19), 2: Coordenada(x=1, y=16), 3: Coordenada(x=4, y=16), 4: Coordenada(x=8, y=16), 5: Coordenada(x=11, y=16), 6: Coordenada(x=3, y=13), 7: Coordenada(x=6, y=13), 8: Coordenada(x=9, y=13), 9: Coordenada(x=6, y=10), 10: Coordenada(x=8, y=4), 11: Coordenada(x=4, y=10)}
2025-05-15 19:10:05 [INFO] utils: Jugador mas cercano 10
2025-05-15 19:10:05 [INFO] client: Accion enviada. Mensaje: mensaje_id='CORRER' token='TOKEN-2913f659-71dc-46f5-9585-20e42ba3b50d' datos={'movimientos': [{'jugador_numero': 10, 'x': 6, 'y': 0}]}
2025-05-15 19:10:06 [INFO] client: Reaccionar
2025-05-15 19:10:06 [INFO] utils: Posiciones base inicializadas: {1: Coordenada(x=6, y=19), 2: Coordenada(x=1, y=16), 3: Coordenada(x=4, y=16), 4: Coordenada(x=8, y=16), 5: Coordenada(x=11, y=16), 6: Coordenada(x=3, y=13), 7: Coordenada(x=6, y=13), 8: Coordenada(x=9, y=13), 9: Coordenada(x=6, y=10), 10: Coordenada(x=8, y=4), 11: Coordenada(x=4, y=10)}
2025-05-15 19:10:06 [INFO] utils: Jugador mas cercano 10
2025-05-15 19:10:06 [INFO] client: Accion enviada. Mensaje: mensaje_id='CORRER' token='TOKEN-2913f659-71dc-46f5-9585-20e42ba3b50d' datos={'movimientos': [{'jugador_numero': 10, 'x': 6, 'y': 0}]}
2025-05-15 19:10:06 [INFO] client: Reaccionar
2025-05-15 19:10:06 [INFO] utils: Posiciones base inicializadas: {1: Coordenada(x=6, y=19), 2: Coordenada(x=1, y=16), 3: Coordenada(x=4, y=16), 4: Coordenada(x=8, y=16), 5: Coordenada(x=11, y=16), 6: Coordenada(x=3, y=13), 7: Coordenada(x=6, y=13), 8: Coordenada(x=9, y=13), 9: Coordenada(x=6, y=10), 10: Coordenada(x=8, y=4), 11: Coordenada(x=4, y=10)}
2025-05-15 19:10:06 [INFO] utils: Jugador mas cercano 10
2025-05-15 19:10:06 [INFO] client: Accion enviada. Mensaje: mensaje_id='CORRER' token='TOKEN-2913f659-71dc-46f5-9585-20e42ba3b50d' datos={'movimientos': [{'jugador_numero': 10, 'x': 6, 'y': 0}]}
2025-05-15 19:10:06 [INFO] client: Tienes la pelota!
2025-05-15 19:10:06 [INFO] client: Accion enviada. Mensaje: mensaje_id='PATEAR' token='TOKEN-2913f659-71dc-46f5-9585-20e42ba3b50d' datos={'x': 6, 'y': 0}
2025-05-15 19:10:06 [INFO] client: Reaccionar
2025-05-15 19:10:06 [INFO] utils: Posiciones base inicializadas: {1: Coordenada(x=6, y=19), 2: Coordenada(x=1, y=16), 3: Coordenada(x=4, y=16), 4: Coordenada(x=8, y=16), 5: Coordenada(x=11, y=16), 6: Coordenada(x=3, y=13), 7: Coordenada(x=6, y=13), 8: Coordenada(x=9, y=13), 9: Coordenada(x=6, y=10), 10: Coordenada(x=6, y=0), 11: Coordenada(x=4, y=10)}
2025-05-15 19:10:06 [INFO] utils: Jugador mas cercano 10
2025-05-15 19:10:06 [INFO] client: Accion enviada. Mensaje: mensaje_id='MARCAR_ADVERSARIO' token='TOKEN-2913f659-71dc-46f5-9585-20e42ba3b50d' datos={'jugador_numero': 10, 'adversario_numero': 1}
2025-05-15 19:10:06 [ERROR] mensajes: msg_id no interpretado. Data: {'mensaje_id': 'OCUPADO', 'datos': {'descripcion': 'El Servidor está ocupado en este momento. Intente más tarde.'}}
2025-05-15 19:10:06 [WARNING] client: Otro mensaje recibido.
Mensaje Enviado: mensaje_id='MARCAR_ADVERSARIO' token='TOKEN-2913f659-71dc-46f5-9585-20e42ba3b50d' datos={'jugador_numero': 10, 'adversario_numero': 1}

Mensaje recibido: None
2025-05-15 19:10:07 [INFO] client: Reaccionar
2025-05-15 19:10:07 [INFO] utils: Posiciones base inicializadas: {1: Coordenada(x=6, y=19), 2: Coordenada(x=1, y=16), 3: Coordenada(x=4, y=16), 4: Coordenada(x=8, y=16), 5: Coordenada(x=11, y=16), 6: Coordenada(x=3, y=13), 7: Coordenada(x=6, y=13), 8: Coordenada(x=9, y=13), 9: Coordenada(x=6, y=10), 10: Coordenada(x=6, y=0), 11: Coordenada(x=4, y=10)}
2025-05-15 19:10:07 [INFO] utils: Pelota en el aire.
2025-05-15 19:10:07 [INFO] utils: Jugador mas cercano 10
2025-05-15 19:10:07 [INFO] client: Accion enviada. Mensaje: mensaje_id='CORRER' token='TOKEN-2913f659-71dc-46f5-9585-20e42ba3b50d' datos={'movimientos': [{'jugador_numero': 10, 'x': 6, 'y': 0}]}
2025-05-15 19:10:07 [INFO] client: Reaccionar
2025-05-15 19:10:07 [INFO] utils: Posiciones base inicializadas: {1: Coordenada(x=6, y=19), 2: Coordenada(x=1, y=16), 3: Coordenada(x=4, y=16), 4: Coordenada(x=8, y=16), 5: Coordenada(x=11, y=16), 6: Coordenada(x=3, y=13), 7: Coordenada(x=6, y=13), 8: Coordenada(x=9, y=13), 9: Coordenada(x=6, y=10), 10: Coordenada(x=6, y=0), 11: Coordenada(x=4, y=10)}
2025-05-15 19:10:07 [INFO] utils: Jugador mas cercano 10
2025-05-15 19:10:07 [INFO] client: Accion enviada. Mensaje: mensaje_id='CORRER' token='TOKEN-2913f659-71dc-46f5-9585-20e42ba3b50d' datos={'movimientos': [{'jugador_numero': 10, 'x': 6, 'y': 0}]}
2025-05-15 19:10:07 [INFO] client: Tienes la pelota!
2025-05-15 19:10:07 [INFO] client: Accion enviada. Mensaje: mensaje_id='PATEAR' token='TOKEN-2913f659-71dc-46f5-9585-20e42ba3b50d' datos={'x': 6, 'y': 0}
2025-05-15 19:10:07 [INFO] client: Tienes la pelota!
2025-05-15 19:10:07 [INFO] client: Accion enviada. Mensaje: mensaje_id='PATEAR' token='TOKEN-2913f659-71dc-46f5-9585-20e42ba3b50d' datos={'x': 6, 'y': 0}
2025-05-15 19:10:07 [INFO] client: Tienes la pelota!
2025-05-15 19:10:07 [INFO] client: Accion enviada. Mensaje: mensaje_id='PATEAR' token='TOKEN-2913f659-71dc-46f5-9585-20e42ba3b50d' datos={'x': 6, 'y': 0}
2025-05-15 19:10:07 [ERROR] mensajes: msg_id no interpretado. Data: {'mensaje_id': 'OCUPADO', 'datos': {'descripcion': 'El Servidor está ocupado en este momento. Intente más tarde.'}}
2025-05-15 19:10:07 [WARNING] client: Otro mensaje recibido.
Mensaje Enviado: mensaje_id='PATEAR' token='TOKEN-2913f659-71dc-46f5-9585-20e42ba3b50d' datos={'x': 6, 'y': 0}

Mensaje recibido: None
2025-05-15 19:10:08 [INFO] client: Tienes la pelota!
2025-05-15 19:10:08 [INFO] client: Accion enviada. Mensaje: mensaje_id='PATEAR' token='TOKEN-2913f659-71dc-46f5-9585-20e42ba3b50d' datos={'x': 6, 'y': 0}
2025-05-15 19:10:08 [INFO] client: Tienes la pelota!
2025-05-15 19:10:08 [INFO] client: Accion enviada. Mensaje: mensaje_id='PATEAR' token='TOKEN-2913f659-71dc-46f5-9585-20e42ba3b50d' datos={'x': 6, 'y': 0}
2025-05-15 19:10:08 [INFO] client: Tienes la pelota!
2025-05-15 19:10:08 [INFO] client: Accion enviada. Mensaje: mensaje_id='PATEAR' token='TOKEN-2913f659-71dc-46f5-9585-20e42ba3b50d' datos={'x': 6, 'y': 0}
2025-05-15 19:10:08 [ERROR] mensajes: msg_id no interpretado. Data: {'mensaje_id': 'OCUPADO', 'datos': {'descripcion': 'El Servidor está ocupado en este momento. Intente más tarde.'}}
2025-05-15 19:10:08 [WARNING] client: Otro mensaje recibido.
Mensaje Enviado: mensaje_id='PATEAR' token='TOKEN-2913f659-71dc-46f5-9585-20e42ba3b50d' datos={'x': 6, 'y': 0}

Mensaje recibido: None
2025-05-15 19:10:09 [INFO] client: Tienes la pelota!
2025-05-15 19:10:09 [INFO] client: Accion enviada. Mensaje: mensaje_id='PATEAR' token='TOKEN-2913f659-71dc-46f5-9585-20e42ba3b50d' datos={'x': 6, 'y': 0}
2025-05-15 19:10:09 [INFO] client: Tienes la pelota!
2025-05-15 19:10:09 [INFO] client: Accion enviada. Mensaje: mensaje_id='PATEAR' token='TOKEN-2913f659-71dc-46f5-9585-20e42ba3b50d' datos={'x': 6, 'y': 0}
2025-05-15 19:10:09 [INFO] client: Tienes la pelota!
2025-05-15 19:10:09 [INFO] client: Accion enviada. Mensaje: mensaje_id='PATEAR' token='TOKEN-2913f659-71dc-46f5-9585-20e42ba3b50d' datos={'x': 6, 'y': 0}
2025-05-15 19:10:09 [INFO] client: Reaccionar
2025-05-15 19:10:09 [INFO] utils: Posiciones base inicializadas: {1: Coordenada(x=6, y=19), 2: Coordenada(x=1, y=16), 3: Coordenada(x=4, y=16), 4: Coordenada(x=8, y=16), 5: Coordenada(x=11, y=16), 6: Coordenada(x=3, y=13), 7: Coordenada(x=6, y=13), 8: Coordenada(x=9, y=13), 9: Coordenada(x=6, y=10), 10: Coordenada(x=6, y=0), 11: Coordenada(x=4, y=10)}
2025-05-15 19:10:09 [INFO] utils: Jugador mas cercano 10
2025-05-15 19:10:09 [INFO] client: Accion enviada. Mensaje: mensaje_id='MARCAR_ADVERSARIO' token='TOKEN-2913f659-71dc-46f5-9585-20e42ba3b50d' datos={'jugador_numero': 10, 'adversario_numero': 1}
2025-05-15 19:10:09 [ERROR] mensajes: msg_id no interpretado. Data: {'mensaje_id': 'OCUPADO', 'datos': {'descripcion': 'El Servidor está ocupado en este momento. Intente más tarde.'}}
2025-05-15 19:10:09 [WARNING] client: Otro mensaje recibido.
Mensaje Enviado: mensaje_id='MARCAR_ADVERSARIO' token='TOKEN-2913f659-71dc-46f5-9585-20e42ba3b50d' datos={'jugador_numero': 10, 'adversario_numero': 1}

Mensaje recibido: None
2025-05-15 19:10:10 [ERROR] client: Mensaje de error del servidor. Mensaje enviado: mensaje_id='MARCAR_ADVERSARIO' token='TOKEN-2913f659-71dc-46f5-9585-20e42ba3b50d' datos={'jugador_numero': 10, 'adversario_numero': 1}, Mensaje recibido: mensaje_id='ERROR' datos={'descripcion': 'PATEAR no se puede ejecturar por no poseer la pelota.'}
2025-05-15 19:10:10 [ERROR] client: Mensaje de error del servidor. Mensaje enviado: mensaje_id='MARCAR_ADVERSARIO' token='TOKEN-2913f659-71dc-46f5-9585-20e42ba3b50d' datos={'jugador_numero': 10, 'adversario_numero': 1}, Mensaje recibido: mensaje_id='ERROR' datos={'descripcion': 'PATEAR no se puede ejecturar por no poseer la pelota.'}
2025-05-15 19:10:10 [INFO] client: Reaccionar
2025-05-15 19:10:10 [INFO] utils: Posiciones base inicializadas: {1: Coordenada(x=6, y=19), 2: Coordenada(x=1, y=16), 3: Coordenada(x=4, y=16), 4: Coordenada(x=8, y=16), 5: Coordenada(x=11, y=16), 6: Coordenada(x=3, y=13), 7: Coordenada(x=6, y=13), 8: Coordenada(x=9, y=13), 9: Coordenada(x=6, y=10), 10: Coordenada(x=6, y=0), 11: Coordenada(x=4, y=10)}
2025-05-15 19:10:10 [INFO] utils: Jugador mas cercano 10
2025-05-15 19:10:10 [INFO] client: Accion enviada. Mensaje: mensaje_id='MARCAR_ADVERSARIO' token='TOKEN-2913f659-71dc-46f5-9585-20e42ba3b50d' datos={'jugador_numero': 10, 'adversario_numero': 1}
2025-05-15 19:10:10 [INFO] client: Tienes la pelota!
2025-05-15 19:10:10 [INFO] client: Accion enviada. Mensaje: mensaje_id='PATEAR' token='TOKEN-2913f659-71dc-46f5-9585-20e42ba3b50d' datos={'x': 6, 'y': 0}
2025-05-15 19:10:11 [INFO] client: Tienes la pelota!
2025-05-15 19:10:11 [INFO] client: Accion enviada. Mensaje: mensaje_id='PATEAR' token='TOKEN-2913f659-71dc-46f5-9585-20e42ba3b50d' datos={'x': 6, 'y': 0}
2025-05-15 19:10:11 [INFO] client: Reaccionar
2025-05-15 19:10:11 [INFO] utils: Posiciones base inicializadas: {1: Coordenada(x=6, y=19), 2: Coordenada(x=1, y=16), 3: Coordenada(x=4, y=16), 4: Coordenada(x=8, y=16), 5: Coordenada(x=11, y=16), 6: Coordenada(x=3, y=13), 7: Coordenada(x=6, y=13), 8: Coordenada(x=9, y=13), 9: Coordenada(x=6, y=10), 10: Coordenada(x=6, y=0), 11: Coordenada(x=4, y=10)}
2025-05-15 19:10:11 [INFO] utils: Jugador mas cercano 10
2025-05-15 19:10:11 [INFO] client: Accion enviada. Mensaje: mensaje_id='CORRER' token='TOKEN-2913f659-71dc-46f5-9585-20e42ba3b50d' datos={'movimientos': [{'jugador_numero': 10, 'x': 6, 'y': 0}]}
2025-05-15 19:10:11 [ERROR] mensajes: msg_id no interpretado. Data: {'mensaje_id': 'OCUPADO', 'datos': {'descripcion': 'El Servidor está ocupado en este momento. Intente más tarde.'}}
2025-05-15 19:10:11 [WARNING] client: Otro mensaje recibido.
Mensaje Enviado: mensaje_id='CORRER' token='TOKEN-2913f659-71dc-46f5-9585-20e42ba3b50d' datos={'movimientos': [{'jugador_numero': 10, 'x': 6, 'y': 0}]}

Mensaje recibido: None
2025-05-15 19:10:12 [INFO] client: Tienes la pelota!
2025-05-15 19:10:12 [INFO] client: Accion enviada. Mensaje: mensaje_id='PATEAR' token='TOKEN-2913f659-71dc-46f5-9585-20e42ba3b50d' datos={'x': 6, 'y': 0}
2025-05-15 19:10:12 [INFO] client: Tienes la pelota!
2025-05-15 19:10:12 [INFO] client: Accion enviada. Mensaje: mensaje_id='PATEAR' token='TOKEN-2913f659-71dc-46f5-9585-20e42ba3b50d' datos={'x': 6, 'y': 0}
2025-05-15 19:10:13 [INFO] client: Tienes la pelota!
2025-05-15 19:10:13 [INFO] client: Accion enviada. Mensaje: mensaje_id='PATEAR' token='TOKEN-2913f659-71dc-46f5-9585-20e42ba3b50d' datos={'x': 6, 'y': 0}
2025-05-15 19:10:13 [INFO] client: Tienes la pelota!
2025-05-15 19:10:13 [INFO] client: Accion enviada. Mensaje: mensaje_id='PATEAR' token='TOKEN-2913f659-71dc-46f5-9585-20e42ba3b50d' datos={'x': 6, 'y': 0}
2025-05-15 19:10:13 [INFO] client: Tienes la pelota!
2025-05-15 19:10:13 [INFO] client: Accion enviada. Mensaje: mensaje_id='PATEAR' token='TOKEN-2913f659-71dc-46f5-9585-20e42ba3b50d' datos={'x': 6, 'y': 0}
2025-05-15 19:10:13 [ERROR] mensajes: msg_id no interpretado. Data: {'mensaje_id': 'OCUPADO', 'datos': {'descripcion': 'El Servidor está ocupado en este momento. Intente más tarde.'}}
2025-05-15 19:10:13 [WARNING] client: Otro mensaje recibido.
Mensaje Enviado: mensaje_id='PATEAR' token='TOKEN-2913f659-71dc-46f5-9585-20e42ba3b50d' datos={'x': 6, 'y': 0}

Mensaje recibido: None
2025-05-15 19:10:14 [INFO] client: Reaccionar
2025-05-15 19:10:14 [INFO] utils: Posiciones base inicializadas: {1: Coordenada(x=6, y=19), 2: Coordenada(x=1, y=16), 3: Coordenada(x=4, y=16), 4: Coordenada(x=8, y=16), 5: Coordenada(x=11, y=16), 6: Coordenada(x=3, y=13), 7: Coordenada(x=6, y=13), 8: Coordenada(x=9, y=13), 9: Coordenada(x=6, y=10), 10: Coordenada(x=6, y=0), 11: Coordenada(x=4, y=10)}
2025-05-15 19:10:14 [INFO] utils: Jugador mas cercano 10
2025-05-15 19:10:14 [INFO] client: Accion enviada. Mensaje: mensaje_id='CORRER' token='TOKEN-2913f659-71dc-46f5-9585-20e42ba3b50d' datos={'movimientos': [{'jugador_numero': 10, 'x': 6, 'y': 0}]}
2025-05-15 19:10:14 [ERROR] client: Mensaje de error del servidor. Mensaje enviado: mensaje_id='CORRER' token='TOKEN-2913f659-71dc-46f5-9585-20e42ba3b50d' datos={'movimientos': [{'jugador_numero': 10, 'x': 6, 'y': 0}]}, Mensaje recibido: mensaje_id='ERROR' datos={'descripcion': 'PATEAR no se puede ejecturar por no poseer la pelota.'}
2025-05-15 19:10:14 [INFO] client: Tienes la pelota!
2025-05-15 19:10:14 [INFO] client: Accion enviada. Mensaje: mensaje_id='PATEAR' token='TOKEN-2913f659-71dc-46f5-9585-20e42ba3b50d' datos={'x': 6, 'y': 0}
2025-05-15 19:10:14 [INFO] client: Tienes la pelota!
2025-05-15 19:10:14 [INFO] client: Accion enviada. Mensaje: mensaje_id='PATEAR' token='TOKEN-2913f659-71dc-46f5-9585-20e42ba3b50d' datos={'x': 6, 'y': 0}
2025-05-15 19:10:14 [ERROR] mensajes: msg_id no interpretado. Data: {'mensaje_id': 'OCUPADO', 'datos': {'descripcion': 'El Servidor está ocupado en este momento. Intente más tarde.'}}
2025-05-15 19:10:14 [WARNING] client: Otro mensaje recibido.
Mensaje Enviado: mensaje_id='PATEAR' token='TOKEN-2913f659-71dc-46f5-9585-20e42ba3b50d' datos={'x': 6, 'y': 0}

Mensaje recibido: None
2025-05-15 19:10:15 [INFO] client: Tienes la pelota!
2025-05-15 19:10:15 [INFO] client: Accion enviada. Mensaje: mensaje_id='PATEAR' token='TOKEN-2913f659-71dc-46f5-9585-20e42ba3b50d' datos={'x': 6, 'y': 0}
2025-05-15 19:10:15 [INFO] client: Reaccionar
2025-05-15 19:10:15 [INFO] utils: Posiciones base inicializadas: {1: Coordenada(x=6, y=19), 2: Coordenada(x=1, y=16), 3: Coordenada(x=4, y=16), 4: Coordenada(x=8, y=16), 5: Coordenada(x=11, y=16), 6: Coordenada(x=3, y=13), 7: Coordenada(x=6, y=13), 8: Coordenada(x=9, y=13), 9: Coordenada(x=6, y=10), 10: Coordenada(x=6, y=0), 11: Coordenada(x=4, y=10)}
2025-05-15 19:10:15 [INFO] utils: Jugador mas cercano 10
2025-05-15 19:10:15 [INFO] client: Accion enviada. Mensaje: mensaje_id='MARCAR_ADVERSARIO' token='TOKEN-2913f659-71dc-46f5-9585-20e42ba3b50d' datos={'jugador_numero': 10, 'adversario_numero': 1}
2025-05-15 19:10:15 [INFO] client: Reaccionar
2025-05-15 19:10:15 [INFO] utils: Posiciones base inicializadas: {1: Coordenada(x=6, y=19), 2: Coordenada(x=1, y=16), 3: Coordenada(x=4, y=16), 4: Coordenada(x=8, y=16), 5: Coordenada(x=11, y=16), 6: Coordenada(x=3, y=13), 7: Coordenada(x=6, y=13), 8: Coordenada(x=9, y=13), 9: Coordenada(x=6, y=10), 10: Coordenada(x=6, y=0), 11: Coordenada(x=4, y=10)}
2025-05-15 19:10:15 [INFO] utils: Pelota en el aire.
2025-05-15 19:10:15 [INFO] utils: Jugador mas cercano 10
2025-05-15 19:10:15 [INFO] client: Accion enviada. Mensaje: mensaje_id='CORRER' token='TOKEN-2913f659-71dc-46f5-9585-20e42ba3b50d' datos={'movimientos': [{'jugador_numero': 10, 'x': 6, 'y': 0}]}
2025-05-15 19:10:15 [INFO] client: Reaccionar
2025-05-15 19:10:15 [INFO] utils: Posiciones base inicializadas: {1: Coordenada(x=6, y=19), 2: Coordenada(x=1, y=16), 3: Coordenada(x=4, y=16), 4: Coordenada(x=8, y=16), 5: Coordenada(x=11, y=16), 6: Coordenada(x=3, y=13), 7: Coordenada(x=6, y=13), 8: Coordenada(x=9, y=13), 9: Coordenada(x=6, y=10), 10: Coordenada(x=6, y=0), 11: Coordenada(x=4, y=10)}
2025-05-15 19:10:15 [INFO] utils: Jugador mas cercano 10
2025-05-15 19:10:15 [INFO] client: Accion enviada. Mensaje: mensaje_id='CORRER' token='TOKEN-2913f659-71dc-46f5-9585-20e42ba3b50d' datos={'movimientos': [{'jugador_numero': 10, 'x': 6, 'y': 0}]}
2025-05-15 19:10:15 [ERROR] client: Mensaje de error del servidor. Mensaje enviado: mensaje_id='CORRER' token='TOKEN-2913f659-71dc-46f5-9585-20e42ba3b50d' datos={'movimientos': [{'jugador_numero': 10, 'x': 6, 'y': 0}]}, Mensaje recibido: mensaje_id='ERROR' datos={'descripcion': 'PATEAR no se puede ejecturar por no poseer la pelota.'}
2025-05-15 19:10:15 [ERROR] mensajes: msg_id no interpretado. Data: {'mensaje_id': 'OCUPADO', 'datos': {'descripcion': 'El Servidor está ocupado en este momento. Intente más tarde.'}}
2025-05-15 19:10:15 [WARNING] client: Otro mensaje recibido.
Mensaje Enviado: mensaje_id='CORRER' token='TOKEN-2913f659-71dc-46f5-9585-20e42ba3b50d' datos={'movimientos': [{'jugador_numero': 10, 'x': 6, 'y': 0}]}

Mensaje recibido: None
2025-05-15 19:10:16 [ERROR] client: Mensaje de error del servidor. Mensaje enviado: mensaje_id='CORRER' token='TOKEN-2913f659-71dc-46f5-9585-20e42ba3b50d' datos={'movimientos': [{'jugador_numero': 10, 'x': 6, 'y': 0}]}, Mensaje recibido: mensaje_id='ERROR' datos={'descripcion': 'PATEAR no se puede ejecturar por no poseer la pelota.'}
2025-05-15 19:10:16 [INFO] client: Reaccionar
2025-05-15 19:10:16 [INFO] utils: Posiciones base inicializadas: {1: Coordenada(x=6, y=19), 2: Coordenada(x=1, y=16), 3: Coordenada(x=4, y=16), 4: Coordenada(x=8, y=16), 5: Coordenada(x=11, y=16), 6: Coordenada(x=3, y=13), 7: Coordenada(x=6, y=13), 8: Coordenada(x=9, y=13), 9: Coordenada(x=6, y=10), 10: Coordenada(x=6, y=0), 11: Coordenada(x=4, y=10)}
2025-05-15 19:10:16 [INFO] utils: Jugador mas cercano 10
2025-05-15 19:10:16 [INFO] client: Accion enviada. Mensaje: mensaje_id='MARCAR_ADVERSARIO' token='TOKEN-2913f659-71dc-46f5-9585-20e42ba3b50d' datos={'jugador_numero': 10, 'adversario_numero': 1}
2025-05-15 19:10:16 [INFO] client: Reaccionar
2025-05-15 19:10:16 [INFO] utils: Posiciones base inicializadas: {1: Coordenada(x=6, y=19), 2: Coordenada(x=1, y=16), 3: Coordenada(x=4, y=16), 4: Coordenada(x=8, y=16), 5: Coordenada(x=11, y=16), 6: Coordenada(x=3, y=13), 7: Coordenada(x=6, y=13), 8: Coordenada(x=9, y=13), 9: Coordenada(x=6, y=10), 10: Coordenada(x=6, y=0), 11: Coordenada(x=4, y=10)}
2025-05-15 19:10:16 [INFO] utils: Jugador mas cercano 11
2025-05-15 19:10:16 [INFO] client: Accion enviada. Mensaje: mensaje_id='MARCAR_ADVERSARIO' token='TOKEN-2913f659-71dc-46f5-9585-20e42ba3b50d' datos={'jugador_numero': 11, 'adversario_numero': 10}
2025-05-15 19:10:16 [INFO] client: Reaccionar
2025-05-15 19:10:16 [INFO] utils: Posiciones base inicializadas: {1: Coordenada(x=6, y=19), 2: Coordenada(x=1, y=16), 3: Coordenada(x=4, y=16), 4: Coordenada(x=8, y=16), 5: Coordenada(x=11, y=16), 6: Coordenada(x=3, y=13), 7: Coordenada(x=6, y=13), 8: Coordenada(x=9, y=13), 9: Coordenada(x=6, y=10), 10: Coordenada(x=6, y=0), 11: Coordenada(x=4, y=10)}
2025-05-15 19:10:16 [INFO] utils: Jugador mas cercano 11
2025-05-15 19:10:16 [INFO] client: Accion enviada. Mensaje: mensaje_id='MARCAR_ADVERSARIO' token='TOKEN-2913f659-71dc-46f5-9585-20e42ba3b50d' datos={'jugador_numero': 11, 'adversario_numero': 10}
2025-05-15 19:10:16 [INFO] client: Reaccionar
2025-05-15 19:10:16 [INFO] utils: Posiciones base inicializadas: {1: Coordenada(x=6, y=19), 2: Coordenada(x=1, y=16), 3: Coordenada(x=4, y=16), 4: Coordenada(x=8, y=16), 5: Coordenada(x=11, y=16), 6: Coordenada(x=3, y=13), 7: Coordenada(x=6, y=13), 8: Coordenada(x=9, y=13), 9: Coordenada(x=6, y=10), 10: Coordenada(x=6, y=0), 11: Coordenada(x=4, y=10)}
2025-05-15 19:10:16 [INFO] utils: Jugador mas cercano 10
2025-05-15 19:10:16 [INFO] client: Accion enviada. Mensaje: mensaje_id='CORRER' token='TOKEN-2913f659-71dc-46f5-9585-20e42ba3b50d' datos={'movimientos': [{'jugador_numero': 10, 'x': 6, 'y': 3}]}
2025-05-15 19:10:16 [ERROR] mensajes: msg_id no interpretado. Data: {'mensaje_id': 'OCUPADO', 'datos': {'descripcion': 'El Servidor está ocupado en este momento. Intente más tarde.'}}
2025-05-15 19:10:16 [WARNING] client: Otro mensaje recibido.
Mensaje Enviado: mensaje_id='CORRER' token='TOKEN-2913f659-71dc-46f5-9585-20e42ba3b50d' datos={'movimientos': [{'jugador_numero': 10, 'x': 6, 'y': 3}]}

Mensaje recibido: None
2025-05-15 19:10:17 [INFO] client: Reaccionar
2025-05-15 19:10:17 [INFO] utils: Posiciones base inicializadas: {1: Coordenada(x=6, y=19), 2: Coordenada(x=1, y=16), 3: Coordenada(x=4, y=16), 4: Coordenada(x=8, y=16), 5: Coordenada(x=11, y=16), 6: Coordenada(x=3, y=13), 7: Coordenada(x=6, y=13), 8: Coordenada(x=9, y=13), 9: Coordenada(x=6, y=10), 10: Coordenada(x=6, y=0), 11: Coordenada(x=4, y=10)}
2025-05-15 19:10:17 [INFO] utils: Jugador mas cercano 10
2025-05-15 19:10:17 [INFO] client: Accion enviada. Mensaje: mensaje_id='CORRER' token='TOKEN-2913f659-71dc-46f5-9585-20e42ba3b50d' datos={'movimientos': [{'jugador_numero': 10, 'x': 6, 'y': 3}]}
2025-05-15 19:10:17 [INFO] client: Reaccionar
2025-05-15 19:10:17 [INFO] utils: Posiciones base inicializadas: {1: Coordenada(x=6, y=19), 2: Coordenada(x=1, y=16), 3: Coordenada(x=4, y=16), 4: Coordenada(x=8, y=16), 5: Coordenada(x=11, y=16), 6: Coordenada(x=3, y=13), 7: Coordenada(x=6, y=13), 8: Coordenada(x=9, y=13), 9: Coordenada(x=6, y=10), 10: Coordenada(x=6, y=0), 11: Coordenada(x=4, y=10)}
2025-05-15 19:10:17 [INFO] utils: Jugador mas cercano 10
2025-05-15 19:10:17 [INFO] client: Accion enviada. Mensaje: mensaje_id='CORRER' token='TOKEN-2913f659-71dc-46f5-9585-20e42ba3b50d' datos={'movimientos': [{'jugador_numero': 10, 'x': 6, 'y': 3}]}
2025-05-15 19:10:17 [INFO] client: Reaccionar
2025-05-15 19:10:17 [INFO] utils: Posiciones base inicializadas: {1: Coordenada(x=6, y=19), 2: Coordenada(x=1, y=16), 3: Coordenada(x=4, y=16), 4: Coordenada(x=8, y=16), 5: Coordenada(x=11, y=16), 6: Coordenada(x=3, y=13), 7: Coordenada(x=6, y=13), 8: Coordenada(x=9, y=13), 9: Coordenada(x=6, y=10), 10: Coordenada(x=6, y=0), 11: Coordenada(x=4, y=10)}
2025-05-15 19:10:17 [INFO] utils: Jugador mas cercano 10
2025-05-15 19:10:17 [INFO] client: Accion enviada. Mensaje: mensaje_id='CORRER' token='TOKEN-2913f659-71dc-46f5-9585-20e42ba3b50d' datos={'movimientos': [{'jugador_numero': 10, 'x': 6, 'y': 3}]}
2025-05-15 19:10:17 [INFO] client: Reaccionar
2025-05-15 19:10:17 [INFO] utils: Posiciones base inicializadas: {1: Coordenada(x=6, y=19), 2: Coordenada(x=1, y=16), 3: Coordenada(x=4, y=16), 4: Coordenada(x=8, y=16), 5: Coordenada(x=11, y=16), 6: Coordenada(x=3, y=13), 7: Coordenada(x=6, y=13), 8: Coordenada(x=9, y=13), 9: Coordenada(x=6, y=10), 10: Coordenada(x=6, y=0), 11: Coordenada(x=4, y=10)}
2025-05-15 19:10:17 [INFO] utils: Jugador mas cercano 10
2025-05-15 19:10:17 [INFO] client: Accion enviada. Mensaje: mensaje_id='CORRER' token='TOKEN-2913f659-71dc-46f5-9585-20e42ba3b50d' datos={'movimientos': [{'jugador_numero': 10, 'x': 6, 'y': 3}]}
2025-05-15 19:10:17 [INFO] client: Reaccionar
2025-05-15 19:10:17 [INFO] utils: Posiciones base inicializadas: {1: Coordenada(x=6, y=19), 2: Coordenada(x=1, y=16), 3: Coordenada(x=4, y=16), 4: Coordenada(x=8, y=16), 5: Coordenada(x=11, y=16), 6: Coordenada(x=3, y=13), 7: Coordenada(x=6, y=13), 8: Coordenada(x=9, y=13), 9: Coordenada(x=6, y=10), 10: Coordenada(x=6, y=0), 11: Coordenada(x=4, y=10)}
2025-05-15 19:10:17 [INFO] utils: Jugador mas cercano 10
2025-05-15 19:10:17 [INFO] client: Accion enviada. Mensaje: mensaje_id='CORRER' token='TOKEN-2913f659-71dc-46f5-9585-20e42ba3b50d' datos={'movimientos': [{'jugador_numero': 10, 'x': 6, 'y': 3}]}
2025-05-15 19:10:17 [INFO] client: Tienes la pelota!
2025-05-15 19:10:17 [INFO] client: Accion enviada. Mensaje: mensaje_id='PATEAR' token='TOKEN-2913f659-71dc-46f5-9585-20e42ba3b50d' datos={'x': 6, 'y': 0}
2025-05-15 19:10:17 [ERROR] mensajes: msg_id no interpretado. Data: {'mensaje_id': 'OCUPADO', 'datos': {'descripcion': 'El Servidor está ocupado en este momento. Intente más tarde.'}}
2025-05-15 19:10:17 [WARNING] client: Otro mensaje recibido.
Mensaje Enviado: mensaje_id='PATEAR' token='TOKEN-2913f659-71dc-46f5-9585-20e42ba3b50d' datos={'x': 6, 'y': 0}

Mensaje recibido: None
2025-05-15 19:10:18 [INFO] client: Reaccionar
2025-05-15 19:10:18 [INFO] utils: Posiciones base inicializadas: {1: Coordenada(x=6, y=19), 2: Coordenada(x=1, y=16), 3: Coordenada(x=4, y=16), 4: Coordenada(x=8, y=16), 5: Coordenada(x=11, y=16), 6: Coordenada(x=3, y=13), 7: Coordenada(x=6, y=13), 8: Coordenada(x=9, y=13), 9: Coordenada(x=6, y=10), 10: Coordenada(x=6, y=3), 11: Coordenada(x=4, y=10)}
2025-05-15 19:10:18 [INFO] utils: Jugador mas cercano 10
2025-05-15 19:10:18 [INFO] client: Accion enviada. Mensaje: mensaje_id='MARCAR_ADVERSARIO' token='TOKEN-2913f659-71dc-46f5-9585-20e42ba3b50d' datos={'jugador_numero': 10, 'adversario_numero': 4}
2025-05-15 19:10:18 [INFO] client: Reaccionar
2025-05-15 19:10:18 [INFO] utils: Posiciones base inicializadas: {1: Coordenada(x=6, y=19), 2: Coordenada(x=1, y=16), 3: Coordenada(x=4, y=16), 4: Coordenada(x=8, y=16), 5: Coordenada(x=11, y=16), 6: Coordenada(x=3, y=13), 7: Coordenada(x=6, y=13), 8: Coordenada(x=9, y=13), 9: Coordenada(x=6, y=10), 10: Coordenada(x=6, y=3), 11: Coordenada(x=4, y=10)}
2025-05-15 19:10:18 [INFO] utils: Pelota en el aire.
2025-05-15 19:10:18 [INFO] utils: Jugador mas cercano 10
2025-05-15 19:10:18 [INFO] client: Accion enviada. Mensaje: mensaje_id='CORRER' token='TOKEN-2913f659-71dc-46f5-9585-20e42ba3b50d' datos={'movimientos': [{'jugador_numero': 10, 'x': 6, 'y': 3}]}
2025-05-15 19:10:18 [INFO] client: Reaccionar
2025-05-15 19:10:18 [INFO] utils: Posiciones base inicializadas: {1: Coordenada(x=6, y=19), 2: Coordenada(x=1, y=16), 3: Coordenada(x=4, y=16), 4: Coordenada(x=8, y=16), 5: Coordenada(x=11, y=16), 6: Coordenada(x=3, y=13), 7: Coordenada(x=6, y=13), 8: Coordenada(x=9, y=13), 9: Coordenada(x=6, y=10), 10: Coordenada(x=6, y=3), 11: Coordenada(x=4, y=10)}
2025-05-15 19:10:18 [INFO] utils: Jugador mas cercano 10
2025-05-15 19:10:18 [INFO] client: Accion enviada. Mensaje: mensaje_id='CORRER' token='TOKEN-2913f659-71dc-46f5-9585-20e42ba3b50d' datos={'movimientos': [{'jugador_numero': 10, 'x': 6, 'y': 3}]}
2025-05-15 19:10:18 [INFO] client: Tienes la pelota!
2025-05-15 19:10:18 [INFO] client: Accion enviada. Mensaje: mensaje_id='PATEAR' token='TOKEN-2913f659-71dc-46f5-9585-20e42ba3b50d' datos={'x': 6, 'y': 0}
2025-05-15 19:10:18 [ERROR] mensajes: msg_id no interpretado. Data: {'mensaje_id': 'OCUPADO', 'datos': {'descripcion': 'El Servidor está ocupado en este momento. Intente más tarde.'}}
2025-05-15 19:10:18 [WARNING] client: Otro mensaje recibido.
Mensaje Enviado: mensaje_id='PATEAR' token='TOKEN-2913f659-71dc-46f5-9585-20e42ba3b50d' datos={'x': 6, 'y': 0}

Mensaje recibido: None
2025-05-15 19:10:19 [INFO] client: Tienes la pelota!
2025-05-15 19:10:19 [INFO] client: Accion enviada. Mensaje: mensaje_id='PATEAR' token='TOKEN-2913f659-71dc-46f5-9585-20e42ba3b50d' datos={'x': 6, 'y': 0}
2025-05-15 19:10:19 [INFO] client: Tienes la pelota!
2025-05-15 19:10:19 [INFO] client: Accion enviada. Mensaje: mensaje_id='PATEAR' token='TOKEN-2913f659-71dc-46f5-9585-20e42ba3b50d' datos={'x': 6, 'y': 0}
2025-05-15 19:10:20 [INFO] client: Reaccionar
2025-05-15 19:10:20 [INFO] utils: Posiciones base inicializadas: {1: Coordenada(x=6, y=19), 2: Coordenada(x=1, y=16), 3: Coordenada(x=4, y=16), 4: Coordenada(x=8, y=16), 5: Coordenada(x=11, y=16), 6: Coordenada(x=3, y=13), 7: Coordenada(x=6, y=13), 8: Coordenada(x=9, y=13), 9: Coordenada(x=6, y=10), 10: Coordenada(x=6, y=3), 11: Coordenada(x=4, y=10)}
2025-05-15 19:10:20 [INFO] utils: Jugador mas cercano 10
2025-05-15 19:10:20 [INFO] client: Accion enviada. Mensaje: mensaje_id='CORRER' token='TOKEN-2913f659-71dc-46f5-9585-20e42ba3b50d' datos={'movimientos': [{'jugador_numero': 10, 'x': 6, 'y': 0}]}
2025-05-15 19:10:20 [ERROR] client: Mensaje de error del servidor. Mensaje enviado: mensaje_id='CORRER' token='TOKEN-2913f659-71dc-46f5-9585-20e42ba3b50d' datos={'movimientos': [{'jugador_numero': 10, 'x': 6, 'y': 0}]}, Mensaje recibido: mensaje_id='ERROR' datos={'descripcion': 'PATEAR no se puede ejecturar por no poseer la pelota.'}
2025-05-15 19:10:20 [INFO] client: Reaccionar
2025-05-15 19:10:20 [INFO] utils: Posiciones base inicializadas: {1: Coordenada(x=6, y=19), 2: Coordenada(x=1, y=16), 3: Coordenada(x=4, y=16), 4: Coordenada(x=8, y=16), 5: Coordenada(x=11, y=16), 6: Coordenada(x=3, y=13), 7: Coordenada(x=6, y=13), 8: Coordenada(x=9, y=13), 9: Coordenada(x=6, y=10), 10: Coordenada(x=6, y=3), 11: Coordenada(x=4, y=10)}
2025-05-15 19:10:20 [INFO] utils: Jugador mas cercano 10
2025-05-15 19:10:20 [INFO] client: Accion enviada. Mensaje: mensaje_id='CORRER' token='TOKEN-2913f659-71dc-46f5-9585-20e42ba3b50d' datos={'movimientos': [{'jugador_numero': 10, 'x': 6, 'y': 0}]}
2025-05-15 19:10:20 [INFO] client: Reaccionar
2025-05-15 19:10:20 [INFO] utils: Posiciones base inicializadas: {1: Coordenada(x=6, y=19), 2: Coordenada(x=1, y=16), 3: Coordenada(x=4, y=16), 4: Coordenada(x=8, y=16), 5: Coordenada(x=11, y=16), 6: Coordenada(x=3, y=13), 7: Coordenada(x=6, y=13), 8: Coordenada(x=9, y=13), 9: Coordenada(x=6, y=10), 10: Coordenada(x=6, y=3), 11: Coordenada(x=4, y=10)}
2025-05-15 19:10:20 [INFO] utils: Jugador mas cercano 10
2025-05-15 19:10:20 [INFO] client: Accion enviada. Mensaje: mensaje_id='CORRER' token='TOKEN-2913f659-71dc-46f5-9585-20e42ba3b50d' datos={'movimientos': [{'jugador_numero': 10, 'x': 6, 'y': 0}]}
2025-05-15 19:10:20 [ERROR] mensajes: msg_id no interpretado. Data: {'mensaje_id': 'OCUPADO', 'datos': {'descripcion': 'El Servidor está ocupado en este momento. Intente más tarde.'}}
2025-05-15 19:10:20 [WARNING] client: Otro mensaje recibido.
Mensaje Enviado: mensaje_id='CORRER' token='TOKEN-2913f659-71dc-46f5-9585-20e42ba3b50d' datos={'movimientos': [{'jugador_numero': 10, 'x': 6, 'y': 0}]}

Mensaje recibido: None
2025-05-15 19:10:21 [INFO] client: Tienes la pelota!
2025-05-15 19:10:21 [INFO] client: Accion enviada. Mensaje: mensaje_id='PATEAR' token='TOKEN-2913f659-71dc-46f5-9585-20e42ba3b50d' datos={'x': 6, 'y': 0}
2025-05-15 19:10:21 [INFO] client: Tienes la pelota!
2025-05-15 19:10:21 [INFO] client: Accion enviada. Mensaje: mensaje_id='PATEAR' token='TOKEN-2913f659-71dc-46f5-9585-20e42ba3b50d' datos={'x': 6, 'y': 0}
2025-05-15 19:10:21 [INFO] client: Reaccionar
2025-05-15 19:10:21 [INFO] utils: Posiciones base inicializadas: {1: Coordenada(x=6, y=19), 2: Coordenada(x=1, y=16), 3: Coordenada(x=4, y=16), 4: Coordenada(x=8, y=16), 5: Coordenada(x=11, y=16), 6: Coordenada(x=3, y=13), 7: Coordenada(x=6, y=13), 8: Coordenada(x=9, y=13), 9: Coordenada(x=6, y=10), 10: Coordenada(x=6, y=0), 11: Coordenada(x=4, y=10)}
2025-05-15 19:10:21 [INFO] utils: Jugador mas cercano 10
2025-05-15 19:10:21 [INFO] client: Accion enviada. Mensaje: mensaje_id='MARCAR_ADVERSARIO' token='TOKEN-2913f659-71dc-46f5-9585-20e42ba3b50d' datos={'jugador_numero': 10, 'adversario_numero': 1}
2025-05-15 19:10:22 [ERROR] mensajes: msg_id no interpretado. Data: {'mensaje_id': 'OCUPADO', 'datos': {'descripcion': 'El Servidor está ocupado en este momento. Intente más tarde.'}}
2025-05-15 19:10:22 [WARNING] client: Otro mensaje recibido.
Mensaje Enviado: mensaje_id='MARCAR_ADVERSARIO' token='TOKEN-2913f659-71dc-46f5-9585-20e42ba3b50d' datos={'jugador_numero': 10, 'adversario_numero': 1}

Mensaje recibido: None
2025-05-15 19:10:22 [ERROR] client: Mensaje de error del servidor. Mensaje enviado: mensaje_id='MARCAR_ADVERSARIO' token='TOKEN-2913f659-71dc-46f5-9585-20e42ba3b50d' datos={'jugador_numero': 10, 'adversario_numero': 1}, Mensaje recibido: mensaje_id='ERROR' datos={'descripcion': 'PATEAR no se puede ejecturar por no poseer la pelota.'}
2025-05-15 19:10:22 [INFO] client: Tienes la pelota!
2025-05-15 19:10:22 [INFO] client: Accion enviada. Mensaje: mensaje_id='PATEAR' token='TOKEN-2913f659-71dc-46f5-9585-20e42ba3b50d' datos={'x': 6, 'y': 0}
2025-05-15 19:10:22 [INFO] client: Reaccionar
2025-05-15 19:10:22 [INFO] utils: Posiciones base inicializadas: {1: Coordenada(x=6, y=19), 2: Coordenada(x=1, y=16), 3: Coordenada(x=4, y=16), 4: Coordenada(x=8, y=16), 5: Coordenada(x=11, y=16), 6: Coordenada(x=3, y=13), 7: Coordenada(x=6, y=13), 8: Coordenada(x=9, y=13), 9: Coordenada(x=6, y=10), 10: Coordenada(x=6, y=0), 11: Coordenada(x=4, y=10)}
2025-05-15 19:10:22 [INFO] utils: Jugador mas cercano 10
2025-05-15 19:10:22 [INFO] client: Accion enviada. Mensaje: mensaje_id='MARCAR_ADVERSARIO' token='TOKEN-2913f659-71dc-46f5-9585-20e42ba3b50d' datos={'jugador_numero': 10, 'adversario_numero': 1}
2025-05-15 19:10:22 [ERROR] client: Mensaje de error del servidor. Mensaje enviado: mensaje_id='MARCAR_ADVERSARIO' token='TOKEN-2913f659-71dc-46f5-9585-20e42ba3b50d' datos={'jugador_numero': 10, 'adversario_numero': 1}, Mensaje recibido: mensaje_id='ERROR' datos={'descripcion': 'PATEAR no se puede ejecturar por no poseer la pelota.'}
2025-05-15 19:10:23 [ERROR] client: Mensaje de error del servidor. Mensaje enviado: mensaje_id='MARCAR_ADVERSARIO' token='TOKEN-2913f659-71dc-46f5-9585-20e42ba3b50d' datos={'jugador_numero': 10, 'adversario_numero': 1}, Mensaje recibido: mensaje_id='ERROR' datos={'descripcion': 'PATEAR no se puede ejecturar por no poseer la pelota.'}
2025-05-15 19:10:23 [INFO] client: Reaccionar
2025-05-15 19:10:23 [INFO] utils: Posiciones base inicializadas: {1: Coordenada(x=6, y=19), 2: Coordenada(x=1, y=16), 3: Coordenada(x=4, y=16), 4: Coordenada(x=8, y=16), 5: Coordenada(x=11, y=16), 6: Coordenada(x=3, y=13), 7: Coordenada(x=6, y=13), 8: Coordenada(x=9, y=13), 9: Coordenada(x=6, y=10), 10: Coordenada(x=6, y=0), 11: Coordenada(x=4, y=10)}
2025-05-15 19:10:23 [INFO] utils: Jugador mas cercano 10
2025-05-15 19:10:23 [INFO] client: Accion enviada. Mensaje: mensaje_id='MARCAR_ADVERSARIO' token='TOKEN-2913f659-71dc-46f5-9585-20e42ba3b50d' datos={'jugador_numero': 10, 'adversario_numero': 1}
2025-05-15 19:10:23 [INFO] client: Tienes la pelota!
2025-05-15 19:10:23 [INFO] client: Accion enviada. Mensaje: mensaje_id='PATEAR' token='TOKEN-2913f659-71dc-46f5-9585-20e42ba3b50d' datos={'x': 6, 'y': 0}
2025-05-15 19:10:24 [INFO] client: Reaccionar
2025-05-15 19:10:24 [INFO] utils: Posiciones base inicializadas: {1: Coordenada(x=6, y=19), 2: Coordenada(x=1, y=16), 3: Coordenada(x=4, y=16), 4: Coordenada(x=8, y=16), 5: Coordenada(x=11, y=16), 6: Coordenada(x=3, y=13), 7: Coordenada(x=6, y=13), 8: Coordenada(x=9, y=13), 9: Coordenada(x=6, y=10), 10: Coordenada(x=6, y=0), 11: Coordenada(x=4, y=10)}
2025-05-15 19:10:24 [INFO] utils: Jugador mas cercano 10
2025-05-15 19:10:24 [INFO] client: Accion enviada. Mensaje: mensaje_id='MARCAR_ADVERSARIO' token='TOKEN-2913f659-71dc-46f5-9585-20e42ba3b50d' datos={'jugador_numero': 10, 'adversario_numero': 1}
2025-05-15 19:10:24 [INFO] client: Reaccionar
2025-05-15 19:10:24 [INFO] utils: Posiciones base inicializadas: {1: Coordenada(x=6, y=19), 2: Coordenada(x=1, y=16), 3: Coordenada(x=4, y=16), 4: Coordenada(x=8, y=16), 5: Coordenada(x=11, y=16), 6: Coordenada(x=3, y=13), 7: Coordenada(x=6, y=13), 8: Coordenada(x=9, y=13), 9: Coordenada(x=6, y=10), 10: Coordenada(x=6, y=0), 11: Coordenada(x=4, y=10)}
2025-05-15 19:10:24 [INFO] utils: Jugador mas cercano 10
2025-05-15 19:10:24 [INFO] client: Accion enviada. Mensaje: mensaje_id='MARCAR_ADVERSARIO' token='TOKEN-2913f659-71dc-46f5-9585-20e42ba3b50d' datos={'jugador_numero': 10, 'adversario_numero': 1}
2025-05-15 19:10:24 [ERROR] client: Mensaje de error del servidor. Mensaje enviado: mensaje_id='MARCAR_ADVERSARIO' token='TOKEN-2913f659-71dc-46f5-9585-20e42ba3b50d' datos={'jugador_numero': 10, 'adversario_numero': 1}, Mensaje recibido: mensaje_id='ERROR' datos={'descripcion': 'PATEAR no se puede ejecturar por no poseer la pelota.'}
2025-05-15 19:10:25 [INFO] client: Reaccionar
2025-05-15 19:10:25 [INFO] utils: Posiciones base inicializadas: {1: Coordenada(x=6, y=19), 2: Coordenada(x=1, y=16), 3: Coordenada(x=4, y=16), 4: Coordenada(x=8, y=16), 5: Coordenada(x=11, y=16), 6: Coordenada(x=3, y=13), 7: Coordenada(x=6, y=13), 8: Coordenada(x=9, y=13), 9: Coordenada(x=6, y=10), 10: Coordenada(x=6, y=0), 11: Coordenada(x=4, y=10)}
2025-05-15 19:10:25 [INFO] utils: Jugador mas cercano 10
2025-05-15 19:10:25 [INFO] client: Accion enviada. Mensaje: mensaje_id='MARCAR_ADVERSARIO' token='TOKEN-2913f659-71dc-46f5-9585-20e42ba3b50d' datos={'jugador_numero': 10, 'adversario_numero': 1}
2025-05-15 19:10:25 [INFO] client: Reaccionar
2025-05-15 19:10:25 [INFO] utils: Posiciones base inicializadas: {1: Coordenada(x=6, y=19), 2: Coordenada(x=1, y=16), 3: Coordenada(x=4, y=16), 4: Coordenada(x=8, y=16), 5: Coordenada(x=11, y=16), 6: Coordenada(x=3, y=13), 7: Coordenada(x=6, y=13), 8: Coordenada(x=9, y=13), 9: Coordenada(x=6, y=10), 10: Coordenada(x=6, y=0), 11: Coordenada(x=4, y=10)}
2025-05-15 19:10:25 [INFO] utils: Jugador mas cercano 10
2025-05-15 19:10:25 [INFO] client: Accion enviada. Mensaje: mensaje_id='CORRER' token='TOKEN-2913f659-71dc-46f5-9585-20e42ba3b50d' datos={'movimientos': [{'jugador_numero': 10, 'x': 5, 'y': 3}]}
2025-05-15 19:10:25 [INFO] client: Reaccionar
2025-05-15 19:10:25 [INFO] utils: Posiciones base inicializadas: {1: Coordenada(x=6, y=19), 2: Coordenada(x=1, y=16), 3: Coordenada(x=4, y=16), 4: Coordenada(x=8, y=16), 5: Coordenada(x=11, y=16), 6: Coordenada(x=3, y=13), 7: Coordenada(x=6, y=13), 8: Coordenada(x=9, y=13), 9: Coordenada(x=6, y=10), 10: Coordenada(x=6, y=0), 11: Coordenada(x=4, y=10)}
2025-05-15 19:10:25 [INFO] utils: Jugador mas cercano 10
2025-05-15 19:10:25 [INFO] client: Accion enviada. Mensaje: mensaje_id='CORRER' token='TOKEN-2913f659-71dc-46f5-9585-20e42ba3b50d' datos={'movimientos': [{'jugador_numero': 10, 'x': 5, 'y': 3}]}
2025-05-15 19:10:25 [INFO] client: Reaccionar
2025-05-15 19:10:25 [INFO] utils: Posiciones base inicializadas: {1: Coordenada(x=6, y=19), 2: Coordenada(x=1, y=16), 3: Coordenada(x=4, y=16), 4: Coordenada(x=8, y=16), 5: Coordenada(x=11, y=16), 6: Coordenada(x=3, y=13), 7: Coordenada(x=6, y=13), 8: Coordenada(x=9, y=13), 9: Coordenada(x=6, y=10), 10: Coordenada(x=6, y=0), 11: Coordenada(x=4, y=10)}
2025-05-15 19:10:25 [INFO] utils: Jugador mas cercano 10
2025-05-15 19:10:25 [INFO] client: Accion enviada. Mensaje: mensaje_id='CORRER' token='TOKEN-2913f659-71dc-46f5-9585-20e42ba3b50d' datos={'movimientos': [{'jugador_numero': 10, 'x': 5, 'y': 3}]}
2025-05-15 19:10:26 [ERROR] mensajes: msg_id no interpretado. Data: {'mensaje_id': 'OCUPADO', 'datos': {'descripcion': 'El Servidor está ocupado en este momento. Intente más tarde.'}}
2025-05-15 19:10:26 [WARNING] client: Otro mensaje recibido.
Mensaje Enviado: mensaje_id='CORRER' token='TOKEN-2913f659-71dc-46f5-9585-20e42ba3b50d' datos={'movimientos': [{'jugador_numero': 10, 'x': 5, 'y': 3}]}

Mensaje recibido: None
2025-05-15 19:10:26 [INFO] client: Reaccionar
2025-05-15 19:10:26 [INFO] utils: Posiciones base inicializadas: {1: Coordenada(x=6, y=19), 2: Coordenada(x=1, y=16), 3: Coordenada(x=4, y=16), 4: Coordenada(x=8, y=16), 5: Coordenada(x=11, y=16), 6: Coordenada(x=3, y=13), 7: Coordenada(x=6, y=13), 8: Coordenada(x=9, y=13), 9: Coordenada(x=6, y=10), 10: Coordenada(x=6, y=0), 11: Coordenada(x=4, y=10)}
2025-05-15 19:10:26 [INFO] utils: Jugador mas cercano 10
2025-05-15 19:10:26 [INFO] client: Accion enviada. Mensaje: mensaje_id='CORRER' token='TOKEN-2913f659-71dc-46f5-9585-20e42ba3b50d' datos={'movimientos': [{'jugador_numero': 10, 'x': 5, 'y': 3}]}
2025-05-15 19:10:26 [INFO] client: Reaccionar
2025-05-15 19:10:26 [INFO] utils: Posiciones base inicializadas: {1: Coordenada(x=6, y=19), 2: Coordenada(x=1, y=16), 3: Coordenada(x=4, y=16), 4: Coordenada(x=8, y=16), 5: Coordenada(x=11, y=16), 6: Coordenada(x=3, y=13), 7: Coordenada(x=6, y=13), 8: Coordenada(x=9, y=13), 9: Coordenada(x=6, y=10), 10: Coordenada(x=6, y=0), 11: Coordenada(x=4, y=10)}
2025-05-15 19:10:26 [INFO] utils: Jugador mas cercano 10
2025-05-15 19:10:26 [INFO] client: Accion enviada. Mensaje: mensaje_id='CORRER' token='TOKEN-2913f659-71dc-46f5-9585-20e42ba3b50d' datos={'movimientos': [{'jugador_numero': 10, 'x': 5, 'y': 3}]}
2025-05-15 19:10:26 [INFO] client: Tienes la pelota!
2025-05-15 19:10:26 [INFO] client: Accion enviada. Mensaje: mensaje_id='PATEAR' token='TOKEN-2913f659-71dc-46f5-9585-20e42ba3b50d' datos={'x': 6, 'y': 0}
2025-05-15 19:10:26 [INFO] client: Reaccionar
2025-05-15 19:10:26 [INFO] utils: Posiciones base inicializadas: {1: Coordenada(x=6, y=19), 2: Coordenada(x=1, y=16), 3: Coordenada(x=4, y=16), 4: Coordenada(x=8, y=16), 5: Coordenada(x=11, y=16), 6: Coordenada(x=3, y=13), 7: Coordenada(x=6, y=13), 8: Coordenada(x=9, y=13), 9: Coordenada(x=6, y=10), 10: Coordenada(x=5, y=3), 11: Coordenada(x=4, y=10)}
2025-05-15 19:10:26 [INFO] utils: Jugador mas cercano 10
2025-05-15 19:10:26 [INFO] client: Accion enviada. Mensaje: mensaje_id='MARCAR_ADVERSARIO' token='TOKEN-2913f659-71dc-46f5-9585-20e42ba3b50d' datos={'jugador_numero': 10, 'adversario_numero': 4}
2025-05-15 19:10:27 [ERROR] mensajes: msg_id no interpretado. Data: {'mensaje_id': 'OCUPADO', 'datos': {'descripcion': 'El Servidor está ocupado en este momento. Intente más tarde.'}}
2025-05-15 19:10:27 [WARNING] client: Otro mensaje recibido.
Mensaje Enviado: mensaje_id='MARCAR_ADVERSARIO' token='TOKEN-2913f659-71dc-46f5-9585-20e42ba3b50d' datos={'jugador_numero': 10, 'adversario_numero': 4}

Mensaje recibido: None
2025-05-15 19:10:27 [INFO] client: Reaccionar
2025-05-15 19:10:27 [INFO] utils: Posiciones base inicializadas: {1: Coordenada(x=6, y=19), 2: Coordenada(x=1, y=16), 3: Coordenada(x=4, y=16), 4: Coordenada(x=8, y=16), 5: Coordenada(x=11, y=16), 6: Coordenada(x=3, y=13), 7: Coordenada(x=6, y=13), 8: Coordenada(x=9, y=13), 9: Coordenada(x=6, y=10), 10: Coordenada(x=5, y=3), 11: Coordenada(x=4, y=10)}
2025-05-15 19:10:27 [INFO] utils: Jugador mas cercano 10
2025-05-15 19:10:27 [INFO] client: Accion enviada. Mensaje: mensaje_id='MARCAR_ADVERSARIO' token='TOKEN-2913f659-71dc-46f5-9585-20e42ba3b50d' datos={'jugador_numero': 10, 'adversario_numero': 4}
2025-05-15 19:10:27 [INFO] client: Tienes la pelota!
2025-05-15 19:10:27 [INFO] client: Accion enviada. Mensaje: mensaje_id='PATEAR' token='TOKEN-2913f659-71dc-46f5-9585-20e42ba3b50d' datos={'x': 6, 'y': 0}
2025-05-15 19:10:27 [INFO] client: Reaccionar
2025-05-15 19:10:27 [INFO] utils: Posiciones base inicializadas: {1: Coordenada(x=6, y=19), 2: Coordenada(x=1, y=16), 3: Coordenada(x=4, y=16), 4: Coordenada(x=8, y=16), 5: Coordenada(x=11, y=16), 6: Coordenada(x=3, y=13), 7: Coordenada(x=6, y=13), 8: Coordenada(x=9, y=13), 9: Coordenada(x=6, y=10), 10: Coordenada(x=5, y=3), 11: Coordenada(x=4, y=10)}
2025-05-15 19:10:27 [INFO] utils: Jugador mas cercano 10
2025-05-15 19:10:27 [INFO] client: Accion enviada. Mensaje: mensaje_id='MARCAR_ADVERSARIO' token='TOKEN-2913f659-71dc-46f5-9585-20e42ba3b50d' datos={'jugador_numero': 10, 'adversario_numero': 4}
2025-05-15 19:10:27 [INFO] client: Reaccionar
2025-05-15 19:10:27 [INFO] utils: Posiciones base inicializadas: {1: Coordenada(x=6, y=19), 2: Coordenada(x=1, y=16), 3: Coordenada(x=4, y=16), 4: Coordenada(x=8, y=16), 5: Coordenada(x=11, y=16), 6: Coordenada(x=3, y=13), 7: Coordenada(x=6, y=13), 8: Coordenada(x=9, y=13), 9: Coordenada(x=6, y=10), 10: Coordenada(x=5, y=3), 11: Coordenada(x=4, y=10)}
2025-05-15 19:10:27 [INFO] utils: Pelota en el aire.
2025-05-15 19:10:28 [INFO] utils: Jugador mas cercano 10
2025-05-15 19:10:28 [INFO] client: Accion enviada. Mensaje: mensaje_id='CORRER' token='TOKEN-2913f659-71dc-46f5-9585-20e42ba3b50d' datos={'movimientos': [{'jugador_numero': 10, 'x': 5, 'y': 3}]}
2025-05-15 19:10:28 [INFO] client: Tienes la pelota!
2025-05-15 19:10:28 [INFO] client: Accion enviada. Mensaje: mensaje_id='PATEAR' token='TOKEN-2913f659-71dc-46f5-9585-20e42ba3b50d' datos={'x': 6, 'y': 0}
2025-05-15 19:10:28 [INFO] client: Reaccionar
2025-05-15 19:10:28 [INFO] utils: Posiciones base inicializadas: {1: Coordenada(x=6, y=19), 2: Coordenada(x=1, y=16), 3: Coordenada(x=4, y=16), 4: Coordenada(x=8, y=16), 5: Coordenada(x=11, y=16), 6: Coordenada(x=3, y=13), 7: Coordenada(x=6, y=13), 8: Coordenada(x=9, y=13), 9: Coordenada(x=6, y=10), 10: Coordenada(x=5, y=3), 11: Coordenada(x=4, y=10)}
2025-05-15 19:10:28 [INFO] utils: Jugador mas cercano 10
2025-05-15 19:10:28 [INFO] client: Accion enviada. Mensaje: mensaje_id='MARCAR_ADVERSARIO' token='TOKEN-2913f659-71dc-46f5-9585-20e42ba3b50d' datos={'jugador_numero': 10, 'adversario_numero': 4}
2025-05-15 19:10:28 [ERROR] mensajes: msg_id no interpretado. Data: {'mensaje_id': 'OCUPADO', 'datos': {'descripcion': 'El Servidor está ocupado en este momento. Intente más tarde.'}}
2025-05-15 19:10:28 [WARNING] client: Otro mensaje recibido.
Mensaje Enviado: mensaje_id='MARCAR_ADVERSARIO' token='TOKEN-2913f659-71dc-46f5-9585-20e42ba3b50d' datos={'jugador_numero': 10, 'adversario_numero': 4}

Mensaje recibido: None
2025-05-15 19:10:28 [INFO] client: Reaccionar
2025-05-15 19:10:28 [INFO] utils: Posiciones base inicializadas: {1: Coordenada(x=6, y=19), 2: Coordenada(x=1, y=16), 3: Coordenada(x=4, y=16), 4: Coordenada(x=8, y=16), 5: Coordenada(x=11, y=16), 6: Coordenada(x=3, y=13), 7: Coordenada(x=6, y=13), 8: Coordenada(x=9, y=13), 9: Coordenada(x=6, y=10), 10: Coordenada(x=5, y=3), 11: Coordenada(x=4, y=10)}
2025-05-15 19:10:28 [INFO] utils: Jugador mas cercano 10
2025-05-15 19:10:28 [INFO] client: Accion enviada. Mensaje: mensaje_id='MARCAR_ADVERSARIO' token='TOKEN-2913f659-71dc-46f5-9585-20e42ba3b50d' datos={'jugador_numero': 10, 'adversario_numero': 4}
2025-05-15 19:10:28 [ERROR] client: Mensaje de error del servidor. Mensaje enviado: mensaje_id='MARCAR_ADVERSARIO' token='TOKEN-2913f659-71dc-46f5-9585-20e42ba3b50d' datos={'jugador_numero': 10, 'adversario_numero': 4}, Mensaje recibido: mensaje_id='ERROR' datos={'descripcion': 'PATEAR no se puede ejecturar por no poseer la pelota.'}
2025-05-15 19:10:28 [INFO] client: Reaccionar
2025-05-15 19:10:28 [INFO] utils: Posiciones base inicializadas: {1: Coordenada(x=6, y=19), 2: Coordenada(x=1, y=16), 3: Coordenada(x=4, y=16), 4: Coordenada(x=8, y=16), 5: Coordenada(x=11, y=16), 6: Coordenada(x=3, y=13), 7: Coordenada(x=6, y=13), 8: Coordenada(x=9, y=13), 9: Coordenada(x=6, y=10), 10: Coordenada(x=5, y=3), 11: Coordenada(x=4, y=10)}
2025-05-15 19:10:28 [INFO] utils: Jugador mas cercano 10
2025-05-15 19:10:28 [INFO] client: Accion enviada. Mensaje: mensaje_id='MARCAR_ADVERSARIO' token='TOKEN-2913f659-71dc-46f5-9585-20e42ba3b50d' datos={'jugador_numero': 10, 'adversario_numero': 4}
2025-05-15 19:10:28 [INFO] client: Reaccionar
2025-05-15 19:10:28 [INFO] utils: Posiciones base inicializadas: {1: Coordenada(x=6, y=19), 2: Coordenada(x=1, y=16), 3: Coordenada(x=4, y=16), 4: Coordenada(x=8, y=16), 5: Coordenada(x=11, y=16), 6: Coordenada(x=3, y=13), 7: Coordenada(x=6, y=13), 8: Coordenada(x=9, y=13), 9: Coordenada(x=6, y=10), 10: Coordenada(x=5, y=3), 11: Coordenada(x=4, y=10)}
2025-05-15 19:10:28 [INFO] utils: Jugador mas cercano 10
2025-05-15 19:10:28 [INFO] client: Accion enviada. Mensaje: mensaje_id='MARCAR_ADVERSARIO' token='TOKEN-2913f659-71dc-46f5-9585-20e42ba3b50d' datos={'jugador_numero': 10, 'adversario_numero': 4}
2025-05-15 19:10:28 [INFO] client: Reaccionar
2025-05-15 19:10:28 [INFO] utils: Posiciones base inicializadas: {1: Coordenada(x=6, y=19), 2: Coordenada(x=1, y=16), 3: Coordenada(x=4, y=16), 4: Coordenada(x=8, y=16), 5: Coordenada(x=11, y=16), 6: Coordenada(x=3, y=13), 7: Coordenada(x=6, y=13), 8: Coordenada(x=9, y=13), 9: Coordenada(x=6, y=10), 10: Coordenada(x=5, y=3), 11: Coordenada(x=4, y=10)}
2025-05-15 19:10:28 [INFO] utils: Jugador mas cercano 10
2025-05-15 19:10:28 [INFO] client: Accion enviada. Mensaje: mensaje_id='CORRER' token='TOKEN-2913f659-71dc-46f5-9585-20e42ba3b50d' datos={'movimientos': [{'jugador_numero': 10, 'x': 3, 'y': 3}]}
2025-05-15 19:10:29 [ERROR] mensajes: msg_id no interpretado. Data: {'mensaje_id': 'OCUPADO', 'datos': {'descripcion': 'El Servidor está ocupado en este momento. Intente más tarde.'}}
2025-05-15 19:10:29 [WARNING] client: Otro mensaje recibido.
Mensaje Enviado: mensaje_id='CORRER' token='TOKEN-2913f659-71dc-46f5-9585-20e42ba3b50d' datos={'movimientos': [{'jugador_numero': 10, 'x': 3, 'y': 3}]}

Mensaje recibido: None
2025-05-15 19:10:29 [INFO] client: Reaccionar
2025-05-15 19:10:29 [INFO] utils: Posiciones base inicializadas: {1: Coordenada(x=6, y=19), 2: Coordenada(x=1, y=16), 3: Coordenada(x=4, y=16), 4: Coordenada(x=8, y=16), 5: Coordenada(x=11, y=16), 6: Coordenada(x=3, y=13), 7: Coordenada(x=6, y=13), 8: Coordenada(x=9, y=13), 9: Coordenada(x=6, y=10), 10: Coordenada(x=5, y=3), 11: Coordenada(x=4, y=10)}
2025-05-15 19:10:29 [INFO] utils: Jugador mas cercano 10
2025-05-15 19:10:29 [INFO] client: Accion enviada. Mensaje: mensaje_id='MARCAR_ADVERSARIO' token='TOKEN-2913f659-71dc-46f5-9585-20e42ba3b50d' datos={'jugador_numero': 10, 'adversario_numero': 4}
2025-05-15 19:10:29 [INFO] client: Reaccionar
2025-05-15 19:10:29 [INFO] utils: Posiciones base inicializadas: {1: Coordenada(x=6, y=19), 2: Coordenada(x=1, y=16), 3: Coordenada(x=4, y=16), 4: Coordenada(x=8, y=16), 5: Coordenada(x=11, y=16), 6: Coordenada(x=3, y=13), 7: Coordenada(x=6, y=13), 8: Coordenada(x=9, y=13), 9: Coordenada(x=6, y=10), 10: Coordenada(x=5, y=3), 11: Coordenada(x=4, y=10)}
2025-05-15 19:10:29 [INFO] utils: Jugador mas cercano 10
2025-05-15 19:10:29 [INFO] client: Accion enviada. Mensaje: mensaje_id='CORRER' token='TOKEN-2913f659-71dc-46f5-9585-20e42ba3b50d' datos={'movimientos': [{'jugador_numero': 10, 'x': 3, 'y': 3}]}
2025-05-15 19:10:30 [INFO] client: Tienes la pelota!
2025-05-15 19:10:30 [INFO] client: Accion enviada. Mensaje: mensaje_id='PATEAR' token='TOKEN-2913f659-71dc-46f5-9585-20e42ba3b50d' datos={'x': 6, 'y': 0}
2025-05-15 19:10:30 [INFO] client: Tienes la pelota!
2025-05-15 19:10:30 [INFO] client: Accion enviada. Mensaje: mensaje_id='PATEAR' token='TOKEN-2913f659-71dc-46f5-9585-20e42ba3b50d' datos={'x': 6, 'y': 0}
2025-05-15 19:10:30 [ERROR] mensajes: msg_id no interpretado. Data: {'mensaje_id': 'OCUPADO', 'datos': {'descripcion': 'El Servidor está ocupado en este momento. Intente más tarde.'}}
2025-05-15 19:10:30 [WARNING] client: Otro mensaje recibido.
Mensaje Enviado: mensaje_id='PATEAR' token='TOKEN-2913f659-71dc-46f5-9585-20e42ba3b50d' datos={'x': 6, 'y': 0}

Mensaje recibido: None
2025-05-15 19:10:31 [INFO] client: Reaccionar
2025-05-15 19:10:31 [INFO] utils: Posiciones base inicializadas: {1: Coordenada(x=6, y=19), 2: Coordenada(x=1, y=16), 3: Coordenada(x=4, y=16), 4: Coordenada(x=8, y=16), 5: Coordenada(x=11, y=16), 6: Coordenada(x=3, y=13), 7: Coordenada(x=6, y=13), 8: Coordenada(x=9, y=13), 9: Coordenada(x=6, y=10), 10: Coordenada(x=5, y=3), 11: Coordenada(x=4, y=10)}
2025-05-15 19:10:31 [INFO] utils: Jugador mas cercano 10
2025-05-15 19:10:31 [INFO] client: Accion enviada. Mensaje: mensaje_id='MARCAR_ADVERSARIO' token='TOKEN-2913f659-71dc-46f5-9585-20e42ba3b50d' datos={'jugador_numero': 10, 'adversario_numero': 4}
2025-05-15 19:10:31 [INFO] client: Tienes la pelota!
2025-05-15 19:10:31 [INFO] client: Accion enviada. Mensaje: mensaje_id='PATEAR' token='TOKEN-2913f659-71dc-46f5-9585-20e42ba3b50d' datos={'x': 6, 'y': 0}
2025-05-15 19:10:31 [INFO] client: Tienes la pelota!
2025-05-15 19:10:31 [INFO] client: Accion enviada. Mensaje: mensaje_id='PATEAR' token='TOKEN-2913f659-71dc-46f5-9585-20e42ba3b50d' datos={'x': 6, 'y': 0}
2025-05-15 19:10:31 [ERROR] mensajes: msg_id no interpretado. Data: {'mensaje_id': 'OCUPADO', 'datos': {'descripcion': 'El Servidor está ocupado en este momento. Intente más tarde.'}}
2025-05-15 19:10:31 [WARNING] client: Otro mensaje recibido.
Mensaje Enviado: mensaje_id='PATEAR' token='TOKEN-2913f659-71dc-46f5-9585-20e42ba3b50d' datos={'x': 6, 'y': 0}

Mensaje recibido: None
2025-05-15 19:10:32 [INFO] client: Reaccionar
2025-05-15 19:10:32 [INFO] utils: Posiciones base inicializadas: {1: Coordenada(x=6, y=19), 2: Coordenada(x=1, y=16), 3: Coordenada(x=4, y=16), 4: Coordenada(x=8, y=16), 5: Coordenada(x=11, y=16), 6: Coordenada(x=3, y=13), 7: Coordenada(x=6, y=13), 8: Coordenada(x=9, y=13), 9: Coordenada(x=6, y=10), 10: Coordenada(x=5, y=3), 11: Coordenada(x=4, y=10)}
2025-05-15 19:10:32 [INFO] utils: Jugador mas cercano 10
2025-05-15 19:10:32 [INFO] client: Accion enviada. Mensaje: mensaje_id='MARCAR_ADVERSARIO' token='TOKEN-2913f659-71dc-46f5-9585-20e42ba3b50d' datos={'jugador_numero': 10, 'adversario_numero': 4}
2025-05-15 19:10:32 [ERROR] client: Mensaje de error del servidor. Mensaje enviado: mensaje_id='MARCAR_ADVERSARIO' token='TOKEN-2913f659-71dc-46f5-9585-20e42ba3b50d' datos={'jugador_numero': 10, 'adversario_numero': 4}, Mensaje recibido: mensaje_id='ERROR' datos={'descripcion': 'PATEAR no se puede ejecturar por no poseer la pelota.'}
2025-05-15 19:10:32 [INFO] client: Reaccionar
2025-05-15 19:10:32 [INFO] utils: Posiciones base inicializadas: {1: Coordenada(x=6, y=19), 2: Coordenada(x=1, y=16), 3: Coordenada(x=4, y=16), 4: Coordenada(x=8, y=16), 5: Coordenada(x=11, y=16), 6: Coordenada(x=3, y=13), 7: Coordenada(x=6, y=13), 8: Coordenada(x=9, y=13), 9: Coordenada(x=6, y=10), 10: Coordenada(x=5, y=3), 11: Coordenada(x=4, y=10)}
2025-05-15 19:10:32 [INFO] utils: Pelota en el aire.
2025-05-15 19:10:32 [INFO] utils: Jugador mas cercano 10
2025-05-15 19:10:32 [INFO] client: Accion enviada. Mensaje: mensaje_id='CORRER' token='TOKEN-2913f659-71dc-46f5-9585-20e42ba3b50d' datos={'movimientos': [{'jugador_numero': 10, 'x': 5, 'y': 3}]}
2025-05-15 19:10:32 [INFO] client: Reaccionar
2025-05-15 19:10:32 [INFO] utils: Posiciones base inicializadas: {1: Coordenada(x=6, y=19), 2: Coordenada(x=1, y=16), 3: Coordenada(x=4, y=16), 4: Coordenada(x=8, y=16), 5: Coordenada(x=11, y=16), 6: Coordenada(x=3, y=13), 7: Coordenada(x=6, y=13), 8: Coordenada(x=9, y=13), 9: Coordenada(x=6, y=10), 10: Coordenada(x=5, y=3), 11: Coordenada(x=4, y=10)}
2025-05-15 19:10:32 [INFO] utils: Jugador mas cercano 10
2025-05-15 19:10:32 [INFO] client: Accion enviada. Mensaje: mensaje_id='CORRER' token='TOKEN-2913f659-71dc-46f5-9585-20e42ba3b50d' datos={'movimientos': [{'jugador_numero': 10, 'x': 3, 'y': 4}]}
2025-05-15 19:10:32 [INFO] client: Reaccionar
2025-05-15 19:10:32 [INFO] utils: Posiciones base inicializadas: {1: Coordenada(x=6, y=19), 2: Coordenada(x=1, y=16), 3: Coordenada(x=4, y=16), 4: Coordenada(x=8, y=16), 5: Coordenada(x=11, y=16), 6: Coordenada(x=3, y=13), 7: Coordenada(x=6, y=13), 8: Coordenada(x=9, y=13), 9: Coordenada(x=6, y=10), 10: Coordenada(x=5, y=3), 11: Coordenada(x=4, y=10)}
2025-05-15 19:10:32 [INFO] utils: Jugador mas cercano 10
2025-05-15 19:10:32 [INFO] client: Accion enviada. Mensaje: mensaje_id='CORRER' token='TOKEN-2913f659-71dc-46f5-9585-20e42ba3b50d' datos={'movimientos': [{'jugador_numero': 10, 'x': 3, 'y': 4}]}
2025-05-15 19:10:32 [ERROR] mensajes: msg_id no interpretado. Data: {'mensaje_id': 'OCUPADO', 'datos': {'descripcion': 'El Servidor está ocupado en este momento. Intente más tarde.'}}
2025-05-15 19:10:32 [WARNING] client: Otro mensaje recibido.
Mensaje Enviado: mensaje_id='CORRER' token='TOKEN-2913f659-71dc-46f5-9585-20e42ba3b50d' datos={'movimientos': [{'jugador_numero': 10, 'x': 3, 'y': 4}]}

Mensaje recibido: None
2025-05-15 19:10:33 [INFO] client: Reaccionar
2025-05-15 19:10:33 [INFO] utils: Posiciones base inicializadas: {1: Coordenada(x=6, y=19), 2: Coordenada(x=1, y=16), 3: Coordenada(x=4, y=16), 4: Coordenada(x=8, y=16), 5: Coordenada(x=11, y=16), 6: Coordenada(x=3, y=13), 7: Coordenada(x=6, y=13), 8: Coordenada(x=9, y=13), 9: Coordenada(x=6, y=10), 10: Coordenada(x=5, y=3), 11: Coordenada(x=4, y=10)}
2025-05-15 19:10:33 [INFO] utils: Jugador mas cercano 10
2025-05-15 19:10:33 [INFO] client: Accion enviada. Mensaje: mensaje_id='CORRER' token='TOKEN-2913f659-71dc-46f5-9585-20e42ba3b50d' datos={'movimientos': [{'jugador_numero': 10, 'x': 3, 'y': 4}]}
2025-05-15 19:10:33 [INFO] client: Reaccionar
2025-05-15 19:10:33 [INFO] utils: Posiciones base inicializadas: {1: Coordenada(x=6, y=19), 2: Coordenada(x=1, y=16), 3: Coordenada(x=4, y=16), 4: Coordenada(x=8, y=16), 5: Coordenada(x=11, y=16), 6: Coordenada(x=3, y=13), 7: Coordenada(x=6, y=13), 8: Coordenada(x=9, y=13), 9: Coordenada(x=6, y=10), 10: Coordenada(x=5, y=3), 11: Coordenada(x=4, y=10)}
2025-05-15 19:10:33 [INFO] utils: Jugador mas cercano 10
2025-05-15 19:10:33 [INFO] client: Accion enviada. Mensaje: mensaje_id='CORRER' token='TOKEN-2913f659-71dc-46f5-9585-20e42ba3b50d' datos={'movimientos': [{'jugador_numero': 10, 'x': 3, 'y': 4}]}
2025-05-15 19:10:33 [INFO] client: Reaccionar
2025-05-15 19:10:33 [INFO] utils: Posiciones base inicializadas: {1: Coordenada(x=6, y=19), 2: Coordenada(x=1, y=16), 3: Coordenada(x=4, y=16), 4: Coordenada(x=8, y=16), 5: Coordenada(x=11, y=16), 6: Coordenada(x=3, y=13), 7: Coordenada(x=6, y=13), 8: Coordenada(x=9, y=13), 9: Coordenada(x=6, y=10), 10: Coordenada(x=5, y=3), 11: Coordenada(x=4, y=10)}
2025-05-15 19:10:33 [INFO] utils: Jugador mas cercano 10
2025-05-15 19:10:33 [INFO] client: Accion enviada. Mensaje: mensaje_id='CORRER' token='TOKEN-2913f659-71dc-46f5-9585-20e42ba3b50d' datos={'movimientos': [{'jugador_numero': 10, 'x': 3, 'y': 4}]}
2025-05-15 19:10:33 [ERROR] mensajes: msg_id no interpretado. Data: {'mensaje_id': 'OCUPADO', 'datos': {'descripcion': 'El Servidor está ocupado en este momento. Intente más tarde.'}}
2025-05-15 19:10:33 [WARNING] client: Otro mensaje recibido.
Mensaje Enviado: mensaje_id='CORRER' token='TOKEN-2913f659-71dc-46f5-9585-20e42ba3b50d' datos={'movimientos': [{'jugador_numero': 10, 'x': 3, 'y': 4}]}

Mensaje recibido: None
2025-05-15 19:10:34 [INFO] client: Tienes la pelota!
2025-05-15 19:10:34 [INFO] client: Accion enviada. Mensaje: mensaje_id='PATEAR' token='TOKEN-2913f659-71dc-46f5-9585-20e42ba3b50d' datos={'x': 6, 'y': 0}
2025-05-15 19:10:34 [INFO] client: Tienes la pelota!
2025-05-15 19:10:34 [INFO] client: Accion enviada. Mensaje: mensaje_id='PATEAR' token='TOKEN-2913f659-71dc-46f5-9585-20e42ba3b50d' datos={'x': 6, 'y': 0}
2025-05-15 19:10:34 [INFO] client: Reaccionar
2025-05-15 19:10:34 [INFO] utils: Posiciones base inicializadas: {1: Coordenada(x=6, y=19), 2: Coordenada(x=1, y=16), 3: Coordenada(x=4, y=16), 4: Coordenada(x=8, y=16), 5: Coordenada(x=11, y=16), 6: Coordenada(x=3, y=13), 7: Coordenada(x=6, y=13), 8: Coordenada(x=9, y=13), 9: Coordenada(x=6, y=10), 10: Coordenada(x=3, y=4), 11: Coordenada(x=4, y=10)}
2025-05-15 19:10:34 [INFO] utils: Jugador mas cercano 10
2025-05-15 19:10:34 [INFO] client: Accion enviada. Mensaje: mensaje_id='MARCAR_ADVERSARIO' token='TOKEN-2913f659-71dc-46f5-9585-20e42ba3b50d' datos={'jugador_numero': 10, 'adversario_numero': 5}
2025-05-15 19:10:34 [INFO] client: Tienes la pelota!
2025-05-15 19:10:34 [INFO] client: Accion enviada. Mensaje: mensaje_id='PATEAR' token='TOKEN-2913f659-71dc-46f5-9585-20e42ba3b50d' datos={'x': 6, 'y': 0}
2025-05-15 19:10:34 [ERROR] mensajes: msg_id no interpretado. Data: {'mensaje_id': 'OCUPADO', 'datos': {'descripcion': 'El Servidor está ocupado en este momento. Intente más tarde.'}}
2025-05-15 19:10:34 [WARNING] client: Otro mensaje recibido.
Mensaje Enviado: mensaje_id='PATEAR' token='TOKEN-2913f659-71dc-46f5-9585-20e42ba3b50d' datos={'x': 6, 'y': 0}

Mensaje recibido: None
2025-05-15 19:10:35 [INFO] client: Reaccionar
2025-05-15 19:10:35 [INFO] utils: Posiciones base inicializadas: {1: Coordenada(x=6, y=19), 2: Coordenada(x=1, y=16), 3: Coordenada(x=4, y=16), 4: Coordenada(x=8, y=16), 5: Coordenada(x=11, y=16), 6: Coordenada(x=3, y=13), 7: Coordenada(x=6, y=13), 8: Coordenada(x=9, y=13), 9: Coordenada(x=6, y=10), 10: Coordenada(x=3, y=4), 11: Coordenada(x=4, y=10)}
2025-05-15 19:10:35 [INFO] utils: Jugador mas cercano 10
2025-05-15 19:10:35 [INFO] client: Accion enviada. Mensaje: mensaje_id='CORRER' token='TOKEN-2913f659-71dc-46f5-9585-20e42ba3b50d' datos={'movimientos': [{'jugador_numero': 10, 'x': 5, 'y': 1}]}
2025-05-15 19:10:35 [INFO] client: Reaccionar
2025-05-15 19:10:35 [INFO] utils: Posiciones base inicializadas: {1: Coordenada(x=6, y=19), 2: Coordenada(x=1, y=16), 3: Coordenada(x=4, y=16), 4: Coordenada(x=8, y=16), 5: Coordenada(x=11, y=16), 6: Coordenada(x=3, y=13), 7: Coordenada(x=6, y=13), 8: Coordenada(x=9, y=13), 9: Coordenada(x=6, y=10), 10: Coordenada(x=3, y=4), 11: Coordenada(x=4, y=10)}
2025-05-15 19:10:35 [INFO] utils: Jugador mas cercano 10
2025-05-15 19:10:35 [INFO] client: Accion enviada. Mensaje: mensaje_id='CORRER' token='TOKEN-2913f659-71dc-46f5-9585-20e42ba3b50d' datos={'movimientos': [{'jugador_numero': 10, 'x': 5, 'y': 1}]}
2025-05-15 19:10:35 [ERROR] client: Mensaje de error del servidor. Mensaje enviado: mensaje_id='CORRER' token='TOKEN-2913f659-71dc-46f5-9585-20e42ba3b50d' datos={'movimientos': [{'jugador_numero': 10, 'x': 5, 'y': 1}]}, Mensaje recibido: mensaje_id='ERROR' datos={'descripcion': 'PATEAR no se puede ejecturar por no poseer la pelota.'}
2025-05-15 19:10:35 [INFO] client: Reaccionar
2025-05-15 19:10:35 [INFO] utils: Posiciones base inicializadas: {1: Coordenada(x=6, y=19), 2: Coordenada(x=1, y=16), 3: Coordenada(x=4, y=16), 4: Coordenada(x=8, y=16), 5: Coordenada(x=11, y=16), 6: Coordenada(x=3, y=13), 7: Coordenada(x=6, y=13), 8: Coordenada(x=9, y=13), 9: Coordenada(x=6, y=10), 10: Coordenada(x=3, y=4), 11: Coordenada(x=4, y=10)}
2025-05-15 19:10:35 [INFO] utils: Jugador mas cercano 10
2025-05-15 19:10:35 [INFO] client: Accion enviada. Mensaje: mensaje_id='CORRER' token='TOKEN-2913f659-71dc-46f5-9585-20e42ba3b50d' datos={'movimientos': [{'jugador_numero': 10, 'x': 5, 'y': 1}]}
2025-05-15 19:10:35 [ERROR] mensajes: msg_id no interpretado. Data: {'mensaje_id': 'OCUPADO', 'datos': {'descripcion': 'El Servidor está ocupado en este momento. Intente más tarde.'}}
2025-05-15 19:10:35 [WARNING] client: Otro mensaje recibido.
Mensaje Enviado: mensaje_id='CORRER' token='TOKEN-2913f659-71dc-46f5-9585-20e42ba3b50d' datos={'movimientos': [{'jugador_numero': 10, 'x': 5, 'y': 1}]}

Mensaje recibido: None
2025-05-15 19:10:36 [INFO] client: Tienes la pelota!
2025-05-15 19:10:36 [INFO] client: Accion enviada. Mensaje: mensaje_id='PATEAR' token='TOKEN-2913f659-71dc-46f5-9585-20e42ba3b50d' datos={'x': 6, 'y': 0}
2025-05-15 19:10:36 [INFO] client: Tienes la pelota!
2025-05-15 19:10:36 [INFO] client: Accion enviada. Mensaje: mensaje_id='PATEAR' token='TOKEN-2913f659-71dc-46f5-9585-20e42ba3b50d' datos={'x': 6, 'y': 0}
2025-05-15 19:10:36 [INFO] client: Tienes la pelota!
2025-05-15 19:10:36 [INFO] client: Accion enviada. Mensaje: mensaje_id='PATEAR' token='TOKEN-2913f659-71dc-46f5-9585-20e42ba3b50d' datos={'x': 6, 'y': 0}
2025-05-15 19:10:36 [INFO] client: Tienes la pelota!
2025-05-15 19:10:36 [INFO] client: Accion enviada. Mensaje: mensaje_id='PATEAR' token='TOKEN-2913f659-71dc-46f5-9585-20e42ba3b50d' datos={'x': 6, 'y': 0}
2025-05-15 19:10:36 [ERROR] mensajes: msg_id no interpretado. Data: {'mensaje_id': 'OCUPADO', 'datos': {'descripcion': 'El Servidor está ocupado en este momento. Intente más tarde.'}}
2025-05-15 19:10:36 [WARNING] client: Otro mensaje recibido.
Mensaje Enviado: mensaje_id='PATEAR' token='TOKEN-2913f659-71dc-46f5-9585-20e42ba3b50d' datos={'x': 6, 'y': 0}

Mensaje recibido: None
2025-05-15 19:10:41 [ERROR] mensajes: msg_id no interpretado. Data: {'mensaje_id': 'GOL', 'destinatario': 'TOKEN-2913f659-71dc-46f5-9585-20e42ba3b50d', 'datos': [{'id': 'equipo:TOKEN-2913f659-71dc-46f5-9585-20e42ba3b50d', 'nombre': 'LANUS', 'formacion': '4-3-3', 'rol': 2, 'goles': 1, 'arco': [{'x': 5, 'y': 19}, {'x': 6, 'y': 19}, {'x': 7, 'y': 19}]}, {'tipo': 'cancha', 'id': 'cancha', 'equipo1': {'id': 'equipo:TOKEN-581c91bb-e060-4aaa-89eb-56f8d59e7482', 'nombre': 'BARCA', 'formacion': '5-3-2', 'rol': 1, 'goles': 0, 'arco': [{'x': 5, 'y': 0}, {'x': 6, 'y': 0}, {'x': 7, 'y': 0}]}, 'equipo2': {'id': 'equipo:TOKEN-2913f659-71dc-46f5-9585-20e42ba3b50d', 'nombre': 'LANUS', 'formacion': '4-3-3', 'rol': 2, 'goles': 1, 'arco': [{'x': 5, 'y': 19}, {'x': 6, 'y': 19}, {'x': 7, 'y': 19}]}, 'sectores': [{'id': 18, 'x': 5, 'y': 1, 'ocupantes': [{'numero': 1, 'nombre': 'Valdez', 'equipo_id': 'equipo:TOKEN-581c91bb-e060-4aaa-89eb-56f8d59e7482', 'sector_id': 18, 'tiene_la_pelota': False}, {'numero': 10, 'nombre': 'Merentiel', 'equipo_id': 'equipo:TOKEN-2913f659-71dc-46f5-9585-20e42ba3b50d', 'es_el_crack': True, 'sector_id': 18, 'tiene_la_pelota': True}]}, {'id': 64, 'x': 12, 'y': 4, 'ocupantes': [{'numero': 2, 'nombre': 'Pique', 'equipo_id': 'equipo:TOKEN-581c91bb-e060-4aaa-89eb-56f8d59e7482', 'sector_id': 64, 'tiene_la_pelota': False}]}, {'id': 60, 'x': 8, 'y': 4, 'ocupantes': [{'numero': 3, 'nombre': 'Puyol', 'equipo_id': 'equipo:TOKEN-581c91bb-e060-4aaa-89eb-56f8d59e7482', 'sector_id': 60, 'tiene_la_pelota': False}]}, {'id': 44, 'x': 5, 'y': 3, 'ocupantes': [{'numero': 4, 'nombre': 'Abidal', 'equipo_id': 'equipo:TOKEN-581c91bb-e060-4aaa-89eb-56f8d59e7482', 'sector_id': 44, 'tiene_la_pelota': False}]}, {'id': 55, 'x': 3, 'y': 4, 'ocupantes': [{'numero': 5, 'nombre': 'Dani Alves', 'equipo_id': 'equipo:TOKEN-581c91bb-e060-4aaa-89eb-56f8d59e7482', 'sector_id': 55, 'tiene_la_pelota': False}]}, {'id': 52, 'x': 0, 'y': 4, 'ocupantes': [{'numero': 6, 'nombre': 'Busquets', 'equipo_id': 'equipo:TOKEN-581c91bb-e060-4aaa-89eb-56f8d59e7482', 'sector_id': 52, 'tiene_la_pelota': False}]}, {'id': 93, 'x': 2, 'y': 7, 'ocupantes': [{'numero': 7, 'nombre': 'Xavi', 'equipo_id': 'equipo:TOKEN-581c91bb-e060-4aaa-89eb-56f8d59e7482', 'sector_id': 93, 'tiene_la_pelota': False}]}, {'id': 101, 'x': 10, 'y': 7, 'ocupantes': [{'numero': 8, 'nombre': 'Iniesta', 'equipo_id': 'equipo:TOKEN-581c91bb-e060-4aaa-89eb-56f8d59e7482', 'sector_id': 101, 'tiene_la_pelota': False}, {'numero': 11, 'nombre': 'Neymar Jr', 'equipo_id': 'equipo:TOKEN-581c91bb-e060-4aaa-89eb-56f8d59e7482', 'tiene_la_pelota': False, 'sector_id': 101}]}, {'id': 84, 'x': 6, 'y': 6, 'ocupantes': [{'numero': 9, 'nombre': 'Suarez', 'equipo_id': 'equipo:TOKEN-581c91bb-e060-4aaa-89eb-56f8d59e7482', 'sector_id': 84, 'tiene_la_pelota': False}]}, {'id': 134, 'x': 4, 'y': 10, 'ocupantes': [{'numero': 10, 'nombre': 'Messi', 'equipo_id': 'equipo:TOKEN-581c91bb-e060-4aaa-89eb-56f8d59e7482', 'es_el_crack': True, 'sector_id': 134, 'tiene_la_pelota': False}, {'numero': 11, 'nombre': 'Cavani', 'equipo_id': 'equipo:TOKEN-2913f659-71dc-46f5-9585-20e42ba3b50d', 'tiene_la_pelota': False, 'sector_id': 134}]}, {'id': 253, 'x': 6, 'y': 19, 'ocupantes': [{'numero': 1, 'nombre': 'Marchesin', 'equipo_id': 'equipo:TOKEN-2913f659-71dc-46f5-9585-20e42ba3b50d', 'sector_id': 253, 'tiene_la_pelota': False}]}, {'id': 209, 'x': 1, 'y': 16, 'ocupantes': [{'numero': 2, 'nombre': 'Rojo', 'equipo_id': 'equipo:TOKEN-2913f659-71dc-46f5-9585-20e42ba3b50d', 'sector_id': 209, 'tiene_la_pelota': False}]}, {'id': 212, 'x': 4, 'y': 16, 'ocupantes': [{'numero': 3, 'nombre': 'Blanco', 'equipo_id': 'equipo:TOKEN-2913f659-71dc-46f5-9585-20e42ba3b50d', 'sector_id': 212, 'tiene_la_pelota': False}]}, {'id': 216, 'x': 8, 'y': 16, 'ocupantes': [{'numero': 4, 'nombre': 'Advíncula', 'equipo_id': 'equipo:TOKEN-2913f659-71dc-46f5-9585-20e42ba3b50d', 'sector_id': 216, 'tiene_la_pelota': False}]}, {'id': 219, 'x': 11, 'y': 16, 'ocupantes': [{'numero': 5, 'nombre': 'Blondel', 'equipo_id': 'equipo:TOKEN-2913f659-71dc-46f5-9585-20e42ba3b50d', 'sector_id': 219, 'tiene_la_pelota': False}]}, {'id': 172, 'x': 3, 'y': 13, 'ocupantes': [{'numero': 6, 'nombre': 'Belmonte', 'equipo_id': 'equipo:TOKEN-2913f659-71dc-46f5-9585-20e42ba3b50d', 'sector_id': 172, 'tiene_la_pelota': False}]}, {'id': 175, 'x': 6, 'y': 13, 'ocupantes': [{'numero': 7, 'nombre': 'Palacios', 'equipo_id': 'equipo:TOKEN-2913f659-71dc-46f5-9585-20e42ba3b50d', 'sector_id': 175, 'tiene_la_pelota': False}]}, {'id': 178, 'x': 9, 'y': 13, 'ocupantes': [{'numero': 8, 'nombre': 'Delgado', 'equipo_id': 'equipo:TOKEN-2913f659-71dc-46f5-9585-20e42ba3b50d', 'sector_id': 178, 'tiene_la_pelota': False}]}, {'id': 136, 'x': 6, 'y': 10, 'ocupantes': [{'numero': 9, 'nombre': 'Zenón', 'equipo_id': 'equipo:TOKEN-2913f659-71dc-46f5-9585-20e42ba3b50d', 'sector_id': 136, 'tiene_la_pelota': False}]}], 'ubicacion_pelota': {'id': 6, 'x': 6, 'y': 0, 'esta_la_pelota': True}, 'time_stamp': '1747347036246'}, {'tipo': 'cancha', 'id': 'cancha_formada', 'equipo1': {'id': 'equipo:TOKEN-581c91bb-e060-4aaa-89eb-56f8d59e7482', 'nombre': 'BARCA', 'formacion': '5-3-2', 'rol': 1, 'goles': 0, 'arco': [{'x': 5, 'y': 0}, {'x': 6, 'y': 0}, {'x': 7, 'y': 0}]}, 'equipo2': {'id': 'equipo:TOKEN-2913f659-71dc-46f5-9585-20e42ba3b50d', 'nombre': 'LANUS', 'formacion': '4-3-3', 'rol': 2, 'goles': 1, 'arco': [{'x': 5, 'y': 19}, {'x': 6, 'y': 19}, {'x': 7, 'y': 19}]}, 'sectores': [{'id': 253, 'x': 6, 'y': 19, 'ocupantes': [{'numero': 1, 'nombre': 'Marchesin', 'equipo_id': 'equipo:TOKEN-2913f659-71dc-46f5-9585-20e42ba3b50d', 'sector_id': 253, 'tiene_la_pelota': False}]}, {'id': 209, 'x': 1, 'y': 16, 'ocupantes': [{'numero': 2, 'nombre': 'Rojo', 'equipo_id': 'equipo:TOKEN-2913f659-71dc-46f5-9585-20e42ba3b50d', 'sector_id': 209, 'tiene_la_pelota': False}]}, {'id': 212, 'x': 4, 'y': 16, 'ocupantes': [{'numero': 3, 'nombre': 'Blanco', 'equipo_id': 'equipo:TOKEN-2913f659-71dc-46f5-9585-20e42ba3b50d', 'sector_id': 212, 'tiene_la_pelota': False}]}, {'id': 216, 'x': 8, 'y': 16, 'ocupantes': [{'numero': 4, 'nombre': 'Advíncula', 'equipo_id': 'equipo:TOKEN-2913f659-71dc-46f5-9585-20e42ba3b50d', 'sector_id': 216, 'tiene_la_pelota': False}]}, {'id': 219, 'x': 11, 'y': 16, 'ocupantes': [{'numero': 5, 'nombre': 'Blondel', 'equipo_id': 'equipo:TOKEN-2913f659-71dc-46f5-9585-20e42ba3b50d', 'sector_id': 219, 'tiene_la_pelota': False}]}, {'id': 172, 'x': 3, 'y': 13, 'ocupantes': [{'numero': 6, 'nombre': 'Belmonte', 'equipo_id': 'equipo:TOKEN-2913f659-71dc-46f5-9585-20e42ba3b50d', 'sector_id': 172, 'tiene_la_pelota': False}]}, {'id': 175, 'x': 6, 'y': 13, 'ocupantes': [{'numero': 7, 'nombre': 'Palacios', 'equipo_id': 'equipo:TOKEN-2913f659-71dc-46f5-9585-20e42ba3b50d', 'sector_id': 175, 'tiene_la_pelota': False}]}, {'id': 178, 'x': 9, 'y': 13, 'ocupantes': [{'numero': 8, 'nombre': 'Delgado', 'equipo_id': 'equipo:TOKEN-2913f659-71dc-46f5-9585-20e42ba3b50d', 'sector_id': 178, 'tiene_la_pelota': False}]}, {'id': 136, 'x': 6, 'y': 10, 'ocupantes': [{'numero': 9, 'nombre': 'Zenón', 'equipo_id': 'equipo:TOKEN-2913f659-71dc-46f5-9585-20e42ba3b50d', 'sector_id': 136, 'tiene_la_pelota': False}]}, {'id': 138, 'x': 8, 'y': 10, 'ocupantes': [{'numero': 10, 'nombre': 'Merentiel', 'equipo_id': 'equipo:TOKEN-2913f659-71dc-46f5-9585-20e42ba3b50d', 'es_el_crack': True, 'sector_id': 138, 'tiene_la_pelota': False}]}, {'id': 134, 'x': 4, 'y': 10, 'ocupantes': [{'numero': 11, 'nombre': 'Cavani', 'equipo_id': 'equipo:TOKEN-2913f659-71dc-46f5-9585-20e42ba3b50d', 'tiene_la_pelota': False, 'sector_id': 134}]}, {'id': 6, 'x': 6, 'y': 0, 'ocupantes': [{'numero': 1, 'nombre': 'Valdez', 'equipo_id': 'equipo:TOKEN-581c91bb-e060-4aaa-89eb-56f8d59e7482', 'sector_id': 6}]}, {'id': 64, 'x': 12, 'y': 4, 'ocupantes': [{'numero': 2, 'nombre': 'Pique', 'equipo_id': 'equipo:TOKEN-581c91bb-e060-4aaa-89eb-56f8d59e7482', 'sector_id': 64}]}, {'id': 48, 'x': 9, 'y': 3, 'ocupantes': [{'numero': 3, 'nombre': 'Puyol', 'equipo_id': 'equipo:TOKEN-581c91bb-e060-4aaa-89eb-56f8d59e7482', 'sector_id': 48}]}, {'id': 45, 'x': 6, 'y': 3, 'ocupantes': [{'numero': 4, 'nombre': 'Abidal', 'equipo_id': 'equipo:TOKEN-581c91bb-e060-4aaa-89eb-56f8d59e7482', 'sector_id': 45}]}, {'id': 42, 'x': 3, 'y': 3, 'ocupantes': [{'numero': 5, 'nombre': 'Dani Alves', 'equipo_id': 'equipo:TOKEN-581c91bb-e060-4aaa-89eb-56f8d59e7482', 'sector_id': 42}]}, {'id': 52, 'x': 0, 'y': 4, 'ocupantes': [{'numero': 6, 'nombre': 'Busquets', 'equipo_id': 'equipo:TOKEN-581c91bb-e060-4aaa-89eb-56f8d59e7482', 'sector_id': 52}]}, {'id': 93, 'x': 2, 'y': 7, 'ocupantes': [{'numero': 7, 'nombre': 'Xavi', 'equipo_id': 'equipo:TOKEN-581c91bb-e060-4aaa-89eb-56f8d59e7482', 'sector_id': 93}]}, {'id': 101, 'x': 10, 'y': 7, 'ocupantes': [{'numero': 8, 'nombre': 'Iniesta', 'equipo_id': 'equipo:TOKEN-581c91bb-e060-4aaa-89eb-56f8d59e7482', 'sector_id': 101}]}, {'id': 84, 'x': 6, 'y': 6, 'ocupantes': [{'numero': 9, 'nombre': 'Suarez', 'equipo_id': 'equipo:TOKEN-581c91bb-e060-4aaa-89eb-56f8d59e7482', 'sector_id': 84}]}, {'id': 121, 'x': 4, 'y': 9, 'ocupantes': [{'numero': 10, 'nombre': 'Messi', 'equipo_id': 'equipo:TOKEN-581c91bb-e060-4aaa-89eb-56f8d59e7482', 'es_el_crack': True, 'sector_id': 121}]}, {'id': 125, 'x': 8, 'y': 9, 'ocupantes': [{'numero': 11, 'nombre': 'Neymar Jr', 'equipo_id': 'equipo:TOKEN-581c91bb-e060-4aaa-89eb-56f8d59e7482', 'tiene_la_pelota': True, 'sector_id': 125}]}], 'ubicacion_pelota': {'id': 121, 'x': 4, 'y': 9}, 'time_stamp': '1747346998161'}, {'tipo': 'reloj', 'reloj': 141908}]}
2025-05-15 19:10:41 [WARNING] client: Otro mensaje recibido.
Mensaje Enviado: mensaje_id='PATEAR' token='TOKEN-2913f659-71dc-46f5-9585-20e42ba3b50d' datos={'x': 6, 'y': 0}

Mensaje recibido: None
2025-05-15 19:10:41 [INFO] client: Tienes la pelota!
2025-05-15 19:10:41 [INFO] client: Accion enviada. Mensaje: mensaje_id='PATEAR' token='TOKEN-2913f659-71dc-46f5-9585-20e42ba3b50d' datos={'x': 6, 'y': 0}
2025-05-15 19:10:47 [INFO] client: Reaccionar
2025-05-15 19:10:47 [INFO] utils: Posiciones base inicializadas: {1: Coordenada(x=6, y=19), 2: Coordenada(x=1, y=16), 3: Coordenada(x=4, y=16), 4: Coordenada(x=8, y=16), 5: Coordenada(x=11, y=16), 6: Coordenada(x=3, y=13), 7: Coordenada(x=6, y=13), 8: Coordenada(x=9, y=13), 9: Coordenada(x=6, y=10), 10: Coordenada(x=5, y=1), 11: Coordenada(x=4, y=10)}
2025-05-15 19:10:47 [INFO] utils: Jugador mas cercano 10
2025-05-15 19:10:47 [INFO] client: Accion enviada. Mensaje: mensaje_id='MARCAR_ADVERSARIO' token='TOKEN-2913f659-71dc-46f5-9585-20e42ba3b50d' datos={'jugador_numero': 10, 'adversario_numero': 1}
2025-05-15 19:10:47 [ERROR] mensajes: msg_id no interpretado. Data: {'mensaje_id': 'GOL', 'destinatario': 'TOKEN-2913f659-71dc-46f5-9585-20e42ba3b50d', 'datos': [{'id': 'equipo:TOKEN-2913f659-71dc-46f5-9585-20e42ba3b50d', 'nombre': 'LANUS', 'formacion': '4-3-3', 'rol': 2, 'goles': 1, 'arco': [{'x': 5, 'y': 19}, {'x': 6, 'y': 19}, {'x': 7, 'y': 19}]}, {'tipo': 'cancha', 'id': 'cancha', 'equipo1': {'id': 'equipo:TOKEN-581c91bb-e060-4aaa-89eb-56f8d59e7482', 'nombre': 'BARCA', 'formacion': '5-3-2', 'rol': 1, 'goles': 0, 'arco': [{'x': 5, 'y': 0}, {'x': 6, 'y': 0}, {'x': 7, 'y': 0}]}, 'equipo2': {'id': 'equipo:TOKEN-2913f659-71dc-46f5-9585-20e42ba3b50d', 'nombre': 'LANUS', 'formacion': '4-3-3', 'rol': 2, 'goles': 1, 'arco': [{'x': 5, 'y': 19}, {'x': 6, 'y': 19}, {'x': 7, 'y': 19}]}, 'sectores': [{'id': 18, 'x': 5, 'y': 1, 'ocupantes': [{'numero': 1, 'nombre': 'Valdez', 'equipo_id': 'equipo:TOKEN-581c91bb-e060-4aaa-89eb-56f8d59e7482', 'sector_id': 18, 'tiene_la_pelota': True}, {'numero': 10, 'nombre': 'Merentiel', 'equipo_id': 'equipo:TOKEN-2913f659-71dc-46f5-9585-20e42ba3b50d', 'es_el_crack': True, 'sector_id': 18, 'tiene_la_pelota': False}]}, {'id': 64, 'x': 12, 'y': 4, 'ocupantes': [{'numero': 2, 'nombre': 'Pique', 'equipo_id': 'equipo:TOKEN-581c91bb-e060-4aaa-89eb-56f8d59e7482', 'sector_id': 64, 'tiene_la_pelota': False}]}, {'id': 60, 'x': 8, 'y': 4, 'ocupantes': [{'numero': 3, 'nombre': 'Puyol', 'equipo_id': 'equipo:TOKEN-581c91bb-e060-4aaa-89eb-56f8d59e7482', 'sector_id': 60, 'tiene_la_pelota': False}]}, {'id': 44, 'x': 5, 'y': 3, 'ocupantes': [{'numero': 4, 'nombre': 'Abidal', 'equipo_id': 'equipo:TOKEN-581c91bb-e060-4aaa-89eb-56f8d59e7482', 'sector_id': 44, 'tiene_la_pelota': False}]}, {'id': 55, 'x': 3, 'y': 4, 'ocupantes': [{'numero': 5, 'nombre': 'Dani Alves', 'equipo_id': 'equipo:TOKEN-581c91bb-e060-4aaa-89eb-56f8d59e7482', 'sector_id': 55, 'tiene_la_pelota': False}]}, {'id': 52, 'x': 0, 'y': 4, 'ocupantes': [{'numero': 6, 'nombre': 'Busquets', 'equipo_id': 'equipo:TOKEN-581c91bb-e060-4aaa-89eb-56f8d59e7482', 'sector_id': 52, 'tiene_la_pelota': False}]}, {'id': 93, 'x': 2, 'y': 7, 'ocupantes': [{'numero': 7, 'nombre': 'Xavi', 'equipo_id': 'equipo:TOKEN-581c91bb-e060-4aaa-89eb-56f8d59e7482', 'sector_id': 93, 'tiene_la_pelota': False}]}, {'id': 101, 'x': 10, 'y': 7, 'ocupantes': [{'numero': 8, 'nombre': 'Iniesta', 'equipo_id': 'equipo:TOKEN-581c91bb-e060-4aaa-89eb-56f8d59e7482', 'sector_id': 101, 'tiene_la_pelota': False}, {'numero': 11, 'nombre': 'Neymar Jr', 'equipo_id': 'equipo:TOKEN-581c91bb-e060-4aaa-89eb-56f8d59e7482', 'tiene_la_pelota': False, 'sector_id': 101}]}, {'id': 84, 'x': 6, 'y': 6, 'ocupantes': [{'numero': 9, 'nombre': 'Suarez', 'equipo_id': 'equipo:TOKEN-581c91bb-e060-4aaa-89eb-56f8d59e7482', 'sector_id': 84, 'tiene_la_pelota': False}]}, {'id': 134, 'x': 4, 'y': 10, 'ocupantes': [{'numero': 10, 'nombre': 'Messi', 'equipo_id': 'equipo:TOKEN-581c91bb-e060-4aaa-89eb-56f8d59e7482', 'es_el_crack': True, 'sector_id': 134, 'tiene_la_pelota': False}, {'numero': 11, 'nombre': 'Cavani', 'equipo_id': 'equipo:TOKEN-2913f659-71dc-46f5-9585-20e42ba3b50d', 'tiene_la_pelota': False, 'sector_id': 134}]}, {'id': 253, 'x': 6, 'y': 19, 'ocupantes': [{'numero': 1, 'nombre': 'Marchesin', 'equipo_id': 'equipo:TOKEN-2913f659-71dc-46f5-9585-20e42ba3b50d', 'sector_id': 253, 'tiene_la_pelota': False}]}, {'id': 209, 'x': 1, 'y': 16, 'ocupantes': [{'numero': 2, 'nombre': 'Rojo', 'equipo_id': 'equipo:TOKEN-2913f659-71dc-46f5-9585-20e42ba3b50d', 'sector_id': 209, 'tiene_la_pelota': False}]}, {'id': 212, 'x': 4, 'y': 16, 'ocupantes': [{'numero': 3, 'nombre': 'Blanco', 'equipo_id': 'equipo:TOKEN-2913f659-71dc-46f5-9585-20e42ba3b50d', 'sector_id': 212, 'tiene_la_pelota': False}]}, {'id': 216, 'x': 8, 'y': 16, 'ocupantes': [{'numero': 4, 'nombre': 'Advíncula', 'equipo_id': 'equipo:TOKEN-2913f659-71dc-46f5-9585-20e42ba3b50d', 'sector_id': 216, 'tiene_la_pelota': False}]}, {'id': 219, 'x': 11, 'y': 16, 'ocupantes': [{'numero': 5, 'nombre': 'Blondel', 'equipo_id': 'equipo:TOKEN-2913f659-71dc-46f5-9585-20e42ba3b50d', 'sector_id': 219, 'tiene_la_pelota': False}]}, {'id': 172, 'x': 3, 'y': 13, 'ocupantes': [{'numero': 6, 'nombre': 'Belmonte', 'equipo_id': 'equipo:TOKEN-2913f659-71dc-46f5-9585-20e42ba3b50d', 'sector_id': 172, 'tiene_la_pelota': False}]}, {'id': 175, 'x': 6, 'y': 13, 'ocupantes': [{'numero': 7, 'nombre': 'Palacios', 'equipo_id': 'equipo:TOKEN-2913f659-71dc-46f5-9585-20e42ba3b50d', 'sector_id': 175, 'tiene_la_pelota': False}]}, {'id': 178, 'x': 9, 'y': 13, 'ocupantes': [{'numero': 8, 'nombre': 'Delgado', 'equipo_id': 'equipo:TOKEN-2913f659-71dc-46f5-9585-20e42ba3b50d', 'sector_id': 178, 'tiene_la_pelota': False}]}, {'id': 136, 'x': 6, 'y': 10, 'ocupantes': [{'numero': 9, 'nombre': 'Zenón', 'equipo_id': 'equipo:TOKEN-2913f659-71dc-46f5-9585-20e42ba3b50d', 'sector_id': 136, 'tiene_la_pelota': False}]}], 'ubicacion_pelota': {'id': 6, 'x': 6, 'y': 0, 'esta_la_pelota': True}, 'time_stamp': '1747347041313'}, {'tipo': 'cancha', 'id': 'cancha_formada', 'equipo1': {'id': 'equipo:TOKEN-581c91bb-e060-4aaa-89eb-56f8d59e7482', 'nombre': 'BARCA', 'formacion': '5-3-2', 'rol': 1, 'goles': 0, 'arco': [{'x': 5, 'y': 0}, {'x': 6, 'y': 0}, {'x': 7, 'y': 0}]}, 'equipo2': {'id': 'equipo:TOKEN-2913f659-71dc-46f5-9585-20e42ba3b50d', 'nombre': 'LANUS', 'formacion': '4-3-3', 'rol': 2, 'goles': 1, 'arco': [{'x': 5, 'y': 19}, {'x': 6, 'y': 19}, {'x': 7, 'y': 19}]}, 'sectores': [{'id': 253, 'x': 6, 'y': 19, 'ocupantes': [{'numero': 1, 'nombre': 'Marchesin', 'equipo_id': 'equipo:TOKEN-2913f659-71dc-46f5-9585-20e42ba3b50d', 'sector_id': 253, 'tiene_la_pelota': False}]}, {'id': 209, 'x': 1, 'y': 16, 'ocupantes': [{'numero': 2, 'nombre': 'Rojo', 'equipo_id': 'equipo:TOKEN-2913f659-71dc-46f5-9585-20e42ba3b50d', 'sector_id': 209, 'tiene_la_pelota': False}]}, {'id': 212, 'x': 4, 'y': 16, 'ocupantes': [{'numero': 3, 'nombre': 'Blanco', 'equipo_id': 'equipo:TOKEN-2913f659-71dc-46f5-9585-20e42ba3b50d', 'sector_id': 212, 'tiene_la_pelota': False}]}, {'id': 216, 'x': 8, 'y': 16, 'ocupantes': [{'numero': 4, 'nombre': 'Advíncula', 'equipo_id': 'equipo:TOKEN-2913f659-71dc-46f5-9585-20e42ba3b50d', 'sector_id': 216, 'tiene_la_pelota': False}]}, {'id': 219, 'x': 11, 'y': 16, 'ocupantes': [{'numero': 5, 'nombre': 'Blondel', 'equipo_id': 'equipo:TOKEN-2913f659-71dc-46f5-9585-20e42ba3b50d', 'sector_id': 219, 'tiene_la_pelota': False}]}, {'id': 172, 'x': 3, 'y': 13, 'ocupantes': [{'numero': 6, 'nombre': 'Belmonte', 'equipo_id': 'equipo:TOKEN-2913f659-71dc-46f5-9585-20e42ba3b50d', 'sector_id': 172, 'tiene_la_pelota': False}]}, {'id': 175, 'x': 6, 'y': 13, 'ocupantes': [{'numero': 7, 'nombre': 'Palacios', 'equipo_id': 'equipo:TOKEN-2913f659-71dc-46f5-9585-20e42ba3b50d', 'sector_id': 175, 'tiene_la_pelota': False}]}, {'id': 178, 'x': 9, 'y': 13, 'ocupantes': [{'numero': 8, 'nombre': 'Delgado', 'equipo_id': 'equipo:TOKEN-2913f659-71dc-46f5-9585-20e42ba3b50d', 'sector_id': 178, 'tiene_la_pelota': False}]}, {'id': 136, 'x': 6, 'y': 10, 'ocupantes': [{'numero': 9, 'nombre': 'Zenón', 'equipo_id': 'equipo:TOKEN-2913f659-71dc-46f5-9585-20e42ba3b50d', 'sector_id': 136, 'tiene_la_pelota': False}]}, {'id': 138, 'x': 8, 'y': 10, 'ocupantes': [{'numero': 10, 'nombre': 'Merentiel', 'equipo_id': 'equipo:TOKEN-2913f659-71dc-46f5-9585-20e42ba3b50d', 'es_el_crack': True, 'sector_id': 138, 'tiene_la_pelota': False}]}, {'id': 134, 'x': 4, 'y': 10, 'ocupantes': [{'numero': 11, 'nombre': 'Cavani', 'equipo_id': 'equipo:TOKEN-2913f659-71dc-46f5-9585-20e42ba3b50d', 'tiene_la_pelota': False, 'sector_id': 134}]}, {'id': 6, 'x': 6, 'y': 0, 'ocupantes': [{'numero': 1, 'nombre': 'Valdez', 'equipo_id': 'equipo:TOKEN-581c91bb-e060-4aaa-89eb-56f8d59e7482', 'sector_id': 6}]}, {'id': 64, 'x': 12, 'y': 4, 'ocupantes': [{'numero': 2, 'nombre': 'Pique', 'equipo_id': 'equipo:TOKEN-581c91bb-e060-4aaa-89eb-56f8d59e7482', 'sector_id': 64}]}, {'id': 48, 'x': 9, 'y': 3, 'ocupantes': [{'numero': 3, 'nombre': 'Puyol', 'equipo_id': 'equipo:TOKEN-581c91bb-e060-4aaa-89eb-56f8d59e7482', 'sector_id': 48}]}, {'id': 45, 'x': 6, 'y': 3, 'ocupantes': [{'numero': 4, 'nombre': 'Abidal', 'equipo_id': 'equipo:TOKEN-581c91bb-e060-4aaa-89eb-56f8d59e7482', 'sector_id': 45}]}, {'id': 42, 'x': 3, 'y': 3, 'ocupantes': [{'numero': 5, 'nombre': 'Dani Alves', 'equipo_id': 'equipo:TOKEN-581c91bb-e060-4aaa-89eb-56f8d59e7482', 'sector_id': 42}]}, {'id': 52, 'x': 0, 'y': 4, 'ocupantes': [{'numero': 6, 'nombre': 'Busquets', 'equipo_id': 'equipo:TOKEN-581c91bb-e060-4aaa-89eb-56f8d59e7482', 'sector_id': 52}]}, {'id': 93, 'x': 2, 'y': 7, 'ocupantes': [{'numero': 7, 'nombre': 'Xavi', 'equipo_id': 'equipo:TOKEN-581c91bb-e060-4aaa-89eb-56f8d59e7482', 'sector_id': 93}]}, {'id': 101, 'x': 10, 'y': 7, 'ocupantes': [{'numero': 8, 'nombre': 'Iniesta', 'equipo_id': 'equipo:TOKEN-581c91bb-e060-4aaa-89eb-56f8d59e7482', 'sector_id': 101}]}, {'id': 84, 'x': 6, 'y': 6, 'ocupantes': [{'numero': 9, 'nombre': 'Suarez', 'equipo_id': 'equipo:TOKEN-581c91bb-e060-4aaa-89eb-56f8d59e7482', 'sector_id': 84}]}, {'id': 121, 'x': 4, 'y': 9, 'ocupantes': [{'numero': 10, 'nombre': 'Messi', 'equipo_id': 'equipo:TOKEN-581c91bb-e060-4aaa-89eb-56f8d59e7482', 'es_el_crack': True, 'sector_id': 121}]}, {'id': 125, 'x': 8, 'y': 9, 'ocupantes': [{'numero': 11, 'nombre': 'Neymar Jr', 'equipo_id': 'equipo:TOKEN-581c91bb-e060-4aaa-89eb-56f8d59e7482', 'tiene_la_pelota': True, 'sector_id': 125}]}], 'ubicacion_pelota': {'id': 121, 'x': 4, 'y': 9}, 'time_stamp': '1747346998161'}, {'tipo': 'reloj', 'reloj': 136840}]}
2025-05-15 19:10:47 [WARNING] client: Otro mensaje recibido.
Mensaje Enviado: mensaje_id='MARCAR_ADVERSARIO' token='TOKEN-2913f659-71dc-46f5-9585-20e42ba3b50d' datos={'jugador_numero': 10, 'adversario_numero': 1}

Mensaje recibido: None
2025-05-15 19:10:47 [INFO] client: Reaccionar
2025-05-15 19:10:47 [INFO] utils: Posiciones base inicializadas: {1: Coordenada(x=6, y=19), 2: Coordenada(x=1, y=16), 3: Coordenada(x=4, y=16), 4: Coordenada(x=8, y=16), 5: Coordenada(x=11, y=16), 6: Coordenada(x=3, y=13), 7: Coordenada(x=6, y=13), 8: Coordenada(x=9, y=13), 9: Coordenada(x=6, y=10), 10: Coordenada(x=8, y=10), 11: Coordenada(x=4, y=10)}
2025-05-15 19:10:47 [INFO] utils: Jugador mas cercano 10
2025-05-15 19:10:47 [INFO] client: Accion enviada. Mensaje: mensaje_id='MARCAR_ADVERSARIO' token='TOKEN-2913f659-71dc-46f5-9585-20e42ba3b50d' datos={'jugador_numero': 10, 'adversario_numero': 11}
2025-05-15 19:10:48 [INFO] client: Reaccionar
2025-05-15 19:10:48 [INFO] utils: Posiciones base inicializadas: {1: Coordenada(x=6, y=19), 2: Coordenada(x=1, y=16), 3: Coordenada(x=4, y=16), 4: Coordenada(x=8, y=16), 5: Coordenada(x=11, y=16), 6: Coordenada(x=3, y=13), 7: Coordenada(x=6, y=13), 8: Coordenada(x=9, y=13), 9: Coordenada(x=6, y=10), 10: Coordenada(x=7, y=6), 11: Coordenada(x=4, y=10)}
2025-05-15 19:10:48 [INFO] utils: Jugador mas cercano 9
2025-05-15 19:10:48 [INFO] client: Accion enviada. Mensaje: mensaje_id='MARCAR_ADVERSARIO' token='TOKEN-2913f659-71dc-46f5-9585-20e42ba3b50d' datos={'jugador_numero': 9, 'adversario_numero': 11}
2025-05-15 19:10:48 [INFO] client: Reaccionar
2025-05-15 19:10:48 [INFO] utils: Posiciones base inicializadas: {1: Coordenada(x=6, y=19), 2: Coordenada(x=1, y=16), 3: Coordenada(x=4, y=16), 4: Coordenada(x=8, y=16), 5: Coordenada(x=11, y=16), 6: Coordenada(x=3, y=13), 7: Coordenada(x=6, y=13), 8: Coordenada(x=9, y=13), 9: Coordenada(x=6, y=10), 10: Coordenada(x=7, y=6), 11: Coordenada(x=4, y=10)}
2025-05-15 19:10:48 [INFO] utils: Jugador mas cercano 9
2025-05-15 19:10:48 [INFO] client: Accion enviada. Mensaje: mensaje_id='MARCAR_ADVERSARIO' token='TOKEN-2913f659-71dc-46f5-9585-20e42ba3b50d' datos={'jugador_numero': 9, 'adversario_numero': 11}
2025-05-15 19:10:48 [INFO] client: Reaccionar
2025-05-15 19:10:48 [INFO] utils: Posiciones base inicializadas: {1: Coordenada(x=6, y=19), 2: Coordenada(x=1, y=16), 3: Coordenada(x=4, y=16), 4: Coordenada(x=8, y=16), 5: Coordenada(x=11, y=16), 6: Coordenada(x=3, y=13), 7: Coordenada(x=6, y=13), 8: Coordenada(x=9, y=13), 9: Coordenada(x=6, y=10), 10: Coordenada(x=8, y=9), 11: Coordenada(x=4, y=10)}
2025-05-15 19:10:48 [INFO] utils: Jugador mas cercano 10
2025-05-15 19:10:48 [INFO] client: Accion enviada. Mensaje: mensaje_id='MARCAR_ADVERSARIO' token='TOKEN-2913f659-71dc-46f5-9585-20e42ba3b50d' datos={'jugador_numero': 10, 'adversario_numero': 11}
2025-05-15 19:10:48 [INFO] client: Reaccionar
2025-05-15 19:10:48 [INFO] utils: Posiciones base inicializadas: {1: Coordenada(x=6, y=19), 2: Coordenada(x=1, y=16), 3: Coordenada(x=4, y=16), 4: Coordenada(x=8, y=16), 5: Coordenada(x=11, y=16), 6: Coordenada(x=3, y=13), 7: Coordenada(x=6, y=13), 8: Coordenada(x=9, y=13), 9: Coordenada(x=6, y=10), 10: Coordenada(x=8, y=9), 11: Coordenada(x=4, y=10)}
2025-05-15 19:10:48 [INFO] utils: Jugador mas cercano 10
2025-05-15 19:10:48 [INFO] client: Accion enviada. Mensaje: mensaje_id='MARCAR_ADVERSARIO' token='TOKEN-2913f659-71dc-46f5-9585-20e42ba3b50d' datos={'jugador_numero': 10, 'adversario_numero': 11}
2025-05-15 19:10:48 [INFO] client: Reaccionar
2025-05-15 19:10:48 [INFO] utils: Posiciones base inicializadas: {1: Coordenada(x=6, y=19), 2: Coordenada(x=1, y=16), 3: Coordenada(x=4, y=16), 4: Coordenada(x=8, y=16), 5: Coordenada(x=11, y=16), 6: Coordenada(x=3, y=13), 7: Coordenada(x=6, y=13), 8: Coordenada(x=9, y=13), 9: Coordenada(x=6, y=10), 10: Coordenada(x=8, y=9), 11: Coordenada(x=4, y=10)}
2025-05-15 19:10:48 [INFO] utils: Jugador mas cercano 10
2025-05-15 19:10:48 [INFO] client: Accion enviada. Mensaje: mensaje_id='CORRER' token='TOKEN-2913f659-71dc-46f5-9585-20e42ba3b50d' datos={'movimientos': [{'jugador_numero': 10, 'x': 6, 'y': 4}]}
2025-05-15 19:10:48 [ERROR] mensajes: msg_id no interpretado. Data: {'mensaje_id': 'OCUPADO', 'datos': {'descripcion': 'El Servidor está ocupado en este momento. Intente más tarde.'}}
2025-05-15 19:10:48 [WARNING] client: Otro mensaje recibido.
Mensaje Enviado: mensaje_id='CORRER' token='TOKEN-2913f659-71dc-46f5-9585-20e42ba3b50d' datos={'movimientos': [{'jugador_numero': 10, 'x': 6, 'y': 4}]}

Mensaje recibido: None
2025-05-15 19:10:49 [INFO] client: Reaccionar
2025-05-15 19:10:49 [INFO] utils: Posiciones base inicializadas: {1: Coordenada(x=6, y=19), 2: Coordenada(x=1, y=16), 3: Coordenada(x=4, y=16), 4: Coordenada(x=8, y=16), 5: Coordenada(x=11, y=16), 6: Coordenada(x=3, y=13), 7: Coordenada(x=6, y=13), 8: Coordenada(x=9, y=13), 9: Coordenada(x=8, y=9), 10: Coordenada(x=8, y=9), 11: Coordenada(x=4, y=10)}
2025-05-15 19:10:49 [INFO] utils: Jugador mas cercano 9
2025-05-15 19:10:49 [INFO] client: Accion enviada. Mensaje: mensaje_id='CORRER' token='TOKEN-2913f659-71dc-46f5-9585-20e42ba3b50d' datos={'movimientos': [{'jugador_numero': 9, 'x': 6, 'y': 4}]}
2025-05-15 19:10:49 [INFO] client: Reaccionar
2025-05-15 19:10:49 [INFO] utils: Posiciones base inicializadas: {1: Coordenada(x=6, y=19), 2: Coordenada(x=1, y=16), 3: Coordenada(x=4, y=16), 4: Coordenada(x=8, y=16), 5: Coordenada(x=11, y=16), 6: Coordenada(x=3, y=13), 7: Coordenada(x=6, y=13), 8: Coordenada(x=9, y=13), 9: Coordenada(x=8, y=9), 10: Coordenada(x=8, y=9), 11: Coordenada(x=4, y=10)}
2025-05-15 19:10:49 [INFO] utils: Jugador mas cercano 9
2025-05-15 19:10:49 [INFO] client: Accion enviada. Mensaje: mensaje_id='CORRER' token='TOKEN-2913f659-71dc-46f5-9585-20e42ba3b50d' datos={'movimientos': [{'jugador_numero': 9, 'x': 6, 'y': 4}]}
2025-05-15 19:10:51 [INFO] client: Reaccionar
2025-05-15 19:10:51 [INFO] utils: Posiciones base inicializadas: {1: Coordenada(x=6, y=19), 2: Coordenada(x=1, y=16), 3: Coordenada(x=4, y=16), 4: Coordenada(x=8, y=16), 5: Coordenada(x=11, y=16), 6: Coordenada(x=3, y=13), 7: Coordenada(x=6, y=13), 8: Coordenada(x=9, y=13), 9: Coordenada(x=6, y=5), 10: Coordenada(x=8, y=9), 11: Coordenada(x=4, y=10)}
2025-05-15 19:10:51 [INFO] utils: Jugador mas cercano 9
2025-05-15 19:10:51 [INFO] client: Accion enviada. Mensaje: mensaje_id='CORRER' token='TOKEN-2913f659-71dc-46f5-9585-20e42ba3b50d' datos={'movimientos': [{'jugador_numero': 9, 'x': 6, 'y': 4}]}
2025-05-15 19:10:51 [INFO] client: Reaccionar
2025-05-15 19:10:51 [INFO] utils: Posiciones base inicializadas: {1: Coordenada(x=6, y=19), 2: Coordenada(x=1, y=16), 3: Coordenada(x=4, y=16), 4: Coordenada(x=8, y=16), 5: Coordenada(x=11, y=16), 6: Coordenada(x=3, y=13), 7: Coordenada(x=6, y=13), 8: Coordenada(x=9, y=13), 9: Coordenada(x=6, y=5), 10: Coordenada(x=8, y=9), 11: Coordenada(x=4, y=10)}
2025-05-15 19:10:51 [INFO] utils: Jugador mas cercano 9
2025-05-15 19:10:51 [INFO] client: Accion enviada. Mensaje: mensaje_id='CORRER' token='TOKEN-2913f659-71dc-46f5-9585-20e42ba3b50d' datos={'movimientos': [{'jugador_numero': 9, 'x': 6, 'y': 4}]}
2025-05-15 19:10:51 [INFO] client: Tienes la pelota!
2025-05-15 19:10:51 [INFO] client: Accion enviada. Mensaje: mensaje_id='PATEAR' token='TOKEN-2913f659-71dc-46f5-9585-20e42ba3b50d' datos={'x': 6, 'y': 0}
2025-05-15 19:10:51 [INFO] client: Tienes la pelota!
2025-05-15 19:10:51 [INFO] client: Accion enviada. Mensaje: mensaje_id='PATEAR' token='TOKEN-2913f659-71dc-46f5-9585-20e42ba3b50d' datos={'x': 6, 'y': 0}
2025-05-15 19:10:51 [ERROR] mensajes: msg_id no interpretado. Data: {'mensaje_id': 'OCUPADO', 'datos': {'descripcion': 'El Servidor está ocupado en este momento. Intente más tarde.'}}
2025-05-15 19:10:51 [WARNING] client: Otro mensaje recibido.
Mensaje Enviado: mensaje_id='PATEAR' token='TOKEN-2913f659-71dc-46f5-9585-20e42ba3b50d' datos={'x': 6, 'y': 0}

Mensaje recibido: None
2025-05-15 19:10:52 [INFO] client: Tienes la pelota!
2025-05-15 19:10:52 [INFO] client: Accion enviada. Mensaje: mensaje_id='PATEAR' token='TOKEN-2913f659-71dc-46f5-9585-20e42ba3b50d' datos={'x': 6, 'y': 0}
2025-05-15 19:10:52 [INFO] client: Tienes la pelota!
2025-05-15 19:10:52 [INFO] client: Accion enviada. Mensaje: mensaje_id='PATEAR' token='TOKEN-2913f659-71dc-46f5-9585-20e42ba3b50d' datos={'x': 6, 'y': 0}
2025-05-15 19:10:52 [INFO] client: Tienes la pelota!
2025-05-15 19:10:52 [INFO] client: Accion enviada. Mensaje: mensaje_id='PATEAR' token='TOKEN-2913f659-71dc-46f5-9585-20e42ba3b50d' datos={'x': 6, 'y': 0}
2025-05-15 19:10:52 [ERROR] mensajes: msg_id no interpretado. Data: {'mensaje_id': 'OCUPADO', 'datos': {'descripcion': 'El Servidor está ocupado en este momento. Intente más tarde.'}}
2025-05-15 19:10:52 [WARNING] client: Otro mensaje recibido.
Mensaje Enviado: mensaje_id='PATEAR' token='TOKEN-2913f659-71dc-46f5-9585-20e42ba3b50d' datos={'x': 6, 'y': 0}

Mensaje recibido: None
2025-05-15 19:10:53 [INFO] client: Reaccionar
2025-05-15 19:10:53 [INFO] utils: Posiciones base inicializadas: {1: Coordenada(x=6, y=19), 2: Coordenada(x=1, y=16), 3: Coordenada(x=4, y=16), 4: Coordenada(x=8, y=16), 5: Coordenada(x=11, y=16), 6: Coordenada(x=3, y=13), 7: Coordenada(x=6, y=13), 8: Coordenada(x=9, y=13), 9: Coordenada(x=6, y=4), 10: Coordenada(x=8, y=9), 11: Coordenada(x=4, y=10)}
2025-05-15 19:10:53 [INFO] utils: Jugador mas cercano 9
2025-05-15 19:10:53 [INFO] client: Accion enviada. Mensaje: mensaje_id='CORRER' token='TOKEN-2913f659-71dc-46f5-9585-20e42ba3b50d' datos={'movimientos': [{'jugador_numero': 9, 'x': 5, 'y': 1}]}
2025-05-15 19:10:53 [ERROR] client: Mensaje de error del servidor. Mensaje enviado: mensaje_id='CORRER' token='TOKEN-2913f659-71dc-46f5-9585-20e42ba3b50d' datos={'movimientos': [{'jugador_numero': 9, 'x': 5, 'y': 1}]}, Mensaje recibido: mensaje_id='ERROR' datos={'descripcion': 'PATEAR no se puede ejecturar por no poseer la pelota.'}
2025-05-15 19:10:53 [INFO] client: Reaccionar
2025-05-15 19:10:53 [INFO] utils: Posiciones base inicializadas: {1: Coordenada(x=6, y=19), 2: Coordenada(x=1, y=16), 3: Coordenada(x=4, y=16), 4: Coordenada(x=8, y=16), 5: Coordenada(x=11, y=16), 6: Coordenada(x=3, y=13), 7: Coordenada(x=6, y=13), 8: Coordenada(x=9, y=13), 9: Coordenada(x=6, y=4), 10: Coordenada(x=8, y=9), 11: Coordenada(x=4, y=10)}
2025-05-15 19:10:53 [INFO] utils: Jugador mas cercano 9
2025-05-15 19:10:53 [INFO] client: Accion enviada. Mensaje: mensaje_id='CORRER' token='TOKEN-2913f659-71dc-46f5-9585-20e42ba3b50d' datos={'movimientos': [{'jugador_numero': 9, 'x': 5, 'y': 1}]}
2025-05-15 19:10:54 [INFO] client: Tienes la pelota!
2025-05-15 19:10:54 [INFO] client: Accion enviada. Mensaje: mensaje_id='PATEAR' token='TOKEN-2913f659-71dc-46f5-9585-20e42ba3b50d' datos={'x': 6, 'y': 0}
2025-05-15 19:10:54 [INFO] client: Tienes la pelota!
2025-05-15 19:10:54 [INFO] client: Accion enviada. Mensaje: mensaje_id='PATEAR' token='TOKEN-2913f659-71dc-46f5-9585-20e42ba3b50d' datos={'x': 6, 'y': 0}
2025-05-15 19:10:54 [INFO] client: Tienes la pelota!
2025-05-15 19:10:54 [INFO] client: Accion enviada. Mensaje: mensaje_id='PATEAR' token='TOKEN-2913f659-71dc-46f5-9585-20e42ba3b50d' datos={'x': 6, 'y': 0}
2025-05-15 19:10:54 [ERROR] mensajes: msg_id no interpretado. Data: {'mensaje_id': 'OCUPADO', 'datos': {'descripcion': 'El Servidor está ocupado en este momento. Intente más tarde.'}}
2025-05-15 19:10:54 [WARNING] client: Otro mensaje recibido.
Mensaje Enviado: mensaje_id='PATEAR' token='TOKEN-2913f659-71dc-46f5-9585-20e42ba3b50d' datos={'x': 6, 'y': 0}

Mensaje recibido: None
2025-05-15 19:10:59 [ERROR] client: Mensaje de error del servidor. Mensaje enviado: mensaje_id='PATEAR' token='TOKEN-2913f659-71dc-46f5-9585-20e42ba3b50d' datos={'x': 6, 'y': 0}, Mensaje recibido: mensaje_id='ERROR' datos={'descripcion': 'PATEAR no se puede ejecturar por no poseer la pelota.'}
2025-05-15 19:10:59 [ERROR] mensajes: msg_id no interpretado. Data: {'mensaje_id': 'GOL', 'destinatario': 'TOKEN-2913f659-71dc-46f5-9585-20e42ba3b50d', 'datos': [{'id': 'equipo:TOKEN-2913f659-71dc-46f5-9585-20e42ba3b50d', 'nombre': 'LANUS', 'formacion': '4-3-3', 'rol': 2, 'goles': 2, 'arco': [{'x': 5, 'y': 19}, {'x': 6, 'y': 19}, {'x': 7, 'y': 19}]}, {'tipo': 'cancha', 'id': 'cancha', 'equipo1': {'id': 'equipo:TOKEN-581c91bb-e060-4aaa-89eb-56f8d59e7482', 'nombre': 'BARCA', 'formacion': '5-3-2', 'rol': 1, 'goles': 0, 'arco': [{'x': 5, 'y': 0}, {'x': 6, 'y': 0}, {'x': 7, 'y': 0}]}, 'equipo2': {'id': 'equipo:TOKEN-2913f659-71dc-46f5-9585-20e42ba3b50d', 'nombre': 'LANUS', 'formacion': '4-3-3', 'rol': 2, 'goles': 2, 'arco': [{'x': 5, 'y': 19}, {'x': 6, 'y': 19}, {'x': 7, 'y': 19}]}, 'sectores': [{'id': 18, 'x': 5, 'y': 1, 'ocupantes': [{'numero': 1, 'nombre': 'Valdez', 'equipo_id': 'equipo:TOKEN-581c91bb-e060-4aaa-89eb-56f8d59e7482', 'sector_id': 18, 'tiene_la_pelota': False}, {'numero': 4, 'nombre': 'Abidal', 'equipo_id': 'equipo:TOKEN-581c91bb-e060-4aaa-89eb-56f8d59e7482', 'sector_id': 18, 'tiene_la_pelota': False}]}, {'id': 64, 'x': 12, 'y': 4, 'ocupantes': [{'numero': 2, 'nombre': 'Pique', 'equipo_id': 'equipo:TOKEN-581c91bb-e060-4aaa-89eb-56f8d59e7482', 'sector_id': 64, 'tiene_la_pelota': False}]}, {'id': 48, 'x': 9, 'y': 3, 'ocupantes': [{'numero': 3, 'nombre': 'Puyol', 'equipo_id': 'equipo:TOKEN-581c91bb-e060-4aaa-89eb-56f8d59e7482', 'sector_id': 48, 'tiene_la_pelota': False}]}, {'id': 42, 'x': 3, 'y': 3, 'ocupantes': [{'numero': 5, 'nombre': 'Dani Alves', 'equipo_id': 'equipo:TOKEN-581c91bb-e060-4aaa-89eb-56f8d59e7482', 'sector_id': 42, 'tiene_la_pelota': False}]}, {'id': 52, 'x': 0, 'y': 4, 'ocupantes': [{'numero': 6, 'nombre': 'Busquets', 'equipo_id': 'equipo:TOKEN-581c91bb-e060-4aaa-89eb-56f8d59e7482', 'sector_id': 52, 'tiene_la_pelota': False}]}, {'id': 93, 'x': 2, 'y': 7, 'ocupantes': [{'numero': 7, 'nombre': 'Xavi', 'equipo_id': 'equipo:TOKEN-581c91bb-e060-4aaa-89eb-56f8d59e7482', 'sector_id': 93, 'tiene_la_pelota': False}]}, {'id': 101, 'x': 10, 'y': 7, 'ocupantes': [{'numero': 8, 'nombre': 'Iniesta', 'equipo_id': 'equipo:TOKEN-581c91bb-e060-4aaa-89eb-56f8d59e7482', 'sector_id': 101, 'tiene_la_pelota': False}]}, {'id': 84, 'x': 6, 'y': 6, 'ocupantes': [{'numero': 9, 'nombre': 'Suarez', 'equipo_id': 'equipo:TOKEN-581c91bb-e060-4aaa-89eb-56f8d59e7482', 'sector_id': 84, 'tiene_la_pelota': False}]}, {'id': 174, 'x': 5, 'y': 13, 'ocupantes': [{'numero': 10, 'nombre': 'Messi', 'equipo_id': 'equipo:TOKEN-581c91bb-e060-4aaa-89eb-56f8d59e7482', 'es_el_crack': True, 'sector_id': 174, 'tiene_la_pelota': False}]}, {'id': 125, 'x': 8, 'y': 9, 'ocupantes': [{'numero': 11, 'nombre': 'Neymar Jr', 'equipo_id': 'equipo:TOKEN-581c91bb-e060-4aaa-89eb-56f8d59e7482', 'tiene_la_pelota': False, 'sector_id': 125}, {'numero': 10, 'nombre': 'Merentiel', 'equipo_id': 'equipo:TOKEN-2913f659-71dc-46f5-9585-20e42ba3b50d', 'es_el_crack': True, 'sector_id': 125, 'tiene_la_pelota': False}]}, {'id': 253, 'x': 6, 'y': 19, 'ocupantes': [{'numero': 1, 'nombre': 'Marchesin', 'equipo_id': 'equipo:TOKEN-2913f659-71dc-46f5-9585-20e42ba3b50d', 'sector_id': 253, 'tiene_la_pelota': False}]}, {'id': 209, 'x': 1, 'y': 16, 'ocupantes': [{'numero': 2, 'nombre': 'Rojo', 'equipo_id': 'equipo:TOKEN-2913f659-71dc-46f5-9585-20e42ba3b50d', 'sector_id': 209, 'tiene_la_pelota': False}]}, {'id': 212, 'x': 4, 'y': 16, 'ocupantes': [{'numero': 3, 'nombre': 'Blanco', 'equipo_id': 'equipo:TOKEN-2913f659-71dc-46f5-9585-20e42ba3b50d', 'sector_id': 212, 'tiene_la_pelota': False}]}, {'id': 216, 'x': 8, 'y': 16, 'ocupantes': [{'numero': 4, 'nombre': 'Advíncula', 'equipo_id': 'equipo:TOKEN-2913f659-71dc-46f5-9585-20e42ba3b50d', 'sector_id': 216, 'tiene_la_pelota': False}]}, {'id': 219, 'x': 11, 'y': 16, 'ocupantes': [{'numero': 5, 'nombre': 'Blondel', 'equipo_id': 'equipo:TOKEN-2913f659-71dc-46f5-9585-20e42ba3b50d', 'sector_id': 219, 'tiene_la_pelota': False}]}, {'id': 172, 'x': 3, 'y': 13, 'ocupantes': [{'numero': 6, 'nombre': 'Belmonte', 'equipo_id': 'equipo:TOKEN-2913f659-71dc-46f5-9585-20e42ba3b50d', 'sector_id': 172, 'tiene_la_pelota': False}]}, {'id': 175, 'x': 6, 'y': 13, 'ocupantes': [{'numero': 7, 'nombre': 'Palacios', 'equipo_id': 'equipo:TOKEN-2913f659-71dc-46f5-9585-20e42ba3b50d', 'sector_id': 175, 'tiene_la_pelota': False}]}, {'id': 178, 'x': 9, 'y': 13, 'ocupantes': [{'numero': 8, 'nombre': 'Delgado', 'equipo_id': 'equipo:TOKEN-2913f659-71dc-46f5-9585-20e42ba3b50d', 'sector_id': 178, 'tiene_la_pelota': False}]}, {'id': 18, 'x': 5, 'y': 1, 'ocupantes': [{'numero': 9, 'nombre': 'Zenón', 'equipo_id': 'equipo:TOKEN-2913f659-71dc-46f5-9585-20e42ba3b50d', 'sector_id': 18, 'tiene_la_pelota': True}]}, {'id': 134, 'x': 4, 'y': 10, 'ocupantes': [{'numero': 11, 'nombre': 'Cavani', 'equipo_id': 'equipo:TOKEN-2913f659-71dc-46f5-9585-20e42ba3b50d', 'tiene_la_pelota': False, 'sector_id': 134}]}], 'ubicacion_pelota': {'id': 6, 'x': 6, 'y': 0, 'esta_la_pelota': True}, 'time_stamp': '1747347054427'}, {'tipo': 'cancha', 'id': 'cancha_formada', 'equipo1': {'id': 'equipo:TOKEN-581c91bb-e060-4aaa-89eb-56f8d59e7482', 'nombre': 'BARCA', 'formacion': '5-3-2', 'rol': 1, 'goles': 0, 'arco': [{'x': 5, 'y': 0}, {'x': 6, 'y': 0}, {'x': 7, 'y': 0}]}, 'equipo2': {'id': 'equipo:TOKEN-2913f659-71dc-46f5-9585-20e42ba3b50d', 'nombre': 'LANUS', 'formacion': '4-3-3', 'rol': 2, 'goles': 2, 'arco': [{'x': 5, 'y': 19}, {'x': 6, 'y': 19}, {'x': 7, 'y': 19}]}, 'sectores': [{'id': 253, 'x': 6, 'y': 19, 'ocupantes': [{'numero': 1, 'nombre': 'Marchesin', 'equipo_id': 'equipo:TOKEN-2913f659-71dc-46f5-9585-20e42ba3b50d', 'sector_id': 253, 'tiene_la_pelota': False}]}, {'id': 209, 'x': 1, 'y': 16, 'ocupantes': [{'numero': 2, 'nombre': 'Rojo', 'equipo_id': 'equipo:TOKEN-2913f659-71dc-46f5-9585-20e42ba3b50d', 'sector_id': 209, 'tiene_la_pelota': False}]}, {'id': 212, 'x': 4, 'y': 16, 'ocupantes': [{'numero': 3, 'nombre': 'Blanco', 'equipo_id': 'equipo:TOKEN-2913f659-71dc-46f5-9585-20e42ba3b50d', 'sector_id': 212, 'tiene_la_pelota': False}]}, {'id': 216, 'x': 8, 'y': 16, 'ocupantes': [{'numero': 4, 'nombre': 'Advíncula', 'equipo_id': 'equipo:TOKEN-2913f659-71dc-46f5-9585-20e42ba3b50d', 'sector_id': 216, 'tiene_la_pelota': False}]}, {'id': 219, 'x': 11, 'y': 16, 'ocupantes': [{'numero': 5, 'nombre': 'Blondel', 'equipo_id': 'equipo:TOKEN-2913f659-71dc-46f5-9585-20e42ba3b50d', 'sector_id': 219, 'tiene_la_pelota': False}]}, {'id': 172, 'x': 3, 'y': 13, 'ocupantes': [{'numero': 6, 'nombre': 'Belmonte', 'equipo_id': 'equipo:TOKEN-2913f659-71dc-46f5-9585-20e42ba3b50d', 'sector_id': 172, 'tiene_la_pelota': False}]}, {'id': 175, 'x': 6, 'y': 13, 'ocupantes': [{'numero': 7, 'nombre': 'Palacios', 'equipo_id': 'equipo:TOKEN-2913f659-71dc-46f5-9585-20e42ba3b50d', 'sector_id': 175, 'tiene_la_pelota': False}]}, {'id': 178, 'x': 9, 'y': 13, 'ocupantes': [{'numero': 8, 'nombre': 'Delgado', 'equipo_id': 'equipo:TOKEN-2913f659-71dc-46f5-9585-20e42ba3b50d', 'sector_id': 178, 'tiene_la_pelota': False}]}, {'id': 136, 'x': 6, 'y': 10, 'ocupantes': [{'numero': 9, 'nombre': 'Zenón', 'equipo_id': 'equipo:TOKEN-2913f659-71dc-46f5-9585-20e42ba3b50d', 'sector_id': 136, 'tiene_la_pelota': False}]}, {'id': 138, 'x': 8, 'y': 10, 'ocupantes': [{'numero': 10, 'nombre': 'Merentiel', 'equipo_id': 'equipo:TOKEN-2913f659-71dc-46f5-9585-20e42ba3b50d', 'es_el_crack': True, 'sector_id': 138, 'tiene_la_pelota': False}]}, {'id': 134, 'x': 4, 'y': 10, 'ocupantes': [{'numero': 11, 'nombre': 'Cavani', 'equipo_id': 'equipo:TOKEN-2913f659-71dc-46f5-9585-20e42ba3b50d', 'tiene_la_pelota': False, 'sector_id': 134}]}, {'id': 6, 'x': 6, 'y': 0, 'ocupantes': [{'numero': 1, 'nombre': 'Valdez', 'equipo_id': 'equipo:TOKEN-581c91bb-e060-4aaa-89eb-56f8d59e7482', 'sector_id': 6}]}, {'id': 64, 'x': 12, 'y': 4, 'ocupantes': [{'numero': 2, 'nombre': 'Pique', 'equipo_id': 'equipo:TOKEN-581c91bb-e060-4aaa-89eb-56f8d59e7482', 'sector_id': 64}]}, {'id': 48, 'x': 9, 'y': 3, 'ocupantes': [{'numero': 3, 'nombre': 'Puyol', 'equipo_id': 'equipo:TOKEN-581c91bb-e060-4aaa-89eb-56f8d59e7482', 'sector_id': 48}]}, {'id': 45, 'x': 6, 'y': 3, 'ocupantes': [{'numero': 4, 'nombre': 'Abidal', 'equipo_id': 'equipo:TOKEN-581c91bb-e060-4aaa-89eb-56f8d59e7482', 'sector_id': 45}]}, {'id': 42, 'x': 3, 'y': 3, 'ocupantes': [{'numero': 5, 'nombre': 'Dani Alves', 'equipo_id': 'equipo:TOKEN-581c91bb-e060-4aaa-89eb-56f8d59e7482', 'sector_id': 42}]}, {'id': 52, 'x': 0, 'y': 4, 'ocupantes': [{'numero': 6, 'nombre': 'Busquets', 'equipo_id': 'equipo:TOKEN-581c91bb-e060-4aaa-89eb-56f8d59e7482', 'sector_id': 52}]}, {'id': 93, 'x': 2, 'y': 7, 'ocupantes': [{'numero': 7, 'nombre': 'Xavi', 'equipo_id': 'equipo:TOKEN-581c91bb-e060-4aaa-89eb-56f8d59e7482', 'sector_id': 93}]}, {'id': 101, 'x': 10, 'y': 7, 'ocupantes': [{'numero': 8, 'nombre': 'Iniesta', 'equipo_id': 'equipo:TOKEN-581c91bb-e060-4aaa-89eb-56f8d59e7482', 'sector_id': 101}]}, {'id': 84, 'x': 6, 'y': 6, 'ocupantes': [{'numero': 9, 'nombre': 'Suarez', 'equipo_id': 'equipo:TOKEN-581c91bb-e060-4aaa-89eb-56f8d59e7482', 'sector_id': 84}]}, {'id': 121, 'x': 4, 'y': 9, 'ocupantes': [{'numero': 10, 'nombre': 'Messi', 'equipo_id': 'equipo:TOKEN-581c91bb-e060-4aaa-89eb-56f8d59e7482', 'es_el_crack': True, 'sector_id': 121}]}, {'id': 125, 'x': 8, 'y': 9, 'ocupantes': [{'numero': 11, 'nombre': 'Neymar Jr', 'equipo_id': 'equipo:TOKEN-581c91bb-e060-4aaa-89eb-56f8d59e7482', 'tiene_la_pelota': True, 'sector_id': 125}]}], 'ubicacion_pelota': {'id': 121, 'x': 4, 'y': 9}, 'time_stamp': '1747346998161'}, {'tipo': 'reloj', 'reloj': 123726}]}
2025-05-15 19:10:59 [WARNING] client: Otro mensaje recibido.
Mensaje Enviado: mensaje_id='PATEAR' token='TOKEN-2913f659-71dc-46f5-9585-20e42ba3b50d' datos={'x': 6, 'y': 0}

Mensaje recibido: None
2025-05-15 19:10:59 [INFO] client: Reaccionar
2025-05-15 19:10:59 [INFO] utils: Posiciones base inicializadas: {1: Coordenada(x=6, y=19), 2: Coordenada(x=1, y=16), 3: Coordenada(x=4, y=16), 4: Coordenada(x=8, y=16), 5: Coordenada(x=11, y=16), 6: Coordenada(x=3, y=13), 7: Coordenada(x=6, y=13), 8: Coordenada(x=9, y=13), 9: Coordenada(x=5, y=1), 10: Coordenada(x=8, y=9), 11: Coordenada(x=4, y=10)}
2025-05-15 19:10:59 [INFO] utils: Pelota en el aire.
2025-05-15 19:10:59 [INFO] utils: Jugador mas cercano 11
2025-05-15 19:10:59 [INFO] client: Accion enviada. Mensaje: mensaje_id='CORRER' token='TOKEN-2913f659-71dc-46f5-9585-20e42ba3b50d' datos={'movimientos': [{'jugador_numero': 11, 'x': 4, 'y': 9}]}
2025-05-15 19:11:00 [INFO] client: Reaccionar
2025-05-15 19:11:00 [INFO] utils: Posiciones base inicializadas: {1: Coordenada(x=6, y=19), 2: Coordenada(x=1, y=16), 3: Coordenada(x=4, y=16), 4: Coordenada(x=8, y=16), 5: Coordenada(x=11, y=16), 6: Coordenada(x=3, y=13), 7: Coordenada(x=6, y=13), 8: Coordenada(x=9, y=13), 9: Coordenada(x=5, y=1), 10: Coordenada(x=8, y=9), 11: Coordenada(x=4, y=10)}
2025-05-15 19:11:00 [INFO] utils: Pelota en el aire.
2025-05-15 19:11:00 [INFO] utils: Jugador mas cercano 11
2025-05-15 19:11:00 [INFO] client: Accion enviada. Mensaje: mensaje_id='CORRER' token='TOKEN-2913f659-71dc-46f5-9585-20e42ba3b50d' datos={'movimientos': [{'jugador_numero': 11, 'x': 4, 'y': 9}]}
2025-05-15 19:11:00 [INFO] client: Reaccionar
2025-05-15 19:11:00 [INFO] utils: Posiciones base inicializadas: {1: Coordenada(x=6, y=19), 2: Coordenada(x=1, y=16), 3: Coordenada(x=4, y=16), 4: Coordenada(x=8, y=16), 5: Coordenada(x=11, y=16), 6: Coordenada(x=3, y=13), 7: Coordenada(x=6, y=13), 8: Coordenada(x=9, y=13), 9: Coordenada(x=5, y=1), 10: Coordenada(x=8, y=9), 11: Coordenada(x=4, y=9)}
2025-05-15 19:11:00 [INFO] utils: Jugador mas cercano 11
2025-05-15 19:11:00 [INFO] client: Accion enviada. Mensaje: mensaje_id='MARCAR_ADVERSARIO' token='TOKEN-2913f659-71dc-46f5-9585-20e42ba3b50d' datos={'jugador_numero': 11, 'adversario_numero': 7}
2025-05-15 19:11:00 [INFO] client: Reaccionar
2025-05-15 19:11:00 [INFO] utils: Posiciones base inicializadas: {1: Coordenada(x=6, y=19), 2: Coordenada(x=1, y=16), 3: Coordenada(x=4, y=16), 4: Coordenada(x=8, y=16), 5: Coordenada(x=11, y=16), 6: Coordenada(x=3, y=13), 7: Coordenada(x=6, y=13), 8: Coordenada(x=9, y=13), 9: Coordenada(x=5, y=1), 10: Coordenada(x=8, y=9), 11: Coordenada(x=4, y=9)}
2025-05-15 19:11:00 [INFO] utils: Jugador mas cercano 11
2025-05-15 19:11:00 [INFO] client: Accion enviada. Mensaje: mensaje_id='MARCAR_ADVERSARIO' token='TOKEN-2913f659-71dc-46f5-9585-20e42ba3b50d' datos={'jugador_numero': 11, 'adversario_numero': 7}
2025-05-15 19:11:00 [ERROR] mensajes: msg_id no interpretado. Data: {'mensaje_id': 'OCUPADO', 'datos': {'descripcion': 'El Servidor está ocupado en este momento. Intente más tarde.'}}
2025-05-15 19:11:00 [WARNING] client: Otro mensaje recibido.
Mensaje Enviado: mensaje_id='MARCAR_ADVERSARIO' token='TOKEN-2913f659-71dc-46f5-9585-20e42ba3b50d' datos={'jugador_numero': 11, 'adversario_numero': 7}

Mensaje recibido: None
2025-05-15 19:11:01 [INFO] client: Tienes la pelota!
2025-05-15 19:11:01 [INFO] client: Accion enviada. Mensaje: mensaje_id='PATEAR' token='TOKEN-2913f659-71dc-46f5-9585-20e42ba3b50d' datos={'x': 6, 'y': 0}
2025-05-15 19:11:01 [INFO] client: Reaccionar
2025-05-15 19:11:01 [INFO] utils: Posiciones base inicializadas: {1: Coordenada(x=6, y=19), 2: Coordenada(x=1, y=16), 3: Coordenada(x=4, y=16), 4: Coordenada(x=8, y=16), 5: Coordenada(x=11, y=16), 6: Coordenada(x=3, y=13), 7: Coordenada(x=6, y=13), 8: Coordenada(x=9, y=13), 9: Coordenada(x=5, y=1), 10: Coordenada(x=8, y=9), 11: Coordenada(x=4, y=9)}
2025-05-15 19:11:01 [INFO] utils: Jugador mas cercano 11
2025-05-15 19:11:01 [INFO] client: Accion enviada. Mensaje: mensaje_id='MARCAR_ADVERSARIO' token='TOKEN-2913f659-71dc-46f5-9585-20e42ba3b50d' datos={'jugador_numero': 11, 'adversario_numero': 7}
2025-05-15 19:11:02 [ERROR] client: Mensaje de error del servidor. Mensaje enviado: mensaje_id='MARCAR_ADVERSARIO' token='TOKEN-2913f659-71dc-46f5-9585-20e42ba3b50d' datos={'jugador_numero': 11, 'adversario_numero': 7}, Mensaje recibido: mensaje_id='ERROR' datos={'descripcion': 'PATEAR no se puede ejecturar por no poseer la pelota.'}
2025-05-15 19:11:02 [INFO] client: Reaccionar
2025-05-15 19:11:02 [INFO] utils: Posiciones base inicializadas: {1: Coordenada(x=6, y=19), 2: Coordenada(x=1, y=16), 3: Coordenada(x=4, y=16), 4: Coordenada(x=8, y=16), 5: Coordenada(x=11, y=16), 6: Coordenada(x=3, y=13), 7: Coordenada(x=6, y=13), 8: Coordenada(x=9, y=13), 9: Coordenada(x=5, y=1), 10: Coordenada(x=8, y=9), 11: Coordenada(x=4, y=9)}
2025-05-15 19:11:02 [INFO] utils: Jugador mas cercano 11
2025-05-15 19:11:02 [INFO] client: Accion enviada. Mensaje: mensaje_id='MARCAR_ADVERSARIO' token='TOKEN-2913f659-71dc-46f5-9585-20e42ba3b50d' datos={'jugador_numero': 11, 'adversario_numero': 7}
2025-05-15 19:11:02 [INFO] client: Reaccionar
2025-05-15 19:11:02 [INFO] utils: Posiciones base inicializadas: {1: Coordenada(x=6, y=19), 2: Coordenada(x=1, y=16), 3: Coordenada(x=4, y=16), 4: Coordenada(x=8, y=16), 5: Coordenada(x=11, y=16), 6: Coordenada(x=3, y=13), 7: Coordenada(x=6, y=13), 8: Coordenada(x=9, y=13), 9: Coordenada(x=5, y=1), 10: Coordenada(x=8, y=9), 11: Coordenada(x=4, y=9)}
2025-05-15 19:11:02 [INFO] utils: Jugador mas cercano 11
2025-05-15 19:11:02 [INFO] client: Accion enviada. Mensaje: mensaje_id='MARCAR_ADVERSARIO' token='TOKEN-2913f659-71dc-46f5-9585-20e42ba3b50d' datos={'jugador_numero': 11, 'adversario_numero': 7}
2025-05-15 19:11:02 [INFO] client: Reaccionar
2025-05-15 19:11:02 [INFO] utils: Posiciones base inicializadas: {1: Coordenada(x=6, y=19), 2: Coordenada(x=1, y=16), 3: Coordenada(x=4, y=16), 4: Coordenada(x=8, y=16), 5: Coordenada(x=11, y=16), 6: Coordenada(x=3, y=13), 7: Coordenada(x=6, y=13), 8: Coordenada(x=9, y=13), 9: Coordenada(x=5, y=1), 10: Coordenada(x=8, y=9), 11: Coordenada(x=4, y=9)}
2025-05-15 19:11:02 [INFO] utils: Pelota en el aire.
2025-05-15 19:11:02 [INFO] utils: Jugador mas cercano 11
2025-05-15 19:11:02 [INFO] client: Accion enviada. Mensaje: mensaje_id='CORRER' token='TOKEN-2913f659-71dc-46f5-9585-20e42ba3b50d' datos={'movimientos': [{'jugador_numero': 11, 'x': 4, 'y': 9}]}
2025-05-15 19:11:02 [INFO] client: Reaccionar
2025-05-15 19:11:02 [INFO] utils: Posiciones base inicializadas: {1: Coordenada(x=6, y=19), 2: Coordenada(x=1, y=16), 3: Coordenada(x=4, y=16), 4: Coordenada(x=8, y=16), 5: Coordenada(x=11, y=16), 6: Coordenada(x=3, y=13), 7: Coordenada(x=6, y=13), 8: Coordenada(x=9, y=13), 9: Coordenada(x=5, y=1), 10: Coordenada(x=8, y=9), 11: Coordenada(x=4, y=9)}
2025-05-15 19:11:02 [INFO] utils: Jugador mas cercano 11
2025-05-15 19:11:02 [INFO] client: Accion enviada. Mensaje: mensaje_id='CORRER' token='TOKEN-2913f659-71dc-46f5-9585-20e42ba3b50d' datos={'movimientos': [{'jugador_numero': 11, 'x': 5, 'y': 6}]}
2025-05-15 19:11:02 [ERROR] mensajes: msg_id no interpretado. Data: {'mensaje_id': 'OCUPADO', 'datos': {'descripcion': 'El Servidor está ocupado en este momento. Intente más tarde.'}}
2025-05-15 19:11:02 [WARNING] client: Otro mensaje recibido.
Mensaje Enviado: mensaje_id='CORRER' token='TOKEN-2913f659-71dc-46f5-9585-20e42ba3b50d' datos={'movimientos': [{'jugador_numero': 11, 'x': 5, 'y': 6}]}

Mensaje recibido: None
2025-05-15 19:11:03 [INFO] client: Reaccionar
2025-05-15 19:11:03 [INFO] utils: Posiciones base inicializadas: {1: Coordenada(x=6, y=19), 2: Coordenada(x=1, y=16), 3: Coordenada(x=4, y=16), 4: Coordenada(x=8, y=16), 5: Coordenada(x=11, y=16), 6: Coordenada(x=3, y=13), 7: Coordenada(x=6, y=13), 8: Coordenada(x=9, y=13), 9: Coordenada(x=5, y=1), 10: Coordenada(x=8, y=9), 11: Coordenada(x=4, y=9)}
2025-05-15 19:11:03 [INFO] utils: Jugador mas cercano 11
2025-05-15 19:11:03 [INFO] client: Accion enviada. Mensaje: mensaje_id='CORRER' token='TOKEN-2913f659-71dc-46f5-9585-20e42ba3b50d' datos={'movimientos': [{'jugador_numero': 11, 'x': 5, 'y': 6}]}
2025-05-15 19:11:03 [INFO] client: Reaccionar
2025-05-15 19:11:03 [INFO] utils: Posiciones base inicializadas: {1: Coordenada(x=6, y=19), 2: Coordenada(x=1, y=16), 3: Coordenada(x=4, y=16), 4: Coordenada(x=8, y=16), 5: Coordenada(x=11, y=16), 6: Coordenada(x=3, y=13), 7: Coordenada(x=6, y=13), 8: Coordenada(x=9, y=13), 9: Coordenada(x=5, y=1), 10: Coordenada(x=8, y=9), 11: Coordenada(x=4, y=9)}
2025-05-15 19:11:03 [INFO] utils: Jugador mas cercano 11
2025-05-15 19:11:03 [INFO] client: Accion enviada. Mensaje: mensaje_id='CORRER' token='TOKEN-2913f659-71dc-46f5-9585-20e42ba3b50d' datos={'movimientos': [{'jugador_numero': 11, 'x': 5, 'y': 6}]}
2025-05-15 19:11:03 [INFO] client: Reaccionar
2025-05-15 19:11:03 [INFO] utils: Posiciones base inicializadas: {1: Coordenada(x=6, y=19), 2: Coordenada(x=1, y=16), 3: Coordenada(x=4, y=16), 4: Coordenada(x=8, y=16), 5: Coordenada(x=11, y=16), 6: Coordenada(x=3, y=13), 7: Coordenada(x=6, y=13), 8: Coordenada(x=9, y=13), 9: Coordenada(x=5, y=1), 10: Coordenada(x=8, y=9), 11: Coordenada(x=4, y=9)}
2025-05-15 19:11:03 [INFO] utils: Jugador mas cercano 11
2025-05-15 19:11:03 [INFO] client: Accion enviada. Mensaje: mensaje_id='CORRER' token='TOKEN-2913f659-71dc-46f5-9585-20e42ba3b50d' datos={'movimientos': [{'jugador_numero': 11, 'x': 5, 'y': 6}]}
2025-05-15 19:11:03 [ERROR] mensajes: msg_id no interpretado. Data: {'mensaje_id': 'OCUPADO', 'datos': {'descripcion': 'El Servidor está ocupado en este momento. Intente más tarde.'}}
2025-05-15 19:11:03 [WARNING] client: Otro mensaje recibido.
Mensaje Enviado: mensaje_id='CORRER' token='TOKEN-2913f659-71dc-46f5-9585-20e42ba3b50d' datos={'movimientos': [{'jugador_numero': 11, 'x': 5, 'y': 6}]}

Mensaje recibido: None
2025-05-15 19:11:04 [INFO] client: Tienes la pelota!
2025-05-15 19:11:04 [INFO] client: Accion enviada. Mensaje: mensaje_id='PATEAR' token='TOKEN-2913f659-71dc-46f5-9585-20e42ba3b50d' datos={'x': 6, 'y': 0}
2025-05-15 19:11:04 [INFO] client: Reaccionar
2025-05-15 19:11:04 [INFO] utils: Posiciones base inicializadas: {1: Coordenada(x=6, y=19), 2: Coordenada(x=1, y=16), 3: Coordenada(x=4, y=16), 4: Coordenada(x=8, y=16), 5: Coordenada(x=11, y=16), 6: Coordenada(x=3, y=13), 7: Coordenada(x=6, y=13), 8: Coordenada(x=9, y=13), 9: Coordenada(x=5, y=1), 10: Coordenada(x=8, y=9), 11: Coordenada(x=5, y=6)}
2025-05-15 19:11:04 [INFO] utils: Jugador mas cercano 11
2025-05-15 19:11:04 [INFO] client: Accion enviada. Mensaje: mensaje_id='MARCAR_ADVERSARIO' token='TOKEN-2913f659-71dc-46f5-9585-20e42ba3b50d' datos={'jugador_numero': 11, 'adversario_numero': 9}
2025-05-15 19:11:04 [INFO] client: Tienes la pelota!
2025-05-15 19:11:04 [INFO] client: Accion enviada. Mensaje: mensaje_id='PATEAR' token='TOKEN-2913f659-71dc-46f5-9585-20e42ba3b50d' datos={'x': 6, 'y': 0}
2025-05-15 19:11:04 [ERROR] mensajes: msg_id no interpretado. Data: {'mensaje_id': 'OCUPADO', 'datos': {'descripcion': 'El Servidor está ocupado en este momento. Intente más tarde.'}}
2025-05-15 19:11:04 [WARNING] client: Otro mensaje recibido.
Mensaje Enviado: mensaje_id='PATEAR' token='TOKEN-2913f659-71dc-46f5-9585-20e42ba3b50d' datos={'x': 6, 'y': 0}

Mensaje recibido: None
2025-05-15 19:11:05 [INFO] client: Reaccionar
2025-05-15 19:11:05 [INFO] utils: Posiciones base inicializadas: {1: Coordenada(x=6, y=19), 2: Coordenada(x=1, y=16), 3: Coordenada(x=4, y=16), 4: Coordenada(x=8, y=16), 5: Coordenada(x=11, y=16), 6: Coordenada(x=3, y=13), 7: Coordenada(x=6, y=13), 8: Coordenada(x=9, y=13), 9: Coordenada(x=5, y=1), 10: Coordenada(x=8, y=9), 11: Coordenada(x=5, y=6)}
2025-05-15 19:11:05 [INFO] utils: Jugador mas cercano 9
2025-05-15 19:11:05 [INFO] client: Accion enviada. Mensaje: mensaje_id='CORRER' token='TOKEN-2913f659-71dc-46f5-9585-20e42ba3b50d' datos={'movimientos': [{'jugador_numero': 9, 'x': 6, 'y': 3}]}
2025-05-15 19:11:05 [INFO] client: Reaccionar
2025-05-15 19:11:05 [INFO] utils: Posiciones base inicializadas: {1: Coordenada(x=6, y=19), 2: Coordenada(x=1, y=16), 3: Coordenada(x=4, y=16), 4: Coordenada(x=8, y=16), 5: Coordenada(x=11, y=16), 6: Coordenada(x=3, y=13), 7: Coordenada(x=6, y=13), 8: Coordenada(x=9, y=13), 9: Coordenada(x=5, y=1), 10: Coordenada(x=8, y=9), 11: Coordenada(x=5, y=6)}
2025-05-15 19:11:05 [INFO] utils: Jugador mas cercano 9
2025-05-15 19:11:05 [INFO] client: Accion enviada. Mensaje: mensaje_id='CORRER' token='TOKEN-2913f659-71dc-46f5-9585-20e42ba3b50d' datos={'movimientos': [{'jugador_numero': 9, 'x': 6, 'y': 3}]}
2025-05-15 19:11:05 [INFO] client: Reaccionar
2025-05-15 19:11:05 [INFO] utils: Posiciones base inicializadas: {1: Coordenada(x=6, y=19), 2: Coordenada(x=1, y=16), 3: Coordenada(x=4, y=16), 4: Coordenada(x=8, y=16), 5: Coordenada(x=11, y=16), 6: Coordenada(x=3, y=13), 7: Coordenada(x=6, y=13), 8: Coordenada(x=9, y=13), 9: Coordenada(x=5, y=1), 10: Coordenada(x=8, y=9), 11: Coordenada(x=5, y=6)}
2025-05-15 19:11:05 [INFO] utils: Jugador mas cercano 9
2025-05-15 19:11:05 [INFO] client: Accion enviada. Mensaje: mensaje_id='CORRER' token='TOKEN-2913f659-71dc-46f5-9585-20e42ba3b50d' datos={'movimientos': [{'jugador_numero': 9, 'x': 6, 'y': 3}]}
2025-05-15 19:11:05 [ERROR] mensajes: msg_id no interpretado. Data: {'mensaje_id': 'OCUPADO', 'datos': {'descripcion': 'El Servidor está ocupado en este momento. Intente más tarde.'}}
2025-05-15 19:11:05 [WARNING] client: Otro mensaje recibido.
Mensaje Enviado: mensaje_id='CORRER' token='TOKEN-2913f659-71dc-46f5-9585-20e42ba3b50d' datos={'movimientos': [{'jugador_numero': 9, 'x': 6, 'y': 3}]}

Mensaje recibido: None
2025-05-15 19:11:06 [INFO] client: Tienes la pelota!
2025-05-15 19:11:06 [INFO] client: Accion enviada. Mensaje: mensaje_id='PATEAR' token='TOKEN-2913f659-71dc-46f5-9585-20e42ba3b50d' datos={'x': 6, 'y': 0}
2025-05-15 19:11:06 [INFO] client: Tienes la pelota!
2025-05-15 19:11:06 [INFO] client: Accion enviada. Mensaje: mensaje_id='PATEAR' token='TOKEN-2913f659-71dc-46f5-9585-20e42ba3b50d' datos={'x': 6, 'y': 0}
2025-05-15 19:11:06 [INFO] client: Reaccionar
2025-05-15 19:11:06 [INFO] utils: Posiciones base inicializadas: {1: Coordenada(x=6, y=19), 2: Coordenada(x=1, y=16), 3: Coordenada(x=4, y=16), 4: Coordenada(x=8, y=16), 5: Coordenada(x=11, y=16), 6: Coordenada(x=3, y=13), 7: Coordenada(x=6, y=13), 8: Coordenada(x=9, y=13), 9: Coordenada(x=6, y=3), 10: Coordenada(x=8, y=9), 11: Coordenada(x=5, y=6)}
2025-05-15 19:11:06 [INFO] utils: Jugador mas cercano 9
2025-05-15 19:11:06 [INFO] client: Accion enviada. Mensaje: mensaje_id='CORRER' token='TOKEN-2913f659-71dc-46f5-9585-20e42ba3b50d' datos={'movimientos': [{'jugador_numero': 9, 'x': 6, 'y': 3}]}
2025-05-15 19:11:06 [INFO] client: Reaccionar
2025-05-15 19:11:06 [INFO] utils: Posiciones base inicializadas: {1: Coordenada(x=6, y=19), 2: Coordenada(x=1, y=16), 3: Coordenada(x=4, y=16), 4: Coordenada(x=8, y=16), 5: Coordenada(x=11, y=16), 6: Coordenada(x=3, y=13), 7: Coordenada(x=6, y=13), 8: Coordenada(x=9, y=13), 9: Coordenada(x=6, y=3), 10: Coordenada(x=8, y=9), 11: Coordenada(x=5, y=6)}
2025-05-15 19:11:06 [INFO] utils: Jugador mas cercano 9
2025-05-15 19:11:06 [INFO] client: Accion enviada. Mensaje: mensaje_id='CORRER' token='TOKEN-2913f659-71dc-46f5-9585-20e42ba3b50d' datos={'movimientos': [{'jugador_numero': 9, 'x': 6, 'y': 3}]}
2025-05-15 19:11:06 [ERROR] mensajes: msg_id no interpretado. Data: {'mensaje_id': 'OCUPADO', 'datos': {'descripcion': 'El Servidor está ocupado en este momento. Intente más tarde.'}}
2025-05-15 19:11:06 [WARNING] client: Otro mensaje recibido.
Mensaje Enviado: mensaje_id='CORRER' token='TOKEN-2913f659-71dc-46f5-9585-20e42ba3b50d' datos={'movimientos': [{'jugador_numero': 9, 'x': 6, 'y': 3}]}

Mensaje recibido: None
2025-05-15 19:11:07 [ERROR] client: Mensaje de error del servidor. Mensaje enviado: mensaje_id='CORRER' token='TOKEN-2913f659-71dc-46f5-9585-20e42ba3b50d' datos={'movimientos': [{'jugador_numero': 9, 'x': 6, 'y': 3}]}, Mensaje recibido: mensaje_id='ERROR' datos={'descripcion': 'PATEAR no se puede ejecturar por no poseer la pelota.'}
2025-05-15 19:11:07 [INFO] client: Reaccionar
2025-05-15 19:11:07 [INFO] utils: Posiciones base inicializadas: {1: Coordenada(x=6, y=19), 2: Coordenada(x=1, y=16), 3: Coordenada(x=4, y=16), 4: Coordenada(x=8, y=16), 5: Coordenada(x=11, y=16), 6: Coordenada(x=3, y=13), 7: Coordenada(x=6, y=13), 8: Coordenada(x=9, y=13), 9: Coordenada(x=6, y=3), 10: Coordenada(x=8, y=9), 11: Coordenada(x=5, y=6)}
2025-05-15 19:11:07 [INFO] utils: Jugador mas cercano 9
2025-05-15 19:11:07 [INFO] client: Accion enviada. Mensaje: mensaje_id='MARCAR_ADVERSARIO' token='TOKEN-2913f659-71dc-46f5-9585-20e42ba3b50d' datos={'jugador_numero': 9, 'adversario_numero': 1}
2025-05-15 19:11:07 [ERROR] client: Mensaje de error del servidor. Mensaje enviado: mensaje_id='MARCAR_ADVERSARIO' token='TOKEN-2913f659-71dc-46f5-9585-20e42ba3b50d' datos={'jugador_numero': 9, 'adversario_numero': 1}, Mensaje recibido: mensaje_id='ERROR' datos={'descripcion': 'PATEAR no se puede ejecturar por no poseer la pelota.'}
2025-05-15 19:11:07 [INFO] client: Reaccionar
2025-05-15 19:11:07 [INFO] utils: Posiciones base inicializadas: {1: Coordenada(x=6, y=19), 2: Coordenada(x=1, y=16), 3: Coordenada(x=4, y=16), 4: Coordenada(x=8, y=16), 5: Coordenada(x=11, y=16), 6: Coordenada(x=3, y=13), 7: Coordenada(x=6, y=13), 8: Coordenada(x=9, y=13), 9: Coordenada(x=6, y=3), 10: Coordenada(x=8, y=9), 11: Coordenada(x=5, y=6)}
2025-05-15 19:11:07 [INFO] utils: Jugador mas cercano 9
2025-05-15 19:11:07 [INFO] client: Accion enviada. Mensaje: mensaje_id='MARCAR_ADVERSARIO' token='TOKEN-2913f659-71dc-46f5-9585-20e42ba3b50d' datos={'jugador_numero': 9, 'adversario_numero': 1}
2025-05-15 19:11:08 [INFO] client: Reaccionar
2025-05-15 19:11:08 [INFO] utils: Posiciones base inicializadas: {1: Coordenada(x=6, y=19), 2: Coordenada(x=1, y=16), 3: Coordenada(x=4, y=16), 4: Coordenada(x=8, y=16), 5: Coordenada(x=11, y=16), 6: Coordenada(x=3, y=13), 7: Coordenada(x=6, y=13), 8: Coordenada(x=9, y=13), 9: Coordenada(x=6, y=3), 10: Coordenada(x=8, y=9), 11: Coordenada(x=5, y=6)}
2025-05-15 19:11:08 [INFO] utils: Jugador mas cercano 9
2025-05-15 19:11:08 [INFO] client: Accion enviada. Mensaje: mensaje_id='MARCAR_ADVERSARIO' token='TOKEN-2913f659-71dc-46f5-9585-20e42ba3b50d' datos={'jugador_numero': 9, 'adversario_numero': 1}
2025-05-15 19:11:08 [INFO] client: Reaccionar
2025-05-15 19:11:08 [INFO] utils: Posiciones base inicializadas: {1: Coordenada(x=6, y=19), 2: Coordenada(x=1, y=16), 3: Coordenada(x=4, y=16), 4: Coordenada(x=8, y=16), 5: Coordenada(x=11, y=16), 6: Coordenada(x=3, y=13), 7: Coordenada(x=6, y=13), 8: Coordenada(x=9, y=13), 9: Coordenada(x=6, y=3), 10: Coordenada(x=8, y=9), 11: Coordenada(x=5, y=6)}
2025-05-15 19:11:08 [INFO] utils: Jugador mas cercano 9
2025-05-15 19:11:08 [INFO] client: Accion enviada. Mensaje: mensaje_id='CORRER' token='TOKEN-2913f659-71dc-46f5-9585-20e42ba3b50d' datos={'movimientos': [{'jugador_numero': 9, 'x': 5, 'y': 1}]}
2025-05-15 19:11:08 [INFO] client: Tienes la pelota!
2025-05-15 19:11:08 [INFO] client: Accion enviada. Mensaje: mensaje_id='PATEAR' token='TOKEN-2913f659-71dc-46f5-9585-20e42ba3b50d' datos={'x': 6, 'y': 0}
2025-05-15 19:11:08 [INFO] client: Reaccionar
2025-05-15 19:11:08 [INFO] utils: Posiciones base inicializadas: {1: Coordenada(x=6, y=19), 2: Coordenada(x=1, y=16), 3: Coordenada(x=4, y=16), 4: Coordenada(x=8, y=16), 5: Coordenada(x=11, y=16), 6: Coordenada(x=3, y=13), 7: Coordenada(x=6, y=13), 8: Coordenada(x=9, y=13), 9: Coordenada(x=6, y=3), 10: Coordenada(x=8, y=9), 11: Coordenada(x=5, y=6)}
2025-05-15 19:11:08 [INFO] utils: Jugador mas cercano 9
2025-05-15 19:11:08 [INFO] client: Accion enviada. Mensaje: mensaje_id='MARCAR_ADVERSARIO' token='TOKEN-2913f659-71dc-46f5-9585-20e42ba3b50d' datos={'jugador_numero': 9, 'adversario_numero': 1}
2025-05-15 19:11:08 [ERROR] mensajes: msg_id no interpretado. Data: {'mensaje_id': 'OCUPADO', 'datos': {'descripcion': 'El Servidor está ocupado en este momento. Intente más tarde.'}}
2025-05-15 19:11:08 [WARNING] client: Otro mensaje recibido.
Mensaje Enviado: mensaje_id='MARCAR_ADVERSARIO' token='TOKEN-2913f659-71dc-46f5-9585-20e42ba3b50d' datos={'jugador_numero': 9, 'adversario_numero': 1}

Mensaje recibido: None
2025-05-15 19:11:09 [INFO] client: Reaccionar
2025-05-15 19:11:09 [INFO] utils: Posiciones base inicializadas: {1: Coordenada(x=6, y=19), 2: Coordenada(x=1, y=16), 3: Coordenada(x=4, y=16), 4: Coordenada(x=8, y=16), 5: Coordenada(x=11, y=16), 6: Coordenada(x=3, y=13), 7: Coordenada(x=6, y=13), 8: Coordenada(x=9, y=13), 9: Coordenada(x=6, y=3), 10: Coordenada(x=8, y=9), 11: Coordenada(x=5, y=6)}
2025-05-15 19:11:09 [INFO] utils: Pelota en el aire.
2025-05-15 19:11:09 [INFO] utils: Jugador mas cercano 9
2025-05-15 19:11:09 [INFO] client: Accion enviada. Mensaje: mensaje_id='CORRER' token='TOKEN-2913f659-71dc-46f5-9585-20e42ba3b50d' datos={'movimientos': [{'jugador_numero': 9, 'x': 6, 'y': 3}]}
2025-05-15 19:11:09 [INFO] client: Reaccionar
2025-05-15 19:11:09 [INFO] utils: Posiciones base inicializadas: {1: Coordenada(x=6, y=19), 2: Coordenada(x=1, y=16), 3: Coordenada(x=4, y=16), 4: Coordenada(x=8, y=16), 5: Coordenada(x=11, y=16), 6: Coordenada(x=3, y=13), 7: Coordenada(x=6, y=13), 8: Coordenada(x=9, y=13), 9: Coordenada(x=6, y=3), 10: Coordenada(x=8, y=9), 11: Coordenada(x=5, y=6)}
2025-05-15 19:11:09 [INFO] utils: Jugador mas cercano 9
2025-05-15 19:11:09 [INFO] client: Accion enviada. Mensaje: mensaje_id='CORRER' token='TOKEN-2913f659-71dc-46f5-9585-20e42ba3b50d' datos={'movimientos': [{'jugador_numero': 9, 'x': 5, 'y': 1}]}
2025-05-15 19:11:09 [INFO] client: Reaccionar
2025-05-15 19:11:09 [INFO] utils: Posiciones base inicializadas: {1: Coordenada(x=6, y=19), 2: Coordenada(x=1, y=16), 3: Coordenada(x=4, y=16), 4: Coordenada(x=8, y=16), 5: Coordenada(x=11, y=16), 6: Coordenada(x=3, y=13), 7: Coordenada(x=6, y=13), 8: Coordenada(x=9, y=13), 9: Coordenada(x=6, y=3), 10: Coordenada(x=8, y=9), 11: Coordenada(x=5, y=6)}
2025-05-15 19:11:09 [INFO] utils: Jugador mas cercano 9
2025-05-15 19:11:09 [INFO] client: Accion enviada. Mensaje: mensaje_id='CORRER' token='TOKEN-2913f659-71dc-46f5-9585-20e42ba3b50d' datos={'movimientos': [{'jugador_numero': 9, 'x': 5, 'y': 1}]}
2025-05-15 19:11:09 [INFO] client: Reaccionar
2025-05-15 19:11:09 [INFO] utils: Posiciones base inicializadas: {1: Coordenada(x=6, y=19), 2: Coordenada(x=1, y=16), 3: Coordenada(x=4, y=16), 4: Coordenada(x=8, y=16), 5: Coordenada(x=11, y=16), 6: Coordenada(x=3, y=13), 7: Coordenada(x=6, y=13), 8: Coordenada(x=9, y=13), 9: Coordenada(x=5, y=1), 10: Coordenada(x=8, y=9), 11: Coordenada(x=5, y=6)}
2025-05-15 19:11:09 [INFO] utils: Jugador mas cercano 9
2025-05-15 19:11:09 [INFO] client: Accion enviada. Mensaje: mensaje_id='CORRER' token='TOKEN-2913f659-71dc-46f5-9585-20e42ba3b50d' datos={'movimientos': [{'jugador_numero': 9, 'x': 5, 'y': 1}]}
2025-05-15 19:11:09 [INFO] client: Tienes la pelota!
2025-05-15 19:11:09 [INFO] client: Accion enviada. Mensaje: mensaje_id='PATEAR' token='TOKEN-2913f659-71dc-46f5-9585-20e42ba3b50d' datos={'x': 6, 'y': 0}
2025-05-15 19:11:09 [ERROR] mensajes: msg_id no interpretado. Data: {'mensaje_id': 'OCUPADO', 'datos': {'descripcion': 'El Servidor está ocupado en este momento. Intente más tarde.'}}
2025-05-15 19:11:09 [WARNING] client: Otro mensaje recibido.
Mensaje Enviado: mensaje_id='PATEAR' token='TOKEN-2913f659-71dc-46f5-9585-20e42ba3b50d' datos={'x': 6, 'y': 0}

Mensaje recibido: None
2025-05-15 19:11:10 [INFO] client: Reaccionar
2025-05-15 19:11:10 [INFO] utils: Posiciones base inicializadas: {1: Coordenada(x=6, y=19), 2: Coordenada(x=1, y=16), 3: Coordenada(x=4, y=16), 4: Coordenada(x=8, y=16), 5: Coordenada(x=11, y=16), 6: Coordenada(x=3, y=13), 7: Coordenada(x=6, y=13), 8: Coordenada(x=9, y=13), 9: Coordenada(x=6, y=3), 10: Coordenada(x=8, y=9), 11: Coordenada(x=5, y=6)}
2025-05-15 19:11:10 [INFO] utils: Jugador mas cercano 9
2025-05-15 19:11:10 [INFO] client: Accion enviada. Mensaje: mensaje_id='MARCAR_ADVERSARIO' token='TOKEN-2913f659-71dc-46f5-9585-20e42ba3b50d' datos={'jugador_numero': 9, 'adversario_numero': 1}
2025-05-15 19:11:10 [INFO] client: Reaccionar
2025-05-15 19:11:10 [INFO] utils: Posiciones base inicializadas: {1: Coordenada(x=6, y=19), 2: Coordenada(x=1, y=16), 3: Coordenada(x=4, y=16), 4: Coordenada(x=8, y=16), 5: Coordenada(x=11, y=16), 6: Coordenada(x=3, y=13), 7: Coordenada(x=6, y=13), 8: Coordenada(x=9, y=13), 9: Coordenada(x=6, y=3), 10: Coordenada(x=8, y=9), 11: Coordenada(x=5, y=6)}
2025-05-15 19:11:10 [INFO] utils: Pelota en el aire.
2025-05-15 19:11:10 [INFO] utils: Jugador mas cercano 9
2025-05-15 19:11:10 [INFO] client: Accion enviada. Mensaje: mensaje_id='CORRER' token='TOKEN-2913f659-71dc-46f5-9585-20e42ba3b50d' datos={'movimientos': [{'jugador_numero': 9, 'x': 6, 'y': 3}]}
2025-05-15 19:11:10 [INFO] client: Reaccionar
2025-05-15 19:11:10 [INFO] utils: Posiciones base inicializadas: {1: Coordenada(x=6, y=19), 2: Coordenada(x=1, y=16), 3: Coordenada(x=4, y=16), 4: Coordenada(x=8, y=16), 5: Coordenada(x=11, y=16), 6: Coordenada(x=3, y=13), 7: Coordenada(x=6, y=13), 8: Coordenada(x=9, y=13), 9: Coordenada(x=6, y=3), 10: Coordenada(x=8, y=9), 11: Coordenada(x=5, y=6)}
2025-05-15 19:11:10 [INFO] utils: Jugador mas cercano 9
2025-05-15 19:11:10 [INFO] client: Accion enviada. Mensaje: mensaje_id='CORRER' token='TOKEN-2913f659-71dc-46f5-9585-20e42ba3b50d' datos={'movimientos': [{'jugador_numero': 9, 'x': 5, 'y': 1}]}
2025-05-15 19:11:10 [INFO] client: Tienes la pelota!
2025-05-15 19:11:10 [INFO] client: Accion enviada. Mensaje: mensaje_id='PATEAR' token='TOKEN-2913f659-71dc-46f5-9585-20e42ba3b50d' datos={'x': 6, 'y': 0}
2025-05-15 19:11:10 [ERROR] mensajes: msg_id no interpretado. Data: {'mensaje_id': 'OCUPADO', 'datos': {'descripcion': 'El Servidor está ocupado en este momento. Intente más tarde.'}}
2025-05-15 19:11:10 [WARNING] client: Otro mensaje recibido.
Mensaje Enviado: mensaje_id='PATEAR' token='TOKEN-2913f659-71dc-46f5-9585-20e42ba3b50d' datos={'x': 6, 'y': 0}

Mensaje recibido: None
2025-05-15 19:11:11 [INFO] client: Reaccionar
2025-05-15 19:11:11 [INFO] utils: Posiciones base inicializadas: {1: Coordenada(x=6, y=19), 2: Coordenada(x=1, y=16), 3: Coordenada(x=4, y=16), 4: Coordenada(x=8, y=16), 5: Coordenada(x=11, y=16), 6: Coordenada(x=3, y=13), 7: Coordenada(x=6, y=13), 8: Coordenada(x=9, y=13), 9: Coordenada(x=6, y=3), 10: Coordenada(x=8, y=9), 11: Coordenada(x=5, y=6)}
2025-05-15 19:11:11 [INFO] utils: Jugador mas cercano 9
2025-05-15 19:11:11 [INFO] client: Accion enviada. Mensaje: mensaje_id='MARCAR_ADVERSARIO' token='TOKEN-2913f659-71dc-46f5-9585-20e42ba3b50d' datos={'jugador_numero': 9, 'adversario_numero': 1}
2025-05-15 19:11:11 [INFO] client: Reaccionar
2025-05-15 19:11:11 [INFO] utils: Posiciones base inicializadas: {1: Coordenada(x=6, y=19), 2: Coordenada(x=1, y=16), 3: Coordenada(x=4, y=16), 4: Coordenada(x=8, y=16), 5: Coordenada(x=11, y=16), 6: Coordenada(x=3, y=13), 7: Coordenada(x=6, y=13), 8: Coordenada(x=9, y=13), 9: Coordenada(x=6, y=3), 10: Coordenada(x=8, y=9), 11: Coordenada(x=5, y=6)}
2025-05-15 19:11:11 [INFO] utils: Pelota en el aire.
2025-05-15 19:11:11 [INFO] utils: Jugador mas cercano 9
2025-05-15 19:11:11 [INFO] client: Accion enviada. Mensaje: mensaje_id='CORRER' token='TOKEN-2913f659-71dc-46f5-9585-20e42ba3b50d' datos={'movimientos': [{'jugador_numero': 9, 'x': 6, 'y': 3}]}
2025-05-15 19:11:11 [INFO] client: Reaccionar
2025-05-15 19:11:11 [INFO] utils: Posiciones base inicializadas: {1: Coordenada(x=6, y=19), 2: Coordenada(x=1, y=16), 3: Coordenada(x=4, y=16), 4: Coordenada(x=8, y=16), 5: Coordenada(x=11, y=16), 6: Coordenada(x=3, y=13), 7: Coordenada(x=6, y=13), 8: Coordenada(x=9, y=13), 9: Coordenada(x=6, y=3), 10: Coordenada(x=8, y=9), 11: Coordenada(x=5, y=6)}
2025-05-15 19:11:11 [INFO] utils: Jugador mas cercano 9
2025-05-15 19:11:11 [INFO] client: Accion enviada. Mensaje: mensaje_id='CORRER' token='TOKEN-2913f659-71dc-46f5-9585-20e42ba3b50d' datos={'movimientos': [{'jugador_numero': 9, 'x': 4, 'y': 0}]}
2025-05-15 19:11:11 [INFO] client: Reaccionar
2025-05-15 19:11:11 [INFO] utils: Posiciones base inicializadas: {1: Coordenada(x=6, y=19), 2: Coordenada(x=1, y=16), 3: Coordenada(x=4, y=16), 4: Coordenada(x=8, y=16), 5: Coordenada(x=11, y=16), 6: Coordenada(x=3, y=13), 7: Coordenada(x=6, y=13), 8: Coordenada(x=9, y=13), 9: Coordenada(x=6, y=3), 10: Coordenada(x=8, y=9), 11: Coordenada(x=5, y=6)}
2025-05-15 19:11:11 [INFO] utils: Jugador mas cercano 9
2025-05-15 19:11:11 [INFO] client: Accion enviada. Mensaje: mensaje_id='CORRER' token='TOKEN-2913f659-71dc-46f5-9585-20e42ba3b50d' datos={'movimientos': [{'jugador_numero': 9, 'x': 4, 'y': 0}]}
2025-05-15 19:11:11 [ERROR] mensajes: msg_id no interpretado. Data: {'mensaje_id': 'OCUPADO', 'datos': {'descripcion': 'El Servidor está ocupado en este momento. Intente más tarde.'}}
2025-05-15 19:11:11 [WARNING] client: Otro mensaje recibido.
Mensaje Enviado: mensaje_id='CORRER' token='TOKEN-2913f659-71dc-46f5-9585-20e42ba3b50d' datos={'movimientos': [{'jugador_numero': 9, 'x': 4, 'y': 0}]}

Mensaje recibido: None
2025-05-15 19:11:12 [INFO] client: Reaccionar
2025-05-15 19:11:12 [INFO] utils: Posiciones base inicializadas: {1: Coordenada(x=6, y=19), 2: Coordenada(x=1, y=16), 3: Coordenada(x=4, y=16), 4: Coordenada(x=8, y=16), 5: Coordenada(x=11, y=16), 6: Coordenada(x=3, y=13), 7: Coordenada(x=6, y=13), 8: Coordenada(x=9, y=13), 9: Coordenada(x=6, y=3), 10: Coordenada(x=8, y=9), 11: Coordenada(x=5, y=6)}
2025-05-15 19:11:12 [INFO] utils: Jugador mas cercano 9
2025-05-15 19:11:12 [INFO] client: Accion enviada. Mensaje: mensaje_id='CORRER' token='TOKEN-2913f659-71dc-46f5-9585-20e42ba3b50d' datos={'movimientos': [{'jugador_numero': 9, 'x': 4, 'y': 0}]}
2025-05-15 19:11:12 [INFO] client: Reaccionar
2025-05-15 19:11:12 [INFO] utils: Posiciones base inicializadas: {1: Coordenada(x=6, y=19), 2: Coordenada(x=1, y=16), 3: Coordenada(x=4, y=16), 4: Coordenada(x=8, y=16), 5: Coordenada(x=11, y=16), 6: Coordenada(x=3, y=13), 7: Coordenada(x=6, y=13), 8: Coordenada(x=9, y=13), 9: Coordenada(x=6, y=3), 10: Coordenada(x=8, y=9), 11: Coordenada(x=5, y=6)}
2025-05-15 19:11:12 [INFO] utils: Jugador mas cercano 9
2025-05-15 19:11:12 [INFO] client: Accion enviada. Mensaje: mensaje_id='CORRER' token='TOKEN-2913f659-71dc-46f5-9585-20e42ba3b50d' datos={'movimientos': [{'jugador_numero': 9, 'x': 4, 'y': 0}]}
2025-05-15 19:11:12 [INFO] client: Reaccionar
2025-05-15 19:11:12 [INFO] utils: Posiciones base inicializadas: {1: Coordenada(x=6, y=19), 2: Coordenada(x=1, y=16), 3: Coordenada(x=4, y=16), 4: Coordenada(x=8, y=16), 5: Coordenada(x=11, y=16), 6: Coordenada(x=3, y=13), 7: Coordenada(x=6, y=13), 8: Coordenada(x=9, y=13), 9: Coordenada(x=6, y=3), 10: Coordenada(x=8, y=9), 11: Coordenada(x=5, y=6)}
2025-05-15 19:11:12 [INFO] utils: Jugador mas cercano 9
2025-05-15 19:11:12 [INFO] client: Accion enviada. Mensaje: mensaje_id='CORRER' token='TOKEN-2913f659-71dc-46f5-9585-20e42ba3b50d' datos={'movimientos': [{'jugador_numero': 9, 'x': 4, 'y': 0}]}
2025-05-15 19:11:12 [ERROR] mensajes: msg_id no interpretado. Data: {'mensaje_id': 'OCUPADO', 'datos': {'descripcion': 'El Servidor está ocupado en este momento. Intente más tarde.'}}
2025-05-15 19:11:12 [WARNING] client: Otro mensaje recibido.
Mensaje Enviado: mensaje_id='CORRER' token='TOKEN-2913f659-71dc-46f5-9585-20e42ba3b50d' datos={'movimientos': [{'jugador_numero': 9, 'x': 4, 'y': 0}]}

Mensaje recibido: None
2025-05-15 19:11:13 [INFO] client: Reaccionar
2025-05-15 19:11:13 [INFO] utils: Posiciones base inicializadas: {1: Coordenada(x=6, y=19), 2: Coordenada(x=1, y=16), 3: Coordenada(x=4, y=16), 4: Coordenada(x=8, y=16), 5: Coordenada(x=11, y=16), 6: Coordenada(x=3, y=13), 7: Coordenada(x=6, y=13), 8: Coordenada(x=9, y=13), 9: Coordenada(x=4, y=0), 10: Coordenada(x=8, y=9), 11: Coordenada(x=5, y=6)}
2025-05-15 19:11:13 [INFO] utils: Jugador mas cercano 9
2025-05-15 19:11:13 [INFO] client: Accion enviada. Mensaje: mensaje_id='CORRER' token='TOKEN-2913f659-71dc-46f5-9585-20e42ba3b50d' datos={'movimientos': [{'jugador_numero': 9, 'x': 4, 'y': 0}]}
2025-05-15 19:11:13 [INFO] client: Reaccionar
2025-05-15 19:11:13 [INFO] utils: Posiciones base inicializadas: {1: Coordenada(x=6, y=19), 2: Coordenada(x=1, y=16), 3: Coordenada(x=4, y=16), 4: Coordenada(x=8, y=16), 5: Coordenada(x=11, y=16), 6: Coordenada(x=3, y=13), 7: Coordenada(x=6, y=13), 8: Coordenada(x=9, y=13), 9: Coordenada(x=4, y=0), 10: Coordenada(x=8, y=9), 11: Coordenada(x=5, y=6)}
2025-05-15 19:11:13 [INFO] utils: Jugador mas cercano 9
2025-05-15 19:11:13 [INFO] client: Accion enviada. Mensaje: mensaje_id='MARCAR_ADVERSARIO' token='TOKEN-2913f659-71dc-46f5-9585-20e42ba3b50d' datos={'jugador_numero': 9, 'adversario_numero': 4}
2025-05-15 19:11:13 [INFO] client: Reaccionar
2025-05-15 19:11:13 [INFO] utils: Posiciones base inicializadas: {1: Coordenada(x=6, y=19), 2: Coordenada(x=1, y=16), 3: Coordenada(x=4, y=16), 4: Coordenada(x=8, y=16), 5: Coordenada(x=11, y=16), 6: Coordenada(x=3, y=13), 7: Coordenada(x=6, y=13), 8: Coordenada(x=9, y=13), 9: Coordenada(x=4, y=0), 10: Coordenada(x=8, y=9), 11: Coordenada(x=5, y=6)}
2025-05-15 19:11:13 [INFO] utils: Jugador mas cercano 9
2025-05-15 19:11:13 [INFO] client: Accion enviada. Mensaje: mensaje_id='MARCAR_ADVERSARIO' token='TOKEN-2913f659-71dc-46f5-9585-20e42ba3b50d' datos={'jugador_numero': 9, 'adversario_numero': 4}
2025-05-15 19:11:13 [INFO] client: Reaccionar
2025-05-15 19:11:13 [INFO] utils: Posiciones base inicializadas: {1: Coordenada(x=6, y=19), 2: Coordenada(x=1, y=16), 3: Coordenada(x=4, y=16), 4: Coordenada(x=8, y=16), 5: Coordenada(x=11, y=16), 6: Coordenada(x=3, y=13), 7: Coordenada(x=6, y=13), 8: Coordenada(x=9, y=13), 9: Coordenada(x=4, y=0), 10: Coordenada(x=8, y=9), 11: Coordenada(x=5, y=6)}
2025-05-15 19:11:13 [INFO] utils: Pelota en el aire.
2025-05-15 19:11:13 [INFO] utils: Jugador mas cercano 9
2025-05-15 19:11:13 [INFO] client: Accion enviada. Mensaje: mensaje_id='CORRER' token='TOKEN-2913f659-71dc-46f5-9585-20e42ba3b50d' datos={'movimientos': [{'jugador_numero': 9, 'x': 4, 'y': 0}]}
2025-05-15 19:11:13 [INFO] client: Tienes la pelota!
2025-05-15 19:11:13 [INFO] client: Accion enviada. Mensaje: mensaje_id='PATEAR' token='TOKEN-2913f659-71dc-46f5-9585-20e42ba3b50d' datos={'x': 6, 'y': 0}
2025-05-15 19:11:13 [ERROR] mensajes: msg_id no interpretado. Data: {'mensaje_id': 'OCUPADO', 'datos': {'descripcion': 'El Servidor está ocupado en este momento. Intente más tarde.'}}
2025-05-15 19:11:13 [WARNING] client: Otro mensaje recibido.
Mensaje Enviado: mensaje_id='PATEAR' token='TOKEN-2913f659-71dc-46f5-9585-20e42ba3b50d' datos={'x': 6, 'y': 0}

Mensaje recibido: None
2025-05-15 19:11:14 [INFO] client: Tienes la pelota!
2025-05-15 19:11:14 [INFO] client: Accion enviada. Mensaje: mensaje_id='PATEAR' token='TOKEN-2913f659-71dc-46f5-9585-20e42ba3b50d' datos={'x': 6, 'y': 0}
2025-05-15 19:11:14 [INFO] client: Reaccionar
2025-05-15 19:11:14 [INFO] utils: Posiciones base inicializadas: {1: Coordenada(x=6, y=19), 2: Coordenada(x=1, y=16), 3: Coordenada(x=4, y=16), 4: Coordenada(x=8, y=16), 5: Coordenada(x=11, y=16), 6: Coordenada(x=3, y=13), 7: Coordenada(x=6, y=13), 8: Coordenada(x=9, y=13), 9: Coordenada(x=4, y=0), 10: Coordenada(x=8, y=9), 11: Coordenada(x=5, y=6)}
2025-05-15 19:11:14 [INFO] utils: Jugador mas cercano 9
2025-05-15 19:11:14 [INFO] client: Accion enviada. Mensaje: mensaje_id='MARCAR_ADVERSARIO' token='TOKEN-2913f659-71dc-46f5-9585-20e42ba3b50d' datos={'jugador_numero': 9, 'adversario_numero': 4}
2025-05-15 19:11:14 [ERROR] client: Mensaje de error del servidor. Mensaje enviado: mensaje_id='MARCAR_ADVERSARIO' token='TOKEN-2913f659-71dc-46f5-9585-20e42ba3b50d' datos={'jugador_numero': 9, 'adversario_numero': 4}, Mensaje recibido: mensaje_id='ERROR' datos={'descripcion': 'PATEAR no se puede ejecturar por no poseer la pelota.'}
2025-05-15 19:11:14 [INFO] client: Tienes la pelota!
2025-05-15 19:11:14 [INFO] client: Accion enviada. Mensaje: mensaje_id='PATEAR' token='TOKEN-2913f659-71dc-46f5-9585-20e42ba3b50d' datos={'x': 6, 'y': 0}
2025-05-15 19:11:14 [INFO] client: Reaccionar
2025-05-15 19:11:14 [INFO] utils: Posiciones base inicializadas: {1: Coordenada(x=6, y=19), 2: Coordenada(x=1, y=16), 3: Coordenada(x=4, y=16), 4: Coordenada(x=8, y=16), 5: Coordenada(x=11, y=16), 6: Coordenada(x=3, y=13), 7: Coordenada(x=6, y=13), 8: Coordenada(x=9, y=13), 9: Coordenada(x=4, y=0), 10: Coordenada(x=8, y=9), 11: Coordenada(x=5, y=6)}
2025-05-15 19:11:14 [INFO] utils: Jugador mas cercano 9
2025-05-15 19:11:14 [INFO] client: Accion enviada. Mensaje: mensaje_id='MARCAR_ADVERSARIO' token='TOKEN-2913f659-71dc-46f5-9585-20e42ba3b50d' datos={'jugador_numero': 9, 'adversario_numero': 4}
2025-05-15 19:11:15 [ERROR] client: Mensaje de error del servidor. Mensaje enviado: mensaje_id='MARCAR_ADVERSARIO' token='TOKEN-2913f659-71dc-46f5-9585-20e42ba3b50d' datos={'jugador_numero': 9, 'adversario_numero': 4}, Mensaje recibido: mensaje_id='ERROR' datos={'descripcion': 'PATEAR no se puede ejecturar por no poseer la pelota.'}
2025-05-15 19:11:15 [INFO] client: Reaccionar
2025-05-15 19:11:15 [INFO] utils: Posiciones base inicializadas: {1: Coordenada(x=6, y=19), 2: Coordenada(x=1, y=16), 3: Coordenada(x=4, y=16), 4: Coordenada(x=8, y=16), 5: Coordenada(x=11, y=16), 6: Coordenada(x=3, y=13), 7: Coordenada(x=6, y=13), 8: Coordenada(x=9, y=13), 9: Coordenada(x=4, y=0), 10: Coordenada(x=8, y=9), 11: Coordenada(x=5, y=6)}
2025-05-15 19:11:15 [INFO] utils: Jugador mas cercano 9
2025-05-15 19:11:15 [INFO] client: Accion enviada. Mensaje: mensaje_id='MARCAR_ADVERSARIO' token='TOKEN-2913f659-71dc-46f5-9585-20e42ba3b50d' datos={'jugador_numero': 9, 'adversario_numero': 4}
2025-05-15 19:11:15 [INFO] client: Reaccionar
2025-05-15 19:11:15 [INFO] utils: Posiciones base inicializadas: {1: Coordenada(x=6, y=19), 2: Coordenada(x=1, y=16), 3: Coordenada(x=4, y=16), 4: Coordenada(x=8, y=16), 5: Coordenada(x=11, y=16), 6: Coordenada(x=3, y=13), 7: Coordenada(x=6, y=13), 8: Coordenada(x=9, y=13), 9: Coordenada(x=4, y=0), 10: Coordenada(x=8, y=9), 11: Coordenada(x=5, y=6)}
2025-05-15 19:11:15 [INFO] utils: Jugador mas cercano 11
2025-05-15 19:11:15 [INFO] client: Accion enviada. Mensaje: mensaje_id='MARCAR_ADVERSARIO' token='TOKEN-2913f659-71dc-46f5-9585-20e42ba3b50d' datos={'jugador_numero': 11, 'adversario_numero': 9}
2025-05-15 19:11:15 [INFO] client: Reaccionar
2025-05-15 19:11:15 [INFO] utils: Posiciones base inicializadas: {1: Coordenada(x=6, y=19), 2: Coordenada(x=1, y=16), 3: Coordenada(x=4, y=16), 4: Coordenada(x=8, y=16), 5: Coordenada(x=11, y=16), 6: Coordenada(x=3, y=13), 7: Coordenada(x=6, y=13), 8: Coordenada(x=9, y=13), 9: Coordenada(x=4, y=0), 10: Coordenada(x=8, y=9), 11: Coordenada(x=5, y=6)}
2025-05-15 19:11:15 [INFO] utils: Jugador mas cercano 9
2025-05-15 19:11:15 [INFO] client: Accion enviada. Mensaje: mensaje_id='MARCAR_ADVERSARIO' token='TOKEN-2913f659-71dc-46f5-9585-20e42ba3b50d' datos={'jugador_numero': 9, 'adversario_numero': 4}
2025-05-15 19:11:15 [INFO] client: Reaccionar
2025-05-15 19:11:15 [INFO] utils: Posiciones base inicializadas: {1: Coordenada(x=6, y=19), 2: Coordenada(x=1, y=16), 3: Coordenada(x=4, y=16), 4: Coordenada(x=8, y=16), 5: Coordenada(x=11, y=16), 6: Coordenada(x=3, y=13), 7: Coordenada(x=6, y=13), 8: Coordenada(x=9, y=13), 9: Coordenada(x=4, y=0), 10: Coordenada(x=8, y=9), 11: Coordenada(x=5, y=6)}
2025-05-15 19:11:15 [INFO] utils: Jugador mas cercano 9
2025-05-15 19:11:15 [INFO] client: Accion enviada. Mensaje: mensaje_id='CORRER' token='TOKEN-2913f659-71dc-46f5-9585-20e42ba3b50d' datos={'movimientos': [{'jugador_numero': 9, 'x': 3, 'y': 3}]}
2025-05-15 19:11:15 [ERROR] mensajes: msg_id no interpretado. Data: {'mensaje_id': 'OCUPADO', 'datos': {'descripcion': 'El Servidor está ocupado en este momento. Intente más tarde.'}}
2025-05-15 19:11:15 [WARNING] client: Otro mensaje recibido.
Mensaje Enviado: mensaje_id='CORRER' token='TOKEN-2913f659-71dc-46f5-9585-20e42ba3b50d' datos={'movimientos': [{'jugador_numero': 9, 'x': 3, 'y': 3}]}

Mensaje recibido: None
2025-05-15 19:11:16 [INFO] client: Reaccionar
2025-05-15 19:11:16 [INFO] utils: Posiciones base inicializadas: {1: Coordenada(x=6, y=19), 2: Coordenada(x=1, y=16), 3: Coordenada(x=4, y=16), 4: Coordenada(x=8, y=16), 5: Coordenada(x=11, y=16), 6: Coordenada(x=3, y=13), 7: Coordenada(x=6, y=13), 8: Coordenada(x=9, y=13), 9: Coordenada(x=4, y=0), 10: Coordenada(x=8, y=9), 11: Coordenada(x=5, y=6)}
2025-05-15 19:11:16 [INFO] utils: Jugador mas cercano 9
2025-05-15 19:11:16 [INFO] client: Accion enviada. Mensaje: mensaje_id='CORRER' token='TOKEN-2913f659-71dc-46f5-9585-20e42ba3b50d' datos={'movimientos': [{'jugador_numero': 9, 'x': 3, 'y': 3}]}
2025-05-15 19:11:16 [INFO] client: Reaccionar
2025-05-15 19:11:16 [INFO] utils: Posiciones base inicializadas: {1: Coordenada(x=6, y=19), 2: Coordenada(x=1, y=16), 3: Coordenada(x=4, y=16), 4: Coordenada(x=8, y=16), 5: Coordenada(x=11, y=16), 6: Coordenada(x=3, y=13), 7: Coordenada(x=6, y=13), 8: Coordenada(x=9, y=13), 9: Coordenada(x=4, y=0), 10: Coordenada(x=8, y=9), 11: Coordenada(x=5, y=6)}
2025-05-15 19:11:16 [INFO] utils: Jugador mas cercano 9
2025-05-15 19:11:16 [INFO] client: Accion enviada. Mensaje: mensaje_id='CORRER' token='TOKEN-2913f659-71dc-46f5-9585-20e42ba3b50d' datos={'movimientos': [{'jugador_numero': 9, 'x': 3, 'y': 3}]}
2025-05-15 19:11:16 [INFO] client: Reaccionar
2025-05-15 19:11:16 [INFO] utils: Posiciones base inicializadas: {1: Coordenada(x=6, y=19), 2: Coordenada(x=1, y=16), 3: Coordenada(x=4, y=16), 4: Coordenada(x=8, y=16), 5: Coordenada(x=11, y=16), 6: Coordenada(x=3, y=13), 7: Coordenada(x=6, y=13), 8: Coordenada(x=9, y=13), 9: Coordenada(x=4, y=0), 10: Coordenada(x=8, y=9), 11: Coordenada(x=5, y=6)}
2025-05-15 19:11:16 [INFO] utils: Jugador mas cercano 9
2025-05-15 19:11:16 [INFO] client: Accion enviada. Mensaje: mensaje_id='CORRER' token='TOKEN-2913f659-71dc-46f5-9585-20e42ba3b50d' datos={'movimientos': [{'jugador_numero': 9, 'x': 3, 'y': 3}]}
2025-05-15 19:11:16 [INFO] client: Reaccionar
2025-05-15 19:11:16 [INFO] utils: Posiciones base inicializadas: {1: Coordenada(x=6, y=19), 2: Coordenada(x=1, y=16), 3: Coordenada(x=4, y=16), 4: Coordenada(x=8, y=16), 5: Coordenada(x=11, y=16), 6: Coordenada(x=3, y=13), 7: Coordenada(x=6, y=13), 8: Coordenada(x=9, y=13), 9: Coordenada(x=4, y=0), 10: Coordenada(x=8, y=9), 11: Coordenada(x=5, y=6)}
2025-05-15 19:11:16 [INFO] utils: Jugador mas cercano 9
2025-05-15 19:11:16 [INFO] client: Accion enviada. Mensaje: mensaje_id='CORRER' token='TOKEN-2913f659-71dc-46f5-9585-20e42ba3b50d' datos={'movimientos': [{'jugador_numero': 9, 'x': 3, 'y': 3}]}
2025-05-15 19:11:16 [INFO] client: Reaccionar
2025-05-15 19:11:16 [INFO] utils: Posiciones base inicializadas: {1: Coordenada(x=6, y=19), 2: Coordenada(x=1, y=16), 3: Coordenada(x=4, y=16), 4: Coordenada(x=8, y=16), 5: Coordenada(x=11, y=16), 6: Coordenada(x=3, y=13), 7: Coordenada(x=6, y=13), 8: Coordenada(x=9, y=13), 9: Coordenada(x=4, y=0), 10: Coordenada(x=8, y=9), 11: Coordenada(x=5, y=6)}
2025-05-15 19:11:16 [INFO] utils: Jugador mas cercano 9
2025-05-15 19:11:16 [INFO] client: Accion enviada. Mensaje: mensaje_id='CORRER' token='TOKEN-2913f659-71dc-46f5-9585-20e42ba3b50d' datos={'movimientos': [{'jugador_numero': 9, 'x': 3, 'y': 3}]}
2025-05-15 19:11:16 [INFO] client: Reaccionar
2025-05-15 19:11:16 [INFO] utils: Posiciones base inicializadas: {1: Coordenada(x=6, y=19), 2: Coordenada(x=1, y=16), 3: Coordenada(x=4, y=16), 4: Coordenada(x=8, y=16), 5: Coordenada(x=11, y=16), 6: Coordenada(x=3, y=13), 7: Coordenada(x=6, y=13), 8: Coordenada(x=9, y=13), 9: Coordenada(x=4, y=0), 10: Coordenada(x=8, y=9), 11: Coordenada(x=5, y=6)}
2025-05-15 19:11:16 [INFO] utils: Jugador mas cercano 9
2025-05-15 19:11:16 [INFO] client: Accion enviada. Mensaje: mensaje_id='CORRER' token='TOKEN-2913f659-71dc-46f5-9585-20e42ba3b50d' datos={'movimientos': [{'jugador_numero': 9, 'x': 3, 'y': 3}]}
2025-05-15 19:11:16 [ERROR] mensajes: msg_id no interpretado. Data: {'mensaje_id': 'OCUPADO', 'datos': {'descripcion': 'El Servidor está ocupado en este momento. Intente más tarde.'}}
2025-05-15 19:11:16 [WARNING] client: Otro mensaje recibido.
Mensaje Enviado: mensaje_id='CORRER' token='TOKEN-2913f659-71dc-46f5-9585-20e42ba3b50d' datos={'movimientos': [{'jugador_numero': 9, 'x': 3, 'y': 3}]}

Mensaje recibido: None
2025-05-15 19:11:17 [INFO] client: Reaccionar
2025-05-15 19:11:17 [INFO] utils: Posiciones base inicializadas: {1: Coordenada(x=6, y=19), 2: Coordenada(x=1, y=16), 3: Coordenada(x=4, y=16), 4: Coordenada(x=8, y=16), 5: Coordenada(x=11, y=16), 6: Coordenada(x=3, y=13), 7: Coordenada(x=6, y=13), 8: Coordenada(x=9, y=13), 9: Coordenada(x=3, y=3), 10: Coordenada(x=8, y=9), 11: Coordenada(x=5, y=6)}
2025-05-15 19:11:17 [INFO] utils: Jugador mas cercano 9
2025-05-15 19:11:17 [INFO] client: Accion enviada. Mensaje: mensaje_id='CORRER' token='TOKEN-2913f659-71dc-46f5-9585-20e42ba3b50d' datos={'movimientos': [{'jugador_numero': 9, 'x': 3, 'y': 3}]}
2025-05-15 19:11:17 [INFO] client: Reaccionar
2025-05-15 19:11:17 [INFO] utils: Posiciones base inicializadas: {1: Coordenada(x=6, y=19), 2: Coordenada(x=1, y=16), 3: Coordenada(x=4, y=16), 4: Coordenada(x=8, y=16), 5: Coordenada(x=11, y=16), 6: Coordenada(x=3, y=13), 7: Coordenada(x=6, y=13), 8: Coordenada(x=9, y=13), 9: Coordenada(x=3, y=3), 10: Coordenada(x=8, y=9), 11: Coordenada(x=5, y=6)}
2025-05-15 19:11:17 [INFO] utils: Jugador mas cercano 9
2025-05-15 19:11:17 [INFO] client: Accion enviada. Mensaje: mensaje_id='CORRER' token='TOKEN-2913f659-71dc-46f5-9585-20e42ba3b50d' datos={'movimientos': [{'jugador_numero': 9, 'x': 3, 'y': 3}]}
2025-05-15 19:11:17 [INFO] client: Reaccionar
2025-05-15 19:11:17 [INFO] utils: Posiciones base inicializadas: {1: Coordenada(x=6, y=19), 2: Coordenada(x=1, y=16), 3: Coordenada(x=4, y=16), 4: Coordenada(x=8, y=16), 5: Coordenada(x=11, y=16), 6: Coordenada(x=3, y=13), 7: Coordenada(x=6, y=13), 8: Coordenada(x=9, y=13), 9: Coordenada(x=3, y=3), 10: Coordenada(x=8, y=9), 11: Coordenada(x=5, y=6)}
2025-05-15 19:11:17 [INFO] utils: Jugador mas cercano 9
2025-05-15 19:11:17 [INFO] client: Accion enviada. Mensaje: mensaje_id='CORRER' token='TOKEN-2913f659-71dc-46f5-9585-20e42ba3b50d' datos={'movimientos': [{'jugador_numero': 9, 'x': 3, 'y': 3}]}
2025-05-15 19:11:17 [INFO] client: Reaccionar
2025-05-15 19:11:17 [INFO] utils: Posiciones base inicializadas: {1: Coordenada(x=6, y=19), 2: Coordenada(x=1, y=16), 3: Coordenada(x=4, y=16), 4: Coordenada(x=8, y=16), 5: Coordenada(x=11, y=16), 6: Coordenada(x=3, y=13), 7: Coordenada(x=6, y=13), 8: Coordenada(x=9, y=13), 9: Coordenada(x=3, y=3), 10: Coordenada(x=8, y=9), 11: Coordenada(x=5, y=6)}
2025-05-15 19:11:17 [INFO] utils: Jugador mas cercano 11
2025-05-15 19:11:17 [INFO] client: Accion enviada. Mensaje: mensaje_id='MARCAR_ADVERSARIO' token='TOKEN-2913f659-71dc-46f5-9585-20e42ba3b50d' datos={'jugador_numero': 11, 'adversario_numero': 9}
2025-05-15 19:11:17 [INFO] client: Reaccionar
2025-05-15 19:11:17 [INFO] utils: Posiciones base inicializadas: {1: Coordenada(x=6, y=19), 2: Coordenada(x=1, y=16), 3: Coordenada(x=4, y=16), 4: Coordenada(x=8, y=16), 5: Coordenada(x=11, y=16), 6: Coordenada(x=3, y=13), 7: Coordenada(x=6, y=13), 8: Coordenada(x=9, y=13), 9: Coordenada(x=3, y=3), 10: Coordenada(x=8, y=9), 11: Coordenada(x=5, y=6)}
2025-05-15 19:11:17 [INFO] utils: Jugador mas cercano 9
2025-05-15 19:11:17 [INFO] client: Accion enviada. Mensaje: mensaje_id='CORRER' token='TOKEN-2913f659-71dc-46f5-9585-20e42ba3b50d' datos={'movimientos': [{'jugador_numero': 9, 'x': 3, 'y': 3}]}
2025-05-15 19:11:17 [INFO] client: Reaccionar
2025-05-15 19:11:17 [INFO] utils: Posiciones base inicializadas: {1: Coordenada(x=6, y=19), 2: Coordenada(x=1, y=16), 3: Coordenada(x=4, y=16), 4: Coordenada(x=8, y=16), 5: Coordenada(x=11, y=16), 6: Coordenada(x=3, y=13), 7: Coordenada(x=6, y=13), 8: Coordenada(x=9, y=13), 9: Coordenada(x=3, y=3), 10: Coordenada(x=8, y=9), 11: Coordenada(x=5, y=6)}
2025-05-15 19:11:17 [INFO] utils: Jugador mas cercano 9
2025-05-15 19:11:17 [INFO] client: Accion enviada. Mensaje: mensaje_id='MARCAR_ADVERSARIO' token='TOKEN-2913f659-71dc-46f5-9585-20e42ba3b50d' datos={'jugador_numero': 9, 'adversario_numero': 5}
2025-05-15 19:11:17 [ERROR] mensajes: msg_id no interpretado. Data: {'mensaje_id': 'OCUPADO', 'datos': {'descripcion': 'El Servidor está ocupado en este momento. Intente más tarde.'}}
2025-05-15 19:11:17 [WARNING] client: Otro mensaje recibido.
Mensaje Enviado: mensaje_id='MARCAR_ADVERSARIO' token='TOKEN-2913f659-71dc-46f5-9585-20e42ba3b50d' datos={'jugador_numero': 9, 'adversario_numero': 5}

Mensaje recibido: None
2025-05-15 19:11:18 [INFO] client: Tienes la pelota!
2025-05-15 19:11:18 [INFO] client: Accion enviada. Mensaje: mensaje_id='PATEAR' token='TOKEN-2913f659-71dc-46f5-9585-20e42ba3b50d' datos={'x': 6, 'y': 0}
2025-05-15 19:11:18 [INFO] client: Tienes la pelota!
2025-05-15 19:11:18 [INFO] client: Accion enviada. Mensaje: mensaje_id='PATEAR' token='TOKEN-2913f659-71dc-46f5-9585-20e42ba3b50d' datos={'x': 6, 'y': 0}
2025-05-15 19:11:18 [INFO] client: Reaccionar
2025-05-15 19:11:18 [INFO] utils: Posiciones base inicializadas: {1: Coordenada(x=6, y=19), 2: Coordenada(x=1, y=16), 3: Coordenada(x=4, y=16), 4: Coordenada(x=8, y=16), 5: Coordenada(x=11, y=16), 6: Coordenada(x=3, y=13), 7: Coordenada(x=6, y=13), 8: Coordenada(x=9, y=13), 9: Coordenada(x=3, y=3), 10: Coordenada(x=8, y=9), 11: Coordenada(x=5, y=6)}
2025-05-15 19:11:18 [INFO] utils: Jugador mas cercano 9
2025-05-15 19:11:18 [INFO] client: Accion enviada. Mensaje: mensaje_id='MARCAR_ADVERSARIO' token='TOKEN-2913f659-71dc-46f5-9585-20e42ba3b50d' datos={'jugador_numero': 9, 'adversario_numero': 5}
2025-05-15 19:11:18 [ERROR] mensajes: msg_id no interpretado. Data: {'mensaje_id': 'OCUPADO', 'datos': {'descripcion': 'El Servidor está ocupado en este momento. Intente más tarde.'}}
2025-05-15 19:11:18 [WARNING] client: Otro mensaje recibido.
Mensaje Enviado: mensaje_id='MARCAR_ADVERSARIO' token='TOKEN-2913f659-71dc-46f5-9585-20e42ba3b50d' datos={'jugador_numero': 9, 'adversario_numero': 5}

Mensaje recibido: None
2025-05-15 19:11:19 [ERROR] client: Mensaje de error del servidor. Mensaje enviado: mensaje_id='MARCAR_ADVERSARIO' token='TOKEN-2913f659-71dc-46f5-9585-20e42ba3b50d' datos={'jugador_numero': 9, 'adversario_numero': 5}, Mensaje recibido: mensaje_id='ERROR' datos={'descripcion': 'PATEAR no se puede ejecturar por no poseer la pelota.'}
2025-05-15 19:11:19 [INFO] client: Reaccionar
2025-05-15 19:11:19 [INFO] utils: Posiciones base inicializadas: {1: Coordenada(x=6, y=19), 2: Coordenada(x=1, y=16), 3: Coordenada(x=4, y=16), 4: Coordenada(x=8, y=16), 5: Coordenada(x=11, y=16), 6: Coordenada(x=3, y=13), 7: Coordenada(x=6, y=13), 8: Coordenada(x=9, y=13), 9: Coordenada(x=3, y=3), 10: Coordenada(x=8, y=9), 11: Coordenada(x=5, y=6)}
2025-05-15 19:11:19 [INFO] utils: Pelota en el aire.
2025-05-15 19:11:19 [INFO] utils: Jugador mas cercano 9
2025-05-15 19:11:19 [INFO] client: Accion enviada. Mensaje: mensaje_id='CORRER' token='TOKEN-2913f659-71dc-46f5-9585-20e42ba3b50d' datos={'movimientos': [{'jugador_numero': 9, 'x': 3, 'y': 3}]}
2025-05-15 19:11:19 [INFO] client: Reaccionar
2025-05-15 19:11:19 [INFO] utils: Posiciones base inicializadas: {1: Coordenada(x=6, y=19), 2: Coordenada(x=1, y=16), 3: Coordenada(x=4, y=16), 4: Coordenada(x=8, y=16), 5: Coordenada(x=11, y=16), 6: Coordenada(x=3, y=13), 7: Coordenada(x=6, y=13), 8: Coordenada(x=9, y=13), 9: Coordenada(x=3, y=3), 10: Coordenada(x=8, y=9), 11: Coordenada(x=5, y=6)}
2025-05-15 19:11:19 [INFO] utils: Jugador mas cercano 9
2025-05-15 19:11:19 [INFO] client: Accion enviada. Mensaje: mensaje_id='CORRER' token='TOKEN-2913f659-71dc-46f5-9585-20e42ba3b50d' datos={'movimientos': [{'jugador_numero': 9, 'x': 3, 'y': 3}]}
2025-05-15 19:11:19 [ERROR] client: Mensaje de error del servidor. Mensaje enviado: mensaje_id='CORRER' token='TOKEN-2913f659-71dc-46f5-9585-20e42ba3b50d' datos={'movimientos': [{'jugador_numero': 9, 'x': 3, 'y': 3}]}, Mensaje recibido: mensaje_id='ERROR' datos={'descripcion': 'PATEAR no se puede ejecturar por no poseer la pelota.'}
2025-05-15 19:11:19 [INFO] client: Tienes la pelota!
2025-05-15 19:11:19 [INFO] client: Accion enviada. Mensaje: mensaje_id='PATEAR' token='TOKEN-2913f659-71dc-46f5-9585-20e42ba3b50d' datos={'x': 6, 'y': 0}
2025-05-15 19:11:19 [ERROR] mensajes: msg_id no interpretado. Data: {'mensaje_id': 'OCUPADO', 'datos': {'descripcion': 'El Servidor está ocupado en este momento. Intente más tarde.'}}
2025-05-15 19:11:19 [WARNING] client: Otro mensaje recibido.
Mensaje Enviado: mensaje_id='PATEAR' token='TOKEN-2913f659-71dc-46f5-9585-20e42ba3b50d' datos={'x': 6, 'y': 0}

Mensaje recibido: None
2025-05-15 19:11:20 [INFO] client: Tienes la pelota!
2025-05-15 19:11:20 [INFO] client: Accion enviada. Mensaje: mensaje_id='PATEAR' token='TOKEN-2913f659-71dc-46f5-9585-20e42ba3b50d' datos={'x': 6, 'y': 0}
2025-05-15 19:11:20 [INFO] client: Reaccionar
2025-05-15 19:11:20 [INFO] utils: Posiciones base inicializadas: {1: Coordenada(x=6, y=19), 2: Coordenada(x=1, y=16), 3: Coordenada(x=4, y=16), 4: Coordenada(x=8, y=16), 5: Coordenada(x=11, y=16), 6: Coordenada(x=3, y=13), 7: Coordenada(x=6, y=13), 8: Coordenada(x=9, y=13), 9: Coordenada(x=3, y=3), 10: Coordenada(x=8, y=9), 11: Coordenada(x=5, y=6)}
2025-05-15 19:11:20 [INFO] utils: Jugador mas cercano 9
2025-05-15 19:11:20 [INFO] client: Accion enviada. Mensaje: mensaje_id='MARCAR_ADVERSARIO' token='TOKEN-2913f659-71dc-46f5-9585-20e42ba3b50d' datos={'jugador_numero': 9, 'adversario_numero': 5}
2025-05-15 19:11:20 [INFO] client: Tienes la pelota!
2025-05-15 19:11:20 [INFO] client: Accion enviada. Mensaje: mensaje_id='PATEAR' token='TOKEN-2913f659-71dc-46f5-9585-20e42ba3b50d' datos={'x': 6, 'y': 0}
2025-05-15 19:11:20 [ERROR] mensajes: msg_id no interpretado. Data: {'mensaje_id': 'OCUPADO', 'datos': {'descripcion': 'El Servidor está ocupado en este momento. Intente más tarde.'}}
2025-05-15 19:11:20 [WARNING] client: Otro mensaje recibido.
Mensaje Enviado: mensaje_id='PATEAR' token='TOKEN-2913f659-71dc-46f5-9585-20e42ba3b50d' datos={'x': 6, 'y': 0}

Mensaje recibido: None
2025-05-15 19:11:26 [ERROR] mensajes: msg_id no interpretado. Data: {'mensaje_id': 'GOL', 'destinatario': 'TOKEN-2913f659-71dc-46f5-9585-20e42ba3b50d', 'datos': [{'id': 'equipo:TOKEN-2913f659-71dc-46f5-9585-20e42ba3b50d', 'nombre': 'LANUS', 'formacion': '4-3-3', 'rol': 2, 'goles': 3, 'arco': [{'x': 5, 'y': 19}, {'x': 6, 'y': 19}, {'x': 7, 'y': 19}]}, {'tipo': 'cancha', 'id': 'cancha', 'equipo1': {'id': 'equipo:TOKEN-581c91bb-e060-4aaa-89eb-56f8d59e7482', 'nombre': 'BARCA', 'formacion': '5-3-2', 'rol': 1, 'goles': 0, 'arco': [{'x': 5, 'y': 0}, {'x': 6, 'y': 0}, {'x': 7, 'y': 0}]}, 'equipo2': {'id': 'equipo:TOKEN-2913f659-71dc-46f5-9585-20e42ba3b50d', 'nombre': 'LANUS', 'formacion': '4-3-3', 'rol': 2, 'goles': 3, 'arco': [{'x': 5, 'y': 19}, {'x': 6, 'y': 19}, {'x': 7, 'y': 19}]}, 'sectores': [{'id': 45, 'x': 6, 'y': 3, 'ocupantes': [{'numero': 1, 'nombre': 'Valdez', 'equipo_id': 'equipo:TOKEN-581c91bb-e060-4aaa-89eb-56f8d59e7482', 'sector_id': 45, 'tiene_la_pelota': False}]}, {'id': 64, 'x': 12, 'y': 4, 'ocupantes': [{'numero': 2, 'nombre': 'Pique', 'equipo_id': 'equipo:TOKEN-581c91bb-e060-4aaa-89eb-56f8d59e7482', 'sector_id': 64, 'tiene_la_pelota': False}]}, {'id': 48, 'x': 9, 'y': 3, 'ocupantes': [{'numero': 3, 'nombre': 'Puyol', 'equipo_id': 'equipo:TOKEN-581c91bb-e060-4aaa-89eb-56f8d59e7482', 'sector_id': 48, 'tiene_la_pelota': False}]}, {'id': 4, 'x': 4, 'y': 0, 'ocupantes': [{'numero': 4, 'nombre': 'Abidal', 'equipo_id': 'equipo:TOKEN-581c91bb-e060-4aaa-89eb-56f8d59e7482', 'sector_id': 4, 'tiene_la_pelota': False}]}, {'id': 42, 'x': 3, 'y': 3, 'ocupantes': [{'numero': 5, 'nombre': 'Dani Alves', 'equipo_id': 'equipo:TOKEN-581c91bb-e060-4aaa-89eb-56f8d59e7482', 'sector_id': 42, 'tiene_la_pelota': False}, {'numero': 9, 'nombre': 'Zenón', 'equipo_id': 'equipo:TOKEN-2913f659-71dc-46f5-9585-20e42ba3b50d', 'sector_id': 42, 'tiene_la_pelota': False}]}, {'id': 52, 'x': 0, 'y': 4, 'ocupantes': [{'numero': 6, 'nombre': 'Busquets', 'equipo_id': 'equipo:TOKEN-581c91bb-e060-4aaa-89eb-56f8d59e7482', 'sector_id': 52, 'tiene_la_pelota': False}]}, {'id': 121, 'x': 4, 'y': 9, 'ocupantes': [{'numero': 7, 'nombre': 'Xavi', 'equipo_id': 'equipo:TOKEN-581c91bb-e060-4aaa-89eb-56f8d59e7482', 'sector_id': 121, 'tiene_la_pelota': False}]}, {'id': 101, 'x': 10, 'y': 7, 'ocupantes': [{'numero': 8, 'nombre': 'Iniesta', 'equipo_id': 'equipo:TOKEN-581c91bb-e060-4aaa-89eb-56f8d59e7482', 'sector_id': 101, 'tiene_la_pelota': False}]}, {'id': 83, 'x': 5, 'y': 6, 'ocupantes': [{'numero': 9, 'nombre': 'Suarez', 'equipo_id': 'equipo:TOKEN-581c91bb-e060-4aaa-89eb-56f8d59e7482', 'sector_id': 83, 'tiene_la_pelota': False}, {'numero': 11, 'nombre': 'Cavani', 'equipo_id': 'equipo:TOKEN-2913f659-71dc-46f5-9585-20e42ba3b50d', 'tiene_la_pelota': False, 'sector_id': 83}]}, {'id': 174, 'x': 5, 'y': 13, 'ocupantes': [{'numero': 10, 'nombre': 'Messi', 'equipo_id': 'equipo:TOKEN-581c91bb-e060-4aaa-89eb-56f8d59e7482', 'es_el_crack': True, 'sector_id': 174, 'tiene_la_pelota': False}]}, {'id': 125, 'x': 8, 'y': 9, 'ocupantes': [{'numero': 11, 'nombre': 'Neymar Jr', 'equipo_id': 'equipo:TOKEN-581c91bb-e060-4aaa-89eb-56f8d59e7482', 'tiene_la_pelota': False, 'sector_id': 125}, {'numero': 10, 'nombre': 'Merentiel', 'equipo_id': 'equipo:TOKEN-2913f659-71dc-46f5-9585-20e42ba3b50d', 'es_el_crack': True, 'sector_id': 125, 'tiene_la_pelota': False}]}, {'id': 253, 'x': 6, 'y': 19, 'ocupantes': [{'numero': 1, 'nombre': 'Marchesin', 'equipo_id': 'equipo:TOKEN-2913f659-71dc-46f5-9585-20e42ba3b50d', 'sector_id': 253, 'tiene_la_pelota': False}]}, {'id': 209, 'x': 1, 'y': 16, 'ocupantes': [{'numero': 2, 'nombre': 'Rojo', 'equipo_id': 'equipo:TOKEN-2913f659-71dc-46f5-9585-20e42ba3b50d', 'sector_id': 209, 'tiene_la_pelota': False}]}, {'id': 212, 'x': 4, 'y': 16, 'ocupantes': [{'numero': 3, 'nombre': 'Blanco', 'equipo_id': 'equipo:TOKEN-2913f659-71dc-46f5-9585-20e42ba3b50d', 'sector_id': 212, 'tiene_la_pelota': False}]}, {'id': 216, 'x': 8, 'y': 16, 'ocupantes': [{'numero': 4, 'nombre': 'Advíncula', 'equipo_id': 'equipo:TOKEN-2913f659-71dc-46f5-9585-20e42ba3b50d', 'sector_id': 216, 'tiene_la_pelota': False}]}, {'id': 219, 'x': 11, 'y': 16, 'ocupantes': [{'numero': 5, 'nombre': 'Blondel', 'equipo_id': 'equipo:TOKEN-2913f659-71dc-46f5-9585-20e42ba3b50d', 'sector_id': 219, 'tiene_la_pelota': False}]}, {'id': 172, 'x': 3, 'y': 13, 'ocupantes': [{'numero': 6, 'nombre': 'Belmonte', 'equipo_id': 'equipo:TOKEN-2913f659-71dc-46f5-9585-20e42ba3b50d', 'sector_id': 172, 'tiene_la_pelota': False}]}, {'id': 175, 'x': 6, 'y': 13, 'ocupantes': [{'numero': 7, 'nombre': 'Palacios', 'equipo_id': 'equipo:TOKEN-2913f659-71dc-46f5-9585-20e42ba3b50d', 'sector_id': 175, 'tiene_la_pelota': False}]}, {'id': 178, 'x': 9, 'y': 13, 'ocupantes': [{'numero': 8, 'nombre': 'Delgado', 'equipo_id': 'equipo:TOKEN-2913f659-71dc-46f5-9585-20e42ba3b50d', 'sector_id': 178, 'tiene_la_pelota': False}]}], 'ubicacion_pelota': {'id': 6, 'x': 6, 'y': 0, 'esta_la_pelota': True}, 'time_stamp': '1747347080649'}, {'tipo': 'cancha', 'id': 'cancha_formada', 'equipo1': {'id': 'equipo:TOKEN-581c91bb-e060-4aaa-89eb-56f8d59e7482', 'nombre': 'BARCA', 'formacion': '5-3-2', 'rol': 1, 'goles': 0, 'arco': [{'x': 5, 'y': 0}, {'x': 6, 'y': 0}, {'x': 7, 'y': 0}]}, 'equipo2': {'id': 'equipo:TOKEN-2913f659-71dc-46f5-9585-20e42ba3b50d', 'nombre': 'LANUS', 'formacion': '4-3-3', 'rol': 2, 'goles': 3, 'arco': [{'x': 5, 'y': 19}, {'x': 6, 'y': 19}, {'x': 7, 'y': 19}]}, 'sectores': [{'id': 253, 'x': 6, 'y': 19, 'ocupantes': [{'numero': 1, 'nombre': 'Marchesin', 'equipo_id': 'equipo:TOKEN-2913f659-71dc-46f5-9585-20e42ba3b50d', 'sector_id': 253, 'tiene_la_pelota': False}]}, {'id': 209, 'x': 1, 'y': 16, 'ocupantes': [{'numero': 2, 'nombre': 'Rojo', 'equipo_id': 'equipo:TOKEN-2913f659-71dc-46f5-9585-20e42ba3b50d', 'sector_id': 209, 'tiene_la_pelota': False}]}, {'id': 212, 'x': 4, 'y': 16, 'ocupantes': [{'numero': 3, 'nombre': 'Blanco', 'equipo_id': 'equipo:TOKEN-2913f659-71dc-46f5-9585-20e42ba3b50d', 'sector_id': 212, 'tiene_la_pelota': False}]}, {'id': 216, 'x': 8, 'y': 16, 'ocupantes': [{'numero': 4, 'nombre': 'Advíncula', 'equipo_id': 'equipo:TOKEN-2913f659-71dc-46f5-9585-20e42ba3b50d', 'sector_id': 216, 'tiene_la_pelota': False}]}, {'id': 219, 'x': 11, 'y': 16, 'ocupantes': [{'numero': 5, 'nombre': 'Blondel', 'equipo_id': 'equipo:TOKEN-2913f659-71dc-46f5-9585-20e42ba3b50d', 'sector_id': 219, 'tiene_la_pelota': False}]}, {'id': 172, 'x': 3, 'y': 13, 'ocupantes': [{'numero': 6, 'nombre': 'Belmonte', 'equipo_id': 'equipo:TOKEN-2913f659-71dc-46f5-9585-20e42ba3b50d', 'sector_id': 172, 'tiene_la_pelota': False}]}, {'id': 175, 'x': 6, 'y': 13, 'ocupantes': [{'numero': 7, 'nombre': 'Palacios', 'equipo_id': 'equipo:TOKEN-2913f659-71dc-46f5-9585-20e42ba3b50d', 'sector_id': 175, 'tiene_la_pelota': False}]}, {'id': 178, 'x': 9, 'y': 13, 'ocupantes': [{'numero': 8, 'nombre': 'Delgado', 'equipo_id': 'equipo:TOKEN-2913f659-71dc-46f5-9585-20e42ba3b50d', 'sector_id': 178, 'tiene_la_pelota': False}]}, {'id': 136, 'x': 6, 'y': 10, 'ocupantes': [{'numero': 9, 'nombre': 'Zenón', 'equipo_id': 'equipo:TOKEN-2913f659-71dc-46f5-9585-20e42ba3b50d', 'sector_id': 136, 'tiene_la_pelota': False}]}, {'id': 138, 'x': 8, 'y': 10, 'ocupantes': [{'numero': 10, 'nombre': 'Merentiel', 'equipo_id': 'equipo:TOKEN-2913f659-71dc-46f5-9585-20e42ba3b50d', 'es_el_crack': True, 'sector_id': 138, 'tiene_la_pelota': False}]}, {'id': 134, 'x': 4, 'y': 10, 'ocupantes': [{'numero': 11, 'nombre': 'Cavani', 'equipo_id': 'equipo:TOKEN-2913f659-71dc-46f5-9585-20e42ba3b50d', 'tiene_la_pelota': False, 'sector_id': 134}]}, {'id': 6, 'x': 6, 'y': 0, 'ocupantes': [{'numero': 1, 'nombre': 'Valdez', 'equipo_id': 'equipo:TOKEN-581c91bb-e060-4aaa-89eb-56f8d59e7482', 'sector_id': 6}]}, {'id': 64, 'x': 12, 'y': 4, 'ocupantes': [{'numero': 2, 'nombre': 'Pique', 'equipo_id': 'equipo:TOKEN-581c91bb-e060-4aaa-89eb-56f8d59e7482', 'sector_id': 64}]}, {'id': 48, 'x': 9, 'y': 3, 'ocupantes': [{'numero': 3, 'nombre': 'Puyol', 'equipo_id': 'equipo:TOKEN-581c91bb-e060-4aaa-89eb-56f8d59e7482', 'sector_id': 48}]}, {'id': 45, 'x': 6, 'y': 3, 'ocupantes': [{'numero': 4, 'nombre': 'Abidal', 'equipo_id': 'equipo:TOKEN-581c91bb-e060-4aaa-89eb-56f8d59e7482', 'sector_id': 45}]}, {'id': 42, 'x': 3, 'y': 3, 'ocupantes': [{'numero': 5, 'nombre': 'Dani Alves', 'equipo_id': 'equipo:TOKEN-581c91bb-e060-4aaa-89eb-56f8d59e7482', 'sector_id': 42}]}, {'id': 52, 'x': 0, 'y': 4, 'ocupantes': [{'numero': 6, 'nombre': 'Busquets', 'equipo_id': 'equipo:TOKEN-581c91bb-e060-4aaa-89eb-56f8d59e7482', 'sector_id': 52}]}, {'id': 93, 'x': 2, 'y': 7, 'ocupantes': [{'numero': 7, 'nombre': 'Xavi', 'equipo_id': 'equipo:TOKEN-581c91bb-e060-4aaa-89eb-56f8d59e7482', 'sector_id': 93}]}, {'id': 101, 'x': 10, 'y': 7, 'ocupantes': [{'numero': 8, 'nombre': 'Iniesta', 'equipo_id': 'equipo:TOKEN-581c91bb-e060-4aaa-89eb-56f8d59e7482', 'sector_id': 101}]}, {'id': 84, 'x': 6, 'y': 6, 'ocupantes': [{'numero': 9, 'nombre': 'Suarez', 'equipo_id': 'equipo:TOKEN-581c91bb-e060-4aaa-89eb-56f8d59e7482', 'sector_id': 84}]}, {'id': 121, 'x': 4, 'y': 9, 'ocupantes': [{'numero': 10, 'nombre': 'Messi', 'equipo_id': 'equipo:TOKEN-581c91bb-e060-4aaa-89eb-56f8d59e7482', 'es_el_crack': True, 'sector_id': 121}]}, {'id': 125, 'x': 8, 'y': 9, 'ocupantes': [{'numero': 11, 'nombre': 'Neymar Jr', 'equipo_id': 'equipo:TOKEN-581c91bb-e060-4aaa-89eb-56f8d59e7482', 'tiene_la_pelota': True, 'sector_id': 125}]}], 'ubicacion_pelota': {'id': 121, 'x': 4, 'y': 9}, 'time_stamp': '1747346998161'}, {'tipo': 'reloj', 'reloj': 97506}]}
2025-05-15 19:11:26 [WARNING] client: Otro mensaje recibido.
Mensaje Enviado: mensaje_id='PATEAR' token='TOKEN-2913f659-71dc-46f5-9585-20e42ba3b50d' datos={'x': 6, 'y': 0}

Mensaje recibido: None
2025-05-15 19:11:26 [INFO] client: Reaccionar
2025-05-15 19:11:26 [INFO] utils: Posiciones base inicializadas: {1: Coordenada(x=6, y=19), 2: Coordenada(x=1, y=16), 3: Coordenada(x=4, y=16), 4: Coordenada(x=8, y=16), 5: Coordenada(x=11, y=16), 6: Coordenada(x=3, y=13), 7: Coordenada(x=6, y=13), 8: Coordenada(x=9, y=13), 9: Coordenada(x=6, y=10), 10: Coordenada(x=8, y=10), 11: Coordenada(x=4, y=10)}
2025-05-15 19:11:26 [INFO] utils: Jugador mas cercano 10
2025-05-15 19:11:26 [INFO] client: Accion enviada. Mensaje: mensaje_id='MARCAR_ADVERSARIO' token='TOKEN-2913f659-71dc-46f5-9585-20e42ba3b50d' datos={'jugador_numero': 10, 'adversario_numero': 11}
2025-05-15 19:11:27 [INFO] client: Reaccionar
2025-05-15 19:11:27 [INFO] utils: Posiciones base inicializadas: {1: Coordenada(x=6, y=19), 2: Coordenada(x=1, y=16), 3: Coordenada(x=4, y=16), 4: Coordenada(x=8, y=16), 5: Coordenada(x=11, y=16), 6: Coordenada(x=3, y=13), 7: Coordenada(x=6, y=13), 8: Coordenada(x=9, y=13), 9: Coordenada(x=6, y=10), 10: Coordenada(x=8, y=10), 11: Coordenada(x=4, y=10)}
2025-05-15 19:11:27 [INFO] utils: Jugador mas cercano 10
2025-05-15 19:11:27 [INFO] client: Accion enviada. Mensaje: mensaje_id='MARCAR_ADVERSARIO' token='TOKEN-2913f659-71dc-46f5-9585-20e42ba3b50d' datos={'jugador_numero': 10, 'adversario_numero': 11}
2025-05-15 19:11:27 [INFO] client: Tienes la pelota!
2025-05-15 19:11:27 [INFO] client: Accion enviada. Mensaje: mensaje_id='PATEAR' token='TOKEN-2913f659-71dc-46f5-9585-20e42ba3b50d' datos={'x': 6, 'y': 0}
2025-05-15 19:11:28 [INFO] client: Tienes la pelota!
2025-05-15 19:11:28 [INFO] client: Accion enviada. Mensaje: mensaje_id='PATEAR' token='TOKEN-2913f659-71dc-46f5-9585-20e42ba3b50d' datos={'x': 6, 'y': 0}
2025-05-15 19:11:28 [ERROR] client: Mensaje de error del servidor. Mensaje enviado: mensaje_id='PATEAR' token='TOKEN-2913f659-71dc-46f5-9585-20e42ba3b50d' datos={'x': 6, 'y': 0}, Mensaje recibido: mensaje_id='ERROR' datos={'descripcion': 'PATEAR no se puede ejecturar por no poseer la pelota.'}
2025-05-15 19:11:28 [INFO] client: Reaccionar
2025-05-15 19:11:28 [INFO] utils: Posiciones base inicializadas: {1: Coordenada(x=6, y=19), 2: Coordenada(x=1, y=16), 3: Coordenada(x=4, y=16), 4: Coordenada(x=8, y=16), 5: Coordenada(x=11, y=16), 6: Coordenada(x=3, y=13), 7: Coordenada(x=6, y=13), 8: Coordenada(x=9, y=13), 9: Coordenada(x=6, y=10), 10: Coordenada(x=8, y=9), 11: Coordenada(x=4, y=10)}
2025-05-15 19:11:28 [INFO] utils: Jugador mas cercano 10
2025-05-15 19:11:28 [INFO] client: Accion enviada. Mensaje: mensaje_id='MARCAR_ADVERSARIO' token='TOKEN-2913f659-71dc-46f5-9585-20e42ba3b50d' datos={'jugador_numero': 10, 'adversario_numero': 11}
2025-05-15 19:11:29 [ERROR] client: Mensaje de error del servidor. Mensaje enviado: mensaje_id='MARCAR_ADVERSARIO' token='TOKEN-2913f659-71dc-46f5-9585-20e42ba3b50d' datos={'jugador_numero': 10, 'adversario_numero': 11}, Mensaje recibido: mensaje_id='ERROR' datos={'descripcion': 'PATEAR no se puede ejecturar por no poseer la pelota.'}
2025-05-15 19:11:29 [INFO] client: Tienes la pelota!
2025-05-15 19:11:29 [INFO] client: Accion enviada. Mensaje: mensaje_id='PATEAR' token='TOKEN-2913f659-71dc-46f5-9585-20e42ba3b50d' datos={'x': 6, 'y': 0}
2025-05-15 19:11:29 [INFO] client: Tienes la pelota!
2025-05-15 19:11:29 [INFO] client: Accion enviada. Mensaje: mensaje_id='PATEAR' token='TOKEN-2913f659-71dc-46f5-9585-20e42ba3b50d' datos={'x': 6, 'y': 0}
2025-05-15 19:11:30 [INFO] client: Reaccionar
2025-05-15 19:11:30 [INFO] utils: Posiciones base inicializadas: {1: Coordenada(x=6, y=19), 2: Coordenada(x=1, y=16), 3: Coordenada(x=4, y=16), 4: Coordenada(x=8, y=16), 5: Coordenada(x=11, y=16), 6: Coordenada(x=3, y=13), 7: Coordenada(x=6, y=13), 8: Coordenada(x=9, y=13), 9: Coordenada(x=6, y=10), 10: Coordenada(x=8, y=9), 11: Coordenada(x=4, y=10)}
2025-05-15 19:11:30 [INFO] utils: Jugador mas cercano 10
2025-05-15 19:11:30 [INFO] client: Accion enviada. Mensaje: mensaje_id='CORRER' token='TOKEN-2913f659-71dc-46f5-9585-20e42ba3b50d' datos={'movimientos': [{'jugador_numero': 10, 'x': 7, 'y': 5}]}
2025-05-15 19:11:30 [ERROR] client: Mensaje de error del servidor. Mensaje enviado: mensaje_id='CORRER' token='TOKEN-2913f659-71dc-46f5-9585-20e42ba3b50d' datos={'movimientos': [{'jugador_numero': 10, 'x': 7, 'y': 5}]}, Mensaje recibido: mensaje_id='ERROR' datos={'descripcion': 'PATEAR no se puede ejecturar por no poseer la pelota.'}
2025-05-15 19:11:30 [INFO] client: Reaccionar
2025-05-15 19:11:30 [INFO] utils: Posiciones base inicializadas: {1: Coordenada(x=6, y=19), 2: Coordenada(x=1, y=16), 3: Coordenada(x=4, y=16), 4: Coordenada(x=8, y=16), 5: Coordenada(x=11, y=16), 6: Coordenada(x=3, y=13), 7: Coordenada(x=6, y=13), 8: Coordenada(x=9, y=13), 9: Coordenada(x=6, y=10), 10: Coordenada(x=8, y=9), 11: Coordenada(x=4, y=10)}
2025-05-15 19:11:30 [INFO] utils: Jugador mas cercano 10
2025-05-15 19:11:30 [INFO] client: Accion enviada. Mensaje: mensaje_id='CORRER' token='TOKEN-2913f659-71dc-46f5-9585-20e42ba3b50d' datos={'movimientos': [{'jugador_numero': 10, 'x': 7, 'y': 5}]}
2025-05-15 19:11:30 [INFO] client: Reaccionar
2025-05-15 19:11:30 [INFO] utils: Posiciones base inicializadas: {1: Coordenada(x=6, y=19), 2: Coordenada(x=1, y=16), 3: Coordenada(x=4, y=16), 4: Coordenada(x=8, y=16), 5: Coordenada(x=11, y=16), 6: Coordenada(x=3, y=13), 7: Coordenada(x=6, y=13), 8: Coordenada(x=9, y=13), 9: Coordenada(x=6, y=10), 10: Coordenada(x=8, y=9), 11: Coordenada(x=4, y=10)}
2025-05-15 19:11:30 [INFO] utils: Jugador mas cercano 10
2025-05-15 19:11:30 [INFO] client: Accion enviada. Mensaje: mensaje_id='CORRER' token='TOKEN-2913f659-71dc-46f5-9585-20e42ba3b50d' datos={'movimientos': [{'jugador_numero': 10, 'x': 7, 'y': 5}]}
2025-05-15 19:11:30 [ERROR] mensajes: msg_id no interpretado. Data: {'mensaje_id': 'OCUPADO', 'datos': {'descripcion': 'El Servidor está ocupado en este momento. Intente más tarde.'}}
2025-05-15 19:11:30 [WARNING] client: Otro mensaje recibido.
Mensaje Enviado: mensaje_id='CORRER' token='TOKEN-2913f659-71dc-46f5-9585-20e42ba3b50d' datos={'movimientos': [{'jugador_numero': 10, 'x': 7, 'y': 5}]}

Mensaje recibido: None
2025-05-15 19:11:31 [INFO] client: Tienes la pelota!
2025-05-15 19:11:31 [INFO] client: Accion enviada. Mensaje: mensaje_id='PATEAR' token='TOKEN-2913f659-71dc-46f5-9585-20e42ba3b50d' datos={'x': 6, 'y': 0}
2025-05-15 19:11:31 [INFO] client: Tienes la pelota!
2025-05-15 19:11:31 [INFO] client: Accion enviada. Mensaje: mensaje_id='PATEAR' token='TOKEN-2913f659-71dc-46f5-9585-20e42ba3b50d' datos={'x': 6, 'y': 0}
2025-05-15 19:11:31 [INFO] client: Tienes la pelota!
2025-05-15 19:11:31 [INFO] client: Accion enviada. Mensaje: mensaje_id='PATEAR' token='TOKEN-2913f659-71dc-46f5-9585-20e42ba3b50d' datos={'x': 6, 'y': 0}
2025-05-15 19:11:31 [INFO] client: Reaccionar
2025-05-15 19:11:31 [INFO] utils: Posiciones base inicializadas: {1: Coordenada(x=6, y=19), 2: Coordenada(x=1, y=16), 3: Coordenada(x=4, y=16), 4: Coordenada(x=8, y=16), 5: Coordenada(x=11, y=16), 6: Coordenada(x=3, y=13), 7: Coordenada(x=6, y=13), 8: Coordenada(x=9, y=13), 9: Coordenada(x=6, y=10), 10: Coordenada(x=7, y=5), 11: Coordenada(x=4, y=10)}
2025-05-15 19:11:31 [INFO] utils: Jugador mas cercano 10
2025-05-15 19:11:31 [INFO] client: Accion enviada. Mensaje: mensaje_id='MARCAR_ADVERSARIO' token='TOKEN-2913f659-71dc-46f5-9585-20e42ba3b50d' datos={'jugador_numero': 10, 'adversario_numero': 9}
2025-05-15 19:11:31 [ERROR] mensajes: msg_id no interpretado. Data: {'mensaje_id': 'OCUPADO', 'datos': {'descripcion': 'El Servidor está ocupado en este momento. Intente más tarde.'}}
2025-05-15 19:11:31 [WARNING] client: Otro mensaje recibido.
Mensaje Enviado: mensaje_id='MARCAR_ADVERSARIO' token='TOKEN-2913f659-71dc-46f5-9585-20e42ba3b50d' datos={'jugador_numero': 10, 'adversario_numero': 9}

Mensaje recibido: None
2025-05-15 19:11:32 [ERROR] client: Mensaje de error del servidor. Mensaje enviado: mensaje_id='MARCAR_ADVERSARIO' token='TOKEN-2913f659-71dc-46f5-9585-20e42ba3b50d' datos={'jugador_numero': 10, 'adversario_numero': 9}, Mensaje recibido: mensaje_id='ERROR' datos={'descripcion': 'PATEAR no se puede ejecturar por no poseer la pelota.'}
2025-05-15 19:11:32 [INFO] client: Reaccionar
2025-05-15 19:11:32 [INFO] utils: Posiciones base inicializadas: {1: Coordenada(x=6, y=19), 2: Coordenada(x=1, y=16), 3: Coordenada(x=4, y=16), 4: Coordenada(x=8, y=16), 5: Coordenada(x=11, y=16), 6: Coordenada(x=3, y=13), 7: Coordenada(x=6, y=13), 8: Coordenada(x=9, y=13), 9: Coordenada(x=6, y=10), 10: Coordenada(x=7, y=5), 11: Coordenada(x=4, y=10)}
2025-05-15 19:11:32 [INFO] utils: Jugador mas cercano 10
2025-05-15 19:11:32 [INFO] client: Accion enviada. Mensaje: mensaje_id='MARCAR_ADVERSARIO' token='TOKEN-2913f659-71dc-46f5-9585-20e42ba3b50d' datos={'jugador_numero': 10, 'adversario_numero': 9}
2025-05-15 19:11:32 [INFO] client: Tienes la pelota!
2025-05-15 19:11:32 [INFO] client: Accion enviada. Mensaje: mensaje_id='PATEAR' token='TOKEN-2913f659-71dc-46f5-9585-20e42ba3b50d' datos={'x': 6, 'y': 0}
2025-05-15 19:11:32 [INFO] client: Reaccionar
2025-05-15 19:11:32 [INFO] utils: Posiciones base inicializadas: {1: Coordenada(x=6, y=19), 2: Coordenada(x=1, y=16), 3: Coordenada(x=4, y=16), 4: Coordenada(x=8, y=16), 5: Coordenada(x=11, y=16), 6: Coordenada(x=3, y=13), 7: Coordenada(x=6, y=13), 8: Coordenada(x=9, y=13), 9: Coordenada(x=6, y=10), 10: Coordenada(x=7, y=5), 11: Coordenada(x=4, y=10)}
2025-05-15 19:11:32 [INFO] utils: Jugador mas cercano 10
2025-05-15 19:11:32 [INFO] client: Accion enviada. Mensaje: mensaje_id='CORRER' token='TOKEN-2913f659-71dc-46f5-9585-20e42ba3b50d' datos={'movimientos': [{'jugador_numero': 10, 'x': 6, 'y': 1}]}
2025-05-15 19:11:32 [ERROR] mensajes: msg_id no interpretado. Data: {'mensaje_id': 'OCUPADO', 'datos': {'descripcion': 'El Servidor está ocupado en este momento. Intente más tarde.'}}
2025-05-15 19:11:32 [WARNING] client: Otro mensaje recibido.
Mensaje Enviado: mensaje_id='CORRER' token='TOKEN-2913f659-71dc-46f5-9585-20e42ba3b50d' datos={'movimientos': [{'jugador_numero': 10, 'x': 6, 'y': 1}]}

Mensaje recibido: None
2025-05-15 19:11:33 [INFO] client: Reaccionar
2025-05-15 19:11:33 [INFO] utils: Posiciones base inicializadas: {1: Coordenada(x=6, y=19), 2: Coordenada(x=1, y=16), 3: Coordenada(x=4, y=16), 4: Coordenada(x=8, y=16), 5: Coordenada(x=11, y=16), 6: Coordenada(x=3, y=13), 7: Coordenada(x=6, y=13), 8: Coordenada(x=9, y=13), 9: Coordenada(x=6, y=10), 10: Coordenada(x=7, y=5), 11: Coordenada(x=4, y=10)}
2025-05-15 19:11:33 [INFO] utils: Jugador mas cercano 10
2025-05-15 19:11:33 [INFO] client: Accion enviada. Mensaje: mensaje_id='CORRER' token='TOKEN-2913f659-71dc-46f5-9585-20e42ba3b50d' datos={'movimientos': [{'jugador_numero': 10, 'x': 6, 'y': 1}]}
2025-05-15 19:11:33 [ERROR] client: Mensaje de error del servidor. Mensaje enviado: mensaje_id='CORRER' token='TOKEN-2913f659-71dc-46f5-9585-20e42ba3b50d' datos={'movimientos': [{'jugador_numero': 10, 'x': 6, 'y': 1}]}, Mensaje recibido: mensaje_id='ERROR' datos={'descripcion': 'PATEAR no se puede ejecturar por no poseer la pelota.'}
2025-05-15 19:11:33 [INFO] client: Reaccionar
2025-05-15 19:11:33 [INFO] utils: Posiciones base inicializadas: {1: Coordenada(x=6, y=19), 2: Coordenada(x=1, y=16), 3: Coordenada(x=4, y=16), 4: Coordenada(x=8, y=16), 5: Coordenada(x=11, y=16), 6: Coordenada(x=3, y=13), 7: Coordenada(x=6, y=13), 8: Coordenada(x=9, y=13), 9: Coordenada(x=6, y=10), 10: Coordenada(x=7, y=5), 11: Coordenada(x=4, y=10)}
2025-05-15 19:11:33 [INFO] utils: Jugador mas cercano 10
2025-05-15 19:11:33 [INFO] client: Accion enviada. Mensaje: mensaje_id='CORRER' token='TOKEN-2913f659-71dc-46f5-9585-20e42ba3b50d' datos={'movimientos': [{'jugador_numero': 10, 'x': 6, 'y': 1}]}
2025-05-15 19:11:34 [INFO] client: Tienes la pelota!
2025-05-15 19:11:34 [INFO] client: Accion enviada. Mensaje: mensaje_id='PATEAR' token='TOKEN-2913f659-71dc-46f5-9585-20e42ba3b50d' datos={'x': 6, 'y': 0}
2025-05-15 19:11:34 [INFO] client: Tienes la pelota!
2025-05-15 19:11:34 [INFO] client: Accion enviada. Mensaje: mensaje_id='PATEAR' token='TOKEN-2913f659-71dc-46f5-9585-20e42ba3b50d' datos={'x': 6, 'y': 0}
2025-05-15 19:11:34 [INFO] client: Tienes la pelota!
2025-05-15 19:11:34 [INFO] client: Accion enviada. Mensaje: mensaje_id='PATEAR' token='TOKEN-2913f659-71dc-46f5-9585-20e42ba3b50d' datos={'x': 6, 'y': 0}
2025-05-15 19:11:34 [INFO] client: Tienes la pelota!
2025-05-15 19:11:34 [INFO] client: Accion enviada. Mensaje: mensaje_id='PATEAR' token='TOKEN-2913f659-71dc-46f5-9585-20e42ba3b50d' datos={'x': 6, 'y': 0}
2025-05-15 19:11:34 [ERROR] mensajes: msg_id no interpretado. Data: {'mensaje_id': 'OCUPADO', 'datos': {'descripcion': 'El Servidor está ocupado en este momento. Intente más tarde.'}}
2025-05-15 19:11:34 [WARNING] client: Otro mensaje recibido.
Mensaje Enviado: mensaje_id='PATEAR' token='TOKEN-2913f659-71dc-46f5-9585-20e42ba3b50d' datos={'x': 6, 'y': 0}

Mensaje recibido: None
2025-05-15 19:11:39 [ERROR] client: Mensaje de error del servidor. Mensaje enviado: mensaje_id='PATEAR' token='TOKEN-2913f659-71dc-46f5-9585-20e42ba3b50d' datos={'x': 6, 'y': 0}, Mensaje recibido: mensaje_id='ERROR' datos={'descripcion': 'PATEAR no se puede ejecturar por no poseer la pelota.'}
2025-05-15 19:11:39 [ERROR] mensajes: msg_id no interpretado. Data: {'mensaje_id': 'GOL', 'destinatario': 'TOKEN-2913f659-71dc-46f5-9585-20e42ba3b50d', 'datos': [{'id': 'equipo:TOKEN-2913f659-71dc-46f5-9585-20e42ba3b50d', 'nombre': 'LANUS', 'formacion': '4-3-3', 'rol': 2, 'goles': 4, 'arco': [{'x': 5, 'y': 19}, {'x': 6, 'y': 19}, {'x': 7, 'y': 19}]}, {'tipo': 'cancha', 'id': 'cancha', 'equipo1': {'id': 'equipo:TOKEN-581c91bb-e060-4aaa-89eb-56f8d59e7482', 'nombre': 'BARCA', 'formacion': '5-3-2', 'rol': 1, 'goles': 0, 'arco': [{'x': 5, 'y': 0}, {'x': 6, 'y': 0}, {'x': 7, 'y': 0}]}, 'equipo2': {'id': 'equipo:TOKEN-2913f659-71dc-46f5-9585-20e42ba3b50d', 'nombre': 'LANUS', 'formacion': '4-3-3', 'rol': 2, 'goles': 4, 'arco': [{'x': 5, 'y': 19}, {'x': 6, 'y': 19}, {'x': 7, 'y': 19}]}, 'sectores': [{'id': 19, 'x': 6, 'y': 1, 'ocupantes': [{'numero': 1, 'nombre': 'Valdez', 'equipo_id': 'equipo:TOKEN-581c91bb-e060-4aaa-89eb-56f8d59e7482', 'sector_id': 19, 'tiene_la_pelota': False}, {'numero': 10, 'nombre': 'Merentiel', 'equipo_id': 'equipo:TOKEN-2913f659-71dc-46f5-9585-20e42ba3b50d', 'es_el_crack': True, 'sector_id': 19, 'tiene_la_pelota': True}]}, {'id': 64, 'x': 12, 'y': 4, 'ocupantes': [{'numero': 2, 'nombre': 'Pique', 'equipo_id': 'equipo:TOKEN-581c91bb-e060-4aaa-89eb-56f8d59e7482', 'sector_id': 64, 'tiene_la_pelota': False}]}, {'id': 48, 'x': 9, 'y': 3, 'ocupantes': [{'numero': 3, 'nombre': 'Puyol', 'equipo_id': 'equipo:TOKEN-581c91bb-e060-4aaa-89eb-56f8d59e7482', 'sector_id': 48, 'tiene_la_pelota': False}]}, {'id': 45, 'x': 6, 'y': 3, 'ocupantes': [{'numero': 4, 'nombre': 'Abidal', 'equipo_id': 'equipo:TOKEN-581c91bb-e060-4aaa-89eb-56f8d59e7482', 'sector_id': 45, 'tiene_la_pelota': False}]}, {'id': 42, 'x': 3, 'y': 3, 'ocupantes': [{'numero': 5, 'nombre': 'Dani Alves', 'equipo_id': 'equipo:TOKEN-581c91bb-e060-4aaa-89eb-56f8d59e7482', 'sector_id': 42, 'tiene_la_pelota': False}]}, {'id': 52, 'x': 0, 'y': 4, 'ocupantes': [{'numero': 6, 'nombre': 'Busquets', 'equipo_id': 'equipo:TOKEN-581c91bb-e060-4aaa-89eb-56f8d59e7482', 'sector_id': 52, 'tiene_la_pelota': False}]}, {'id': 93, 'x': 2, 'y': 7, 'ocupantes': [{'numero': 7, 'nombre': 'Xavi', 'equipo_id': 'equipo:TOKEN-581c91bb-e060-4aaa-89eb-56f8d59e7482', 'sector_id': 93, 'tiene_la_pelota': False}]}, {'id': 101, 'x': 10, 'y': 7, 'ocupantes': [{'numero': 8, 'nombre': 'Iniesta', 'equipo_id': 'equipo:TOKEN-581c91bb-e060-4aaa-89eb-56f8d59e7482', 'sector_id': 101, 'tiene_la_pelota': False}]}, {'id': 72, 'x': 7, 'y': 5, 'ocupantes': [{'numero': 9, 'nombre': 'Suarez', 'equipo_id': 'equipo:TOKEN-581c91bb-e060-4aaa-89eb-56f8d59e7482', 'sector_id': 72, 'tiene_la_pelota': False}, {'numero': 11, 'nombre': 'Neymar Jr', 'equipo_id': 'equipo:TOKEN-581c91bb-e060-4aaa-89eb-56f8d59e7482', 'tiene_la_pelota': False, 'sector_id': 72}]}, {'id': 121, 'x': 4, 'y': 9, 'ocupantes': [{'numero': 10, 'nombre': 'Messi', 'equipo_id': 'equipo:TOKEN-581c91bb-e060-4aaa-89eb-56f8d59e7482', 'es_el_crack': True, 'sector_id': 121, 'tiene_la_pelota': False}]}, {'id': 253, 'x': 6, 'y': 19, 'ocupantes': [{'numero': 1, 'nombre': 'Marchesin', 'equipo_id': 'equipo:TOKEN-2913f659-71dc-46f5-9585-20e42ba3b50d', 'sector_id': 253, 'tiene_la_pelota': False}]}, {'id': 209, 'x': 1, 'y': 16, 'ocupantes': [{'numero': 2, 'nombre': 'Rojo', 'equipo_id': 'equipo:TOKEN-2913f659-71dc-46f5-9585-20e42ba3b50d', 'sector_id': 209, 'tiene_la_pelota': False}]}, {'id': 212, 'x': 4, 'y': 16, 'ocupantes': [{'numero': 3, 'nombre': 'Blanco', 'equipo_id': 'equipo:TOKEN-2913f659-71dc-46f5-9585-20e42ba3b50d', 'sector_id': 212, 'tiene_la_pelota': False}]}, {'id': 216, 'x': 8, 'y': 16, 'ocupantes': [{'numero': 4, 'nombre': 'Advíncula', 'equipo_id': 'equipo:TOKEN-2913f659-71dc-46f5-9585-20e42ba3b50d', 'sector_id': 216, 'tiene_la_pelota': False}]}, {'id': 219, 'x': 11, 'y': 16, 'ocupantes': [{'numero': 5, 'nombre': 'Blondel', 'equipo_id': 'equipo:TOKEN-2913f659-71dc-46f5-9585-20e42ba3b50d', 'sector_id': 219, 'tiene_la_pelota': False}]}, {'id': 172, 'x': 3, 'y': 13, 'ocupantes': [{'numero': 6, 'nombre': 'Belmonte', 'equipo_id': 'equipo:TOKEN-2913f659-71dc-46f5-9585-20e42ba3b50d', 'sector_id': 172, 'tiene_la_pelota': False}]}, {'id': 175, 'x': 6, 'y': 13, 'ocupantes': [{'numero': 7, 'nombre': 'Palacios', 'equipo_id': 'equipo:TOKEN-2913f659-71dc-46f5-9585-20e42ba3b50d', 'sector_id': 175, 'tiene_la_pelota': False}]}, {'id': 178, 'x': 9, 'y': 13, 'ocupantes': [{'numero': 8, 'nombre': 'Delgado', 'equipo_id': 'equipo:TOKEN-2913f659-71dc-46f5-9585-20e42ba3b50d', 'sector_id': 178, 'tiene_la_pelota': False}]}, {'id': 136, 'x': 6, 'y': 10, 'ocupantes': [{'numero': 9, 'nombre': 'Zenón', 'equipo_id': 'equipo:TOKEN-2913f659-71dc-46f5-9585-20e42ba3b50d', 'sector_id': 136, 'tiene_la_pelota': False}]}, {'id': 134, 'x': 4, 'y': 10, 'ocupantes': [{'numero': 11, 'nombre': 'Cavani', 'equipo_id': 'equipo:TOKEN-2913f659-71dc-46f5-9585-20e42ba3b50d', 'tiene_la_pelota': False, 'sector_id': 134}]}], 'ubicacion_pelota': {'id': 6, 'x': 6, 'y': 0, 'esta_la_pelota': True}, 'time_stamp': '1747347094646'}, {'tipo': 'cancha', 'id': 'cancha_formada', 'equipo1': {'id': 'equipo:TOKEN-581c91bb-e060-4aaa-89eb-56f8d59e7482', 'nombre': 'BARCA', 'formacion': '5-3-2', 'rol': 1, 'goles': 0, 'arco': [{'x': 5, 'y': 0}, {'x': 6, 'y': 0}, {'x': 7, 'y': 0}]}, 'equipo2': {'id': 'equipo:TOKEN-2913f659-71dc-46f5-9585-20e42ba3b50d', 'nombre': 'LANUS', 'formacion': '4-3-3', 'rol': 2, 'goles': 4, 'arco': [{'x': 5, 'y': 19}, {'x': 6, 'y': 19}, {'x': 7, 'y': 19}]}, 'sectores': [{'id': 253, 'x': 6, 'y': 19, 'ocupantes': [{'numero': 1, 'nombre': 'Marchesin', 'equipo_id': 'equipo:TOKEN-2913f659-71dc-46f5-9585-20e42ba3b50d', 'sector_id': 253, 'tiene_la_pelota': False}]}, {'id': 209, 'x': 1, 'y': 16, 'ocupantes': [{'numero': 2, 'nombre': 'Rojo', 'equipo_id': 'equipo:TOKEN-2913f659-71dc-46f5-9585-20e42ba3b50d', 'sector_id': 209, 'tiene_la_pelota': False}]}, {'id': 212, 'x': 4, 'y': 16, 'ocupantes': [{'numero': 3, 'nombre': 'Blanco', 'equipo_id': 'equipo:TOKEN-2913f659-71dc-46f5-9585-20e42ba3b50d', 'sector_id': 212, 'tiene_la_pelota': False}]}, {'id': 216, 'x': 8, 'y': 16, 'ocupantes': [{'numero': 4, 'nombre': 'Advíncula', 'equipo_id': 'equipo:TOKEN-2913f659-71dc-46f5-9585-20e42ba3b50d', 'sector_id': 216, 'tiene_la_pelota': False}]}, {'id': 219, 'x': 11, 'y': 16, 'ocupantes': [{'numero': 5, 'nombre': 'Blondel', 'equipo_id': 'equipo:TOKEN-2913f659-71dc-46f5-9585-20e42ba3b50d', 'sector_id': 219, 'tiene_la_pelota': False}]}, {'id': 172, 'x': 3, 'y': 13, 'ocupantes': [{'numero': 6, 'nombre': 'Belmonte', 'equipo_id': 'equipo:TOKEN-2913f659-71dc-46f5-9585-20e42ba3b50d', 'sector_id': 172, 'tiene_la_pelota': False}]}, {'id': 175, 'x': 6, 'y': 13, 'ocupantes': [{'numero': 7, 'nombre': 'Palacios', 'equipo_id': 'equipo:TOKEN-2913f659-71dc-46f5-9585-20e42ba3b50d', 'sector_id': 175, 'tiene_la_pelota': False}]}, {'id': 178, 'x': 9, 'y': 13, 'ocupantes': [{'numero': 8, 'nombre': 'Delgado', 'equipo_id': 'equipo:TOKEN-2913f659-71dc-46f5-9585-20e42ba3b50d', 'sector_id': 178, 'tiene_la_pelota': False}]}, {'id': 136, 'x': 6, 'y': 10, 'ocupantes': [{'numero': 9, 'nombre': 'Zenón', 'equipo_id': 'equipo:TOKEN-2913f659-71dc-46f5-9585-20e42ba3b50d', 'sector_id': 136, 'tiene_la_pelota': False}]}, {'id': 138, 'x': 8, 'y': 10, 'ocupantes': [{'numero': 10, 'nombre': 'Merentiel', 'equipo_id': 'equipo:TOKEN-2913f659-71dc-46f5-9585-20e42ba3b50d', 'es_el_crack': True, 'sector_id': 138, 'tiene_la_pelota': False}]}, {'id': 134, 'x': 4, 'y': 10, 'ocupantes': [{'numero': 11, 'nombre': 'Cavani', 'equipo_id': 'equipo:TOKEN-2913f659-71dc-46f5-9585-20e42ba3b50d', 'tiene_la_pelota': False, 'sector_id': 134}]}, {'id': 6, 'x': 6, 'y': 0, 'ocupantes': [{'numero': 1, 'nombre': 'Valdez', 'equipo_id': 'equipo:TOKEN-581c91bb-e060-4aaa-89eb-56f8d59e7482', 'sector_id': 6}]}, {'id': 64, 'x': 12, 'y': 4, 'ocupantes': [{'numero': 2, 'nombre': 'Pique', 'equipo_id': 'equipo:TOKEN-581c91bb-e060-4aaa-89eb-56f8d59e7482', 'sector_id': 64}]}, {'id': 48, 'x': 9, 'y': 3, 'ocupantes': [{'numero': 3, 'nombre': 'Puyol', 'equipo_id': 'equipo:TOKEN-581c91bb-e060-4aaa-89eb-56f8d59e7482', 'sector_id': 48}]}, {'id': 45, 'x': 6, 'y': 3, 'ocupantes': [{'numero': 4, 'nombre': 'Abidal', 'equipo_id': 'equipo:TOKEN-581c91bb-e060-4aaa-89eb-56f8d59e7482', 'sector_id': 45}]}, {'id': 42, 'x': 3, 'y': 3, 'ocupantes': [{'numero': 5, 'nombre': 'Dani Alves', 'equipo_id': 'equipo:TOKEN-581c91bb-e060-4aaa-89eb-56f8d59e7482', 'sector_id': 42}]}, {'id': 52, 'x': 0, 'y': 4, 'ocupantes': [{'numero': 6, 'nombre': 'Busquets', 'equipo_id': 'equipo:TOKEN-581c91bb-e060-4aaa-89eb-56f8d59e7482', 'sector_id': 52}]}, {'id': 93, 'x': 2, 'y': 7, 'ocupantes': [{'numero': 7, 'nombre': 'Xavi', 'equipo_id': 'equipo:TOKEN-581c91bb-e060-4aaa-89eb-56f8d59e7482', 'sector_id': 93}]}, {'id': 101, 'x': 10, 'y': 7, 'ocupantes': [{'numero': 8, 'nombre': 'Iniesta', 'equipo_id': 'equipo:TOKEN-581c91bb-e060-4aaa-89eb-56f8d59e7482', 'sector_id': 101}]}, {'id': 84, 'x': 6, 'y': 6, 'ocupantes': [{'numero': 9, 'nombre': 'Suarez', 'equipo_id': 'equipo:TOKEN-581c91bb-e060-4aaa-89eb-56f8d59e7482', 'sector_id': 84}]}, {'id': 121, 'x': 4, 'y': 9, 'ocupantes': [{'numero': 10, 'nombre': 'Messi', 'equipo_id': 'equipo:TOKEN-581c91bb-e060-4aaa-89eb-56f8d59e7482', 'es_el_crack': True, 'sector_id': 121}]}, {'id': 125, 'x': 8, 'y': 9, 'ocupantes': [{'numero': 11, 'nombre': 'Neymar Jr', 'equipo_id': 'equipo:TOKEN-581c91bb-e060-4aaa-89eb-56f8d59e7482', 'tiene_la_pelota': True, 'sector_id': 125}]}], 'ubicacion_pelota': {'id': 121, 'x': 4, 'y': 9}, 'time_stamp': '1747346998161'}, {'tipo': 'reloj', 'reloj': 83508}]}
2025-05-15 19:11:39 [WARNING] client: Otro mensaje recibido.
Mensaje Enviado: mensaje_id='PATEAR' token='TOKEN-2913f659-71dc-46f5-9585-20e42ba3b50d' datos={'x': 6, 'y': 0}

Mensaje recibido: None
2025-05-15 19:11:39 [INFO] client: Reaccionar
2025-05-15 19:11:39 [INFO] utils: Posiciones base inicializadas: {1: Coordenada(x=6, y=19), 2: Coordenada(x=1, y=16), 3: Coordenada(x=4, y=16), 4: Coordenada(x=8, y=16), 5: Coordenada(x=11, y=16), 6: Coordenada(x=3, y=13), 7: Coordenada(x=6, y=13), 8: Coordenada(x=9, y=13), 9: Coordenada(x=6, y=10), 10: Coordenada(x=6, y=1), 11: Coordenada(x=4, y=10)}
2025-05-15 19:11:39 [INFO] utils: Jugador mas cercano 11
2025-05-15 19:11:39 [INFO] client: Accion enviada. Mensaje: mensaje_id='MARCAR_ADVERSARIO' token='TOKEN-2913f659-71dc-46f5-9585-20e42ba3b50d' datos={'jugador_numero': 11, 'adversario_numero': 10}
2025-05-15 19:11:40 [INFO] client: Reaccionar
2025-05-15 19:11:40 [INFO] utils: Posiciones base inicializadas: {1: Coordenada(x=6, y=19), 2: Coordenada(x=1, y=16), 3: Coordenada(x=4, y=16), 4: Coordenada(x=8, y=16), 5: Coordenada(x=11, y=16), 6: Coordenada(x=3, y=13), 7: Coordenada(x=6, y=13), 8: Coordenada(x=9, y=13), 9: Coordenada(x=6, y=10), 10: Coordenada(x=6, y=1), 11: Coordenada(x=4, y=10)}
2025-05-15 19:11:40 [INFO] utils: Jugador mas cercano 11
2025-05-15 19:11:40 [INFO] client: Accion enviada. Mensaje: mensaje_id='MARCAR_ADVERSARIO' token='TOKEN-2913f659-71dc-46f5-9585-20e42ba3b50d' datos={'jugador_numero': 11, 'adversario_numero': 10}
2025-05-15 19:11:40 [INFO] client: Tienes la pelota!
2025-05-15 19:11:40 [INFO] client: Accion enviada. Mensaje: mensaje_id='PATEAR' token='TOKEN-2913f659-71dc-46f5-9585-20e42ba3b50d' datos={'x': 6, 'y': 0}
2025-05-15 19:11:41 [INFO] client: Tienes la pelota!
2025-05-15 19:11:41 [INFO] client: Accion enviada. Mensaje: mensaje_id='PATEAR' token='TOKEN-2913f659-71dc-46f5-9585-20e42ba3b50d' datos={'x': 6, 'y': 0}
2025-05-15 19:11:41 [INFO] client: Reaccionar
2025-05-15 19:11:41 [INFO] utils: Posiciones base inicializadas: {1: Coordenada(x=6, y=19), 2: Coordenada(x=1, y=16), 3: Coordenada(x=4, y=16), 4: Coordenada(x=8, y=16), 5: Coordenada(x=11, y=16), 6: Coordenada(x=3, y=13), 7: Coordenada(x=6, y=13), 8: Coordenada(x=9, y=13), 9: Coordenada(x=6, y=10), 10: Coordenada(x=6, y=1), 11: Coordenada(x=4, y=9)}
2025-05-15 19:11:41 [INFO] utils: Jugador mas cercano 11
2025-05-15 19:11:41 [INFO] client: Accion enviada. Mensaje: mensaje_id='MARCAR_ADVERSARIO' token='TOKEN-2913f659-71dc-46f5-9585-20e42ba3b50d' datos={'jugador_numero': 11, 'adversario_numero': 10}
2025-05-15 19:11:41 [INFO] client: Reaccionar
2025-05-15 19:11:41 [INFO] utils: Posiciones base inicializadas: {1: Coordenada(x=6, y=19), 2: Coordenada(x=1, y=16), 3: Coordenada(x=4, y=16), 4: Coordenada(x=8, y=16), 5: Coordenada(x=11, y=16), 6: Coordenada(x=3, y=13), 7: Coordenada(x=6, y=13), 8: Coordenada(x=9, y=13), 9: Coordenada(x=6, y=10), 10: Coordenada(x=6, y=1), 11: Coordenada(x=4, y=9)}
2025-05-15 19:11:41 [INFO] utils: Jugador mas cercano 10
2025-05-15 19:11:41 [INFO] client: Accion enviada. Mensaje: mensaje_id='CORRER' token='TOKEN-2913f659-71dc-46f5-9585-20e42ba3b50d' datos={'movimientos': [{'jugador_numero': 10, 'x': 5, 'y': 5}]}
2025-05-15 19:11:41 [ERROR] mensajes: msg_id no interpretado. Data: {'mensaje_id': 'OCUPADO', 'datos': {'descripcion': 'El Servidor está ocupado en este momento. Intente más tarde.'}}
2025-05-15 19:11:41 [WARNING] client: Otro mensaje recibido.
Mensaje Enviado: mensaje_id='CORRER' token='TOKEN-2913f659-71dc-46f5-9585-20e42ba3b50d' datos={'movimientos': [{'jugador_numero': 10, 'x': 5, 'y': 5}]}

Mensaje recibido: None
2025-05-15 19:11:42 [ERROR] client: Mensaje de error del servidor. Mensaje enviado: mensaje_id='CORRER' token='TOKEN-2913f659-71dc-46f5-9585-20e42ba3b50d' datos={'movimientos': [{'jugador_numero': 10, 'x': 5, 'y': 5}]}, Mensaje recibido: mensaje_id='ERROR' datos={'descripcion': 'PATEAR no se puede ejecturar por no poseer la pelota.'}
2025-05-15 19:11:42 [INFO] client: Reaccionar
2025-05-15 19:11:42 [INFO] utils: Posiciones base inicializadas: {1: Coordenada(x=6, y=19), 2: Coordenada(x=1, y=16), 3: Coordenada(x=4, y=16), 4: Coordenada(x=8, y=16), 5: Coordenada(x=11, y=16), 6: Coordenada(x=3, y=13), 7: Coordenada(x=6, y=13), 8: Coordenada(x=9, y=13), 9: Coordenada(x=6, y=10), 10: Coordenada(x=6, y=1), 11: Coordenada(x=4, y=9)}
2025-05-15 19:11:42 [INFO] utils: Jugador mas cercano 10
2025-05-15 19:11:42 [INFO] client: Accion enviada. Mensaje: mensaje_id='CORRER' token='TOKEN-2913f659-71dc-46f5-9585-20e42ba3b50d' datos={'movimientos': [{'jugador_numero': 10, 'x': 5, 'y': 5}]}
2025-05-15 19:11:42 [INFO] client: Tienes la pelota!
2025-05-15 19:11:42 [INFO] client: Accion enviada. Mensaje: mensaje_id='PATEAR' token='TOKEN-2913f659-71dc-46f5-9585-20e42ba3b50d' datos={'x': 6, 'y': 0}
2025-05-15 19:11:42 [INFO] client: Reaccionar
2025-05-15 19:11:42 [INFO] utils: Posiciones base inicializadas: {1: Coordenada(x=6, y=19), 2: Coordenada(x=1, y=16), 3: Coordenada(x=4, y=16), 4: Coordenada(x=8, y=16), 5: Coordenada(x=11, y=16), 6: Coordenada(x=3, y=13), 7: Coordenada(x=6, y=13), 8: Coordenada(x=9, y=13), 9: Coordenada(x=6, y=10), 10: Coordenada(x=5, y=5), 11: Coordenada(x=4, y=9)}
2025-05-15 19:11:42 [INFO] utils: Jugador mas cercano 10
2025-05-15 19:11:42 [INFO] client: Accion enviada. Mensaje: mensaje_id='CORRER' token='TOKEN-2913f659-71dc-46f5-9585-20e42ba3b50d' datos={'movimientos': [{'jugador_numero': 10, 'x': 5, 'y': 5}]}
2025-05-15 19:11:42 [ERROR] mensajes: msg_id no interpretado. Data: {'mensaje_id': 'OCUPADO', 'datos': {'descripcion': 'El Servidor está ocupado en este momento. Intente más tarde.'}}
2025-05-15 19:11:42 [WARNING] client: Otro mensaje recibido.
Mensaje Enviado: mensaje_id='CORRER' token='TOKEN-2913f659-71dc-46f5-9585-20e42ba3b50d' datos={'movimientos': [{'jugador_numero': 10, 'x': 5, 'y': 5}]}

Mensaje recibido: None
2025-05-15 19:11:43 [INFO] client: Tienes la pelota!
2025-05-15 19:11:43 [INFO] client: Accion enviada. Mensaje: mensaje_id='PATEAR' token='TOKEN-2913f659-71dc-46f5-9585-20e42ba3b50d' datos={'x': 6, 'y': 0}
2025-05-15 19:11:43 [INFO] client: Tienes la pelota!
2025-05-15 19:11:43 [INFO] client: Accion enviada. Mensaje: mensaje_id='PATEAR' token='TOKEN-2913f659-71dc-46f5-9585-20e42ba3b50d' datos={'x': 6, 'y': 0}
2025-05-15 19:11:43 [INFO] client: Reaccionar
2025-05-15 19:11:43 [INFO] utils: Posiciones base inicializadas: {1: Coordenada(x=6, y=19), 2: Coordenada(x=1, y=16), 3: Coordenada(x=4, y=16), 4: Coordenada(x=8, y=16), 5: Coordenada(x=11, y=16), 6: Coordenada(x=3, y=13), 7: Coordenada(x=6, y=13), 8: Coordenada(x=9, y=13), 9: Coordenada(x=6, y=10), 10: Coordenada(x=5, y=5), 11: Coordenada(x=4, y=9)}
2025-05-15 19:11:43 [INFO] utils: Jugador mas cercano 10
2025-05-15 19:11:43 [INFO] client: Accion enviada. Mensaje: mensaje_id='CORRER' token='TOKEN-2913f659-71dc-46f5-9585-20e42ba3b50d' datos={'movimientos': [{'jugador_numero': 10, 'x': 6, 'y': 1}]}
2025-05-15 19:11:43 [INFO] client: Reaccionar
2025-05-15 19:11:43 [INFO] utils: Posiciones base inicializadas: {1: Coordenada(x=6, y=19), 2: Coordenada(x=1, y=16), 3: Coordenada(x=4, y=16), 4: Coordenada(x=8, y=16), 5: Coordenada(x=11, y=16), 6: Coordenada(x=3, y=13), 7: Coordenada(x=6, y=13), 8: Coordenada(x=9, y=13), 9: Coordenada(x=6, y=10), 10: Coordenada(x=5, y=5), 11: Coordenada(x=4, y=9)}
2025-05-15 19:11:43 [INFO] utils: Jugador mas cercano 10
2025-05-15 19:11:43 [INFO] client: Accion enviada. Mensaje: mensaje_id='CORRER' token='TOKEN-2913f659-71dc-46f5-9585-20e42ba3b50d' datos={'movimientos': [{'jugador_numero': 10, 'x': 6, 'y': 1}]}
2025-05-15 19:11:43 [ERROR] mensajes: msg_id no interpretado. Data: {'mensaje_id': 'OCUPADO', 'datos': {'descripcion': 'El Servidor está ocupado en este momento. Intente más tarde.'}}
2025-05-15 19:11:43 [WARNING] client: Otro mensaje recibido.
Mensaje Enviado: mensaje_id='CORRER' token='TOKEN-2913f659-71dc-46f5-9585-20e42ba3b50d' datos={'movimientos': [{'jugador_numero': 10, 'x': 6, 'y': 1}]}

Mensaje recibido: None
2025-05-15 19:11:44 [ERROR] client: Mensaje de error del servidor. Mensaje enviado: mensaje_id='CORRER' token='TOKEN-2913f659-71dc-46f5-9585-20e42ba3b50d' datos={'movimientos': [{'jugador_numero': 10, 'x': 6, 'y': 1}]}, Mensaje recibido: mensaje_id='ERROR' datos={'descripcion': 'PATEAR no se puede ejecturar por no poseer la pelota.'}
2025-05-15 19:11:44 [INFO] client: Reaccionar
2025-05-15 19:11:44 [INFO] utils: Posiciones base inicializadas: {1: Coordenada(x=6, y=19), 2: Coordenada(x=1, y=16), 3: Coordenada(x=4, y=16), 4: Coordenada(x=8, y=16), 5: Coordenada(x=11, y=16), 6: Coordenada(x=3, y=13), 7: Coordenada(x=6, y=13), 8: Coordenada(x=9, y=13), 9: Coordenada(x=6, y=10), 10: Coordenada(x=5, y=5), 11: Coordenada(x=4, y=9)}
2025-05-15 19:11:44 [INFO] utils: Jugador mas cercano 10
2025-05-15 19:11:44 [INFO] client: Accion enviada. Mensaje: mensaje_id='CORRER' token='TOKEN-2913f659-71dc-46f5-9585-20e42ba3b50d' datos={'movimientos': [{'jugador_numero': 10, 'x': 6, 'y': 1}]}
2025-05-15 19:11:44 [INFO] client: Reaccionar
2025-05-15 19:11:44 [INFO] utils: Posiciones base inicializadas: {1: Coordenada(x=6, y=19), 2: Coordenada(x=1, y=16), 3: Coordenada(x=4, y=16), 4: Coordenada(x=8, y=16), 5: Coordenada(x=11, y=16), 6: Coordenada(x=3, y=13), 7: Coordenada(x=6, y=13), 8: Coordenada(x=9, y=13), 9: Coordenada(x=6, y=10), 10: Coordenada(x=5, y=5), 11: Coordenada(x=4, y=9)}
2025-05-15 19:11:44 [INFO] utils: Jugador mas cercano 10
2025-05-15 19:11:44 [INFO] client: Accion enviada. Mensaje: mensaje_id='CORRER' token='TOKEN-2913f659-71dc-46f5-9585-20e42ba3b50d' datos={'movimientos': [{'jugador_numero': 10, 'x': 6, 'y': 1}]}
2025-05-15 19:11:44 [ERROR] client: Mensaje de error del servidor. Mensaje enviado: mensaje_id='CORRER' token='TOKEN-2913f659-71dc-46f5-9585-20e42ba3b50d' datos={'movimientos': [{'jugador_numero': 10, 'x': 6, 'y': 1}]}, Mensaje recibido: mensaje_id='ERROR' datos={'descripcion': 'PATEAR no se puede ejecturar por no poseer la pelota.'}
2025-05-15 19:11:45 [INFO] client: Reaccionar
2025-05-15 19:11:45 [INFO] utils: Posiciones base inicializadas: {1: Coordenada(x=6, y=19), 2: Coordenada(x=1, y=16), 3: Coordenada(x=4, y=16), 4: Coordenada(x=8, y=16), 5: Coordenada(x=11, y=16), 6: Coordenada(x=3, y=13), 7: Coordenada(x=6, y=13), 8: Coordenada(x=9, y=13), 9: Coordenada(x=6, y=10), 10: Coordenada(x=5, y=5), 11: Coordenada(x=4, y=9)}
2025-05-15 19:11:45 [INFO] utils: Jugador mas cercano 10
2025-05-15 19:11:45 [INFO] client: Accion enviada. Mensaje: mensaje_id='CORRER' token='TOKEN-2913f659-71dc-46f5-9585-20e42ba3b50d' datos={'movimientos': [{'jugador_numero': 10, 'x': 6, 'y': 1}]}
2025-05-15 19:11:45 [INFO] client: Tienes la pelota!
2025-05-15 19:11:45 [INFO] client: Accion enviada. Mensaje: mensaje_id='PATEAR' token='TOKEN-2913f659-71dc-46f5-9585-20e42ba3b50d' datos={'x': 6, 'y': 0}
2025-05-15 19:11:45 [INFO] client: Tienes la pelota!
2025-05-15 19:11:45 [INFO] client: Accion enviada. Mensaje: mensaje_id='PATEAR' token='TOKEN-2913f659-71dc-46f5-9585-20e42ba3b50d' datos={'x': 6, 'y': 0}
2025-05-15 19:11:45 [INFO] client: Reaccionar
2025-05-15 19:11:45 [INFO] utils: Posiciones base inicializadas: {1: Coordenada(x=6, y=19), 2: Coordenada(x=1, y=16), 3: Coordenada(x=4, y=16), 4: Coordenada(x=8, y=16), 5: Coordenada(x=11, y=16), 6: Coordenada(x=3, y=13), 7: Coordenada(x=6, y=13), 8: Coordenada(x=9, y=13), 9: Coordenada(x=6, y=10), 10: Coordenada(x=6, y=1), 11: Coordenada(x=4, y=9)}
2025-05-15 19:11:45 [INFO] utils: Jugador mas cercano 10
2025-05-15 19:11:45 [INFO] client: Accion enviada. Mensaje: mensaje_id='MARCAR_ADVERSARIO' token='TOKEN-2913f659-71dc-46f5-9585-20e42ba3b50d' datos={'jugador_numero': 10, 'adversario_numero': 4}
2025-05-15 19:11:45 [ERROR] mensajes: msg_id no interpretado. Data: {'mensaje_id': 'OCUPADO', 'datos': {'descripcion': 'El Servidor está ocupado en este momento. Intente más tarde.'}}
2025-05-15 19:11:45 [WARNING] client: Otro mensaje recibido.
Mensaje Enviado: mensaje_id='MARCAR_ADVERSARIO' token='TOKEN-2913f659-71dc-46f5-9585-20e42ba3b50d' datos={'jugador_numero': 10, 'adversario_numero': 4}

Mensaje recibido: None
2025-05-15 19:11:50 [INFO] client: Reaccionar
2025-05-15 19:11:50 [INFO] utils: Posiciones base inicializadas: {1: Coordenada(x=6, y=19), 2: Coordenada(x=1, y=16), 3: Coordenada(x=4, y=16), 4: Coordenada(x=8, y=16), 5: Coordenada(x=11, y=16), 6: Coordenada(x=3, y=13), 7: Coordenada(x=6, y=13), 8: Coordenada(x=9, y=13), 9: Coordenada(x=6, y=10), 10: Coordenada(x=6, y=1), 11: Coordenada(x=4, y=9)}
2025-05-15 19:11:50 [INFO] utils: Pelota en el aire.
2025-05-15 19:11:50 [INFO] utils: Jugador mas cercano 10
2025-05-15 19:11:50 [INFO] client: Accion enviada. Mensaje: mensaje_id='CORRER' token='TOKEN-2913f659-71dc-46f5-9585-20e42ba3b50d' datos={'movimientos': [{'jugador_numero': 10, 'x': 6, 'y': 1}]}
2025-05-15 19:11:50 [INFO] client: Reaccionar
2025-05-15 19:11:50 [INFO] utils: Posiciones base inicializadas: {1: Coordenada(x=6, y=19), 2: Coordenada(x=1, y=16), 3: Coordenada(x=4, y=16), 4: Coordenada(x=8, y=16), 5: Coordenada(x=11, y=16), 6: Coordenada(x=3, y=13), 7: Coordenada(x=6, y=13), 8: Coordenada(x=9, y=13), 9: Coordenada(x=6, y=10), 10: Coordenada(x=6, y=1), 11: Coordenada(x=4, y=9)}
2025-05-15 19:11:50 [INFO] utils: Jugador mas cercano 10
2025-05-15 19:11:50 [INFO] client: Accion enviada. Mensaje: mensaje_id='CORRER' token='TOKEN-2913f659-71dc-46f5-9585-20e42ba3b50d' datos={'movimientos': [{'jugador_numero': 10, 'x': 6, 'y': 1}]}
2025-05-15 19:11:50 [INFO] client: Tienes la pelota!
2025-05-15 19:11:50 [INFO] client: Accion enviada. Mensaje: mensaje_id='PATEAR' token='TOKEN-2913f659-71dc-46f5-9585-20e42ba3b50d' datos={'x': 6, 'y': 0}
2025-05-15 19:11:50 [INFO] client: Reaccionar
2025-05-15 19:11:50 [INFO] utils: Posiciones base inicializadas: {1: Coordenada(x=6, y=19), 2: Coordenada(x=1, y=16), 3: Coordenada(x=4, y=16), 4: Coordenada(x=8, y=16), 5: Coordenada(x=11, y=16), 6: Coordenada(x=3, y=13), 7: Coordenada(x=6, y=13), 8: Coordenada(x=9, y=13), 9: Coordenada(x=6, y=10), 10: Coordenada(x=6, y=1), 11: Coordenada(x=4, y=9)}
2025-05-15 19:11:50 [INFO] utils: Jugador mas cercano 9
2025-05-15 19:11:50 [INFO] client: Accion enviada. Mensaje: mensaje_id='MARCAR_ADVERSARIO' token='TOKEN-2913f659-71dc-46f5-9585-20e42ba3b50d' datos={'jugador_numero': 9, 'adversario_numero': 10}
2025-05-15 19:11:50 [ERROR] mensajes: msg_id no interpretado. Data: {'mensaje_id': 'GOL', 'destinatario': 'TOKEN-2913f659-71dc-46f5-9585-20e42ba3b50d', 'datos': [{'id': 'equipo:TOKEN-2913f659-71dc-46f5-9585-20e42ba3b50d', 'nombre': 'LANUS', 'formacion': '4-3-3', 'rol': 2, 'goles': 5, 'arco': [{'x': 5, 'y': 19}, {'x': 6, 'y': 19}, {'x': 7, 'y': 19}]}, {'tipo': 'cancha', 'id': 'cancha', 'equipo1': {'id': 'equipo:TOKEN-581c91bb-e060-4aaa-89eb-56f8d59e7482', 'nombre': 'BARCA', 'formacion': '5-3-2', 'rol': 1, 'goles': 0, 'arco': [{'x': 5, 'y': 0}, {'x': 6, 'y': 0}, {'x': 7, 'y': 0}]}, 'equipo2': {'id': 'equipo:TOKEN-2913f659-71dc-46f5-9585-20e42ba3b50d', 'nombre': 'LANUS', 'formacion': '4-3-3', 'rol': 2, 'goles': 5, 'arco': [{'x': 5, 'y': 19}, {'x': 6, 'y': 19}, {'x': 7, 'y': 19}]}, 'sectores': [{'id': 70, 'x': 5, 'y': 5, 'ocupantes': [{'numero': 1, 'nombre': 'Valdez', 'equipo_id': 'equipo:TOKEN-581c91bb-e060-4aaa-89eb-56f8d59e7482', 'sector_id': 70, 'tiene_la_pelota': False}, {'numero': 9, 'nombre': 'Suarez', 'equipo_id': 'equipo:TOKEN-581c91bb-e060-4aaa-89eb-56f8d59e7482', 'sector_id': 70, 'tiene_la_pelota': False}]}, {'id': 64, 'x': 12, 'y': 4, 'ocupantes': [{'numero': 2, 'nombre': 'Pique', 'equipo_id': 'equipo:TOKEN-581c91bb-e060-4aaa-89eb-56f8d59e7482', 'sector_id': 64, 'tiene_la_pelota': False}]}, {'id': 48, 'x': 9, 'y': 3, 'ocupantes': [{'numero': 3, 'nombre': 'Puyol', 'equipo_id': 'equipo:TOKEN-581c91bb-e060-4aaa-89eb-56f8d59e7482', 'sector_id': 48, 'tiene_la_pelota': False}]}, {'id': 19, 'x': 6, 'y': 1, 'ocupantes': [{'numero': 4, 'nombre': 'Abidal', 'equipo_id': 'equipo:TOKEN-581c91bb-e060-4aaa-89eb-56f8d59e7482', 'sector_id': 19, 'tiene_la_pelota': True}, {'numero': 10, 'nombre': 'Merentiel', 'equipo_id': 'equipo:TOKEN-2913f659-71dc-46f5-9585-20e42ba3b50d', 'es_el_crack': True, 'sector_id': 19, 'tiene_la_pelota': False}]}, {'id': 42, 'x': 3, 'y': 3, 'ocupantes': [{'numero': 5, 'nombre': 'Dani Alves', 'equipo_id': 'equipo:TOKEN-581c91bb-e060-4aaa-89eb-56f8d59e7482', 'sector_id': 42, 'tiene_la_pelota': False}]}, {'id': 52, 'x': 0, 'y': 4, 'ocupantes': [{'numero': 6, 'nombre': 'Busquets', 'equipo_id': 'equipo:TOKEN-581c91bb-e060-4aaa-89eb-56f8d59e7482', 'sector_id': 52, 'tiene_la_pelota': False}]}, {'id': 93, 'x': 2, 'y': 7, 'ocupantes': [{'numero': 7, 'nombre': 'Xavi', 'equipo_id': 'equipo:TOKEN-581c91bb-e060-4aaa-89eb-56f8d59e7482', 'sector_id': 93, 'tiene_la_pelota': False}]}, {'id': 101, 'x': 10, 'y': 7, 'ocupantes': [{'numero': 8, 'nombre': 'Iniesta', 'equipo_id': 'equipo:TOKEN-581c91bb-e060-4aaa-89eb-56f8d59e7482', 'sector_id': 101, 'tiene_la_pelota': False}]}, {'id': 136, 'x': 6, 'y': 10, 'ocupantes': [{'numero': 10, 'nombre': 'Messi', 'equipo_id': 'equipo:TOKEN-581c91bb-e060-4aaa-89eb-56f8d59e7482', 'es_el_crack': True, 'sector_id': 136, 'tiene_la_pelota': False}, {'numero': 9, 'nombre': 'Zenón', 'equipo_id': 'equipo:TOKEN-2913f659-71dc-46f5-9585-20e42ba3b50d', 'sector_id': 136, 'tiene_la_pelota': False}]}, {'id': 72, 'x': 7, 'y': 5, 'ocupantes': [{'numero': 11, 'nombre': 'Neymar Jr', 'equipo_id': 'equipo:TOKEN-581c91bb-e060-4aaa-89eb-56f8d59e7482', 'tiene_la_pelota': False, 'sector_id': 72}]}, {'id': 253, 'x': 6, 'y': 19, 'ocupantes': [{'numero': 1, 'nombre': 'Marchesin', 'equipo_id': 'equipo:TOKEN-2913f659-71dc-46f5-9585-20e42ba3b50d', 'sector_id': 253, 'tiene_la_pelota': False}]}, {'id': 209, 'x': 1, 'y': 16, 'ocupantes': [{'numero': 2, 'nombre': 'Rojo', 'equipo_id': 'equipo:TOKEN-2913f659-71dc-46f5-9585-20e42ba3b50d', 'sector_id': 209, 'tiene_la_pelota': False}]}, {'id': 212, 'x': 4, 'y': 16, 'ocupantes': [{'numero': 3, 'nombre': 'Blanco', 'equipo_id': 'equipo:TOKEN-2913f659-71dc-46f5-9585-20e42ba3b50d', 'sector_id': 212, 'tiene_la_pelota': False}]}, {'id': 216, 'x': 8, 'y': 16, 'ocupantes': [{'numero': 4, 'nombre': 'Advíncula', 'equipo_id': 'equipo:TOKEN-2913f659-71dc-46f5-9585-20e42ba3b50d', 'sector_id': 216, 'tiene_la_pelota': False}]}, {'id': 219, 'x': 11, 'y': 16, 'ocupantes': [{'numero': 5, 'nombre': 'Blondel', 'equipo_id': 'equipo:TOKEN-2913f659-71dc-46f5-9585-20e42ba3b50d', 'sector_id': 219, 'tiene_la_pelota': False}]}, {'id': 172, 'x': 3, 'y': 13, 'ocupantes': [{'numero': 6, 'nombre': 'Belmonte', 'equipo_id': 'equipo:TOKEN-2913f659-71dc-46f5-9585-20e42ba3b50d', 'sector_id': 172, 'tiene_la_pelota': False}]}, {'id': 175, 'x': 6, 'y': 13, 'ocupantes': [{'numero': 7, 'nombre': 'Palacios', 'equipo_id': 'equipo:TOKEN-2913f659-71dc-46f5-9585-20e42ba3b50d', 'sector_id': 175, 'tiene_la_pelota': False}]}, {'id': 178, 'x': 9, 'y': 13, 'ocupantes': [{'numero': 8, 'nombre': 'Delgado', 'equipo_id': 'equipo:TOKEN-2913f659-71dc-46f5-9585-20e42ba3b50d', 'sector_id': 178, 'tiene_la_pelota': False}]}, {'id': 121, 'x': 4, 'y': 9, 'ocupantes': [{'numero': 11, 'nombre': 'Cavani', 'equipo_id': 'equipo:TOKEN-2913f659-71dc-46f5-9585-20e42ba3b50d', 'tiene_la_pelota': False, 'sector_id': 121}]}], 'ubicacion_pelota': {'id': 6, 'x': 6, 'y': 0, 'esta_la_pelota': True}, 'time_stamp': '1747347105905'}, {'tipo': 'cancha', 'id': 'cancha_formada', 'equipo1': {'id': 'equipo:TOKEN-581c91bb-e060-4aaa-89eb-56f8d59e7482', 'nombre': 'BARCA', 'formacion': '5-3-2', 'rol': 1, 'goles': 0, 'arco': [{'x': 5, 'y': 0}, {'x': 6, 'y': 0}, {'x': 7, 'y': 0}]}, 'equipo2': {'id': 'equipo:TOKEN-2913f659-71dc-46f5-9585-20e42ba3b50d', 'nombre': 'LANUS', 'formacion': '4-3-3', 'rol': 2, 'goles': 5, 'arco': [{'x': 5, 'y': 19}, {'x': 6, 'y': 19}, {'x': 7, 'y': 19}]}, 'sectores': [{'id': 253, 'x': 6, 'y': 19, 'ocupantes': [{'numero': 1, 'nombre': 'Marchesin', 'equipo_id': 'equipo:TOKEN-2913f659-71dc-46f5-9585-20e42ba3b50d', 'sector_id': 253, 'tiene_la_pelota': False}]}, {'id': 209, 'x': 1, 'y': 16, 'ocupantes': [{'numero': 2, 'nombre': 'Rojo', 'equipo_id': 'equipo:TOKEN-2913f659-71dc-46f5-9585-20e42ba3b50d', 'sector_id': 209, 'tiene_la_pelota': False}]}, {'id': 212, 'x': 4, 'y': 16, 'ocupantes': [{'numero': 3, 'nombre': 'Blanco', 'equipo_id': 'equipo:TOKEN-2913f659-71dc-46f5-9585-20e42ba3b50d', 'sector_id': 212, 'tiene_la_pelota': False}]}, {'id': 216, 'x': 8, 'y': 16, 'ocupantes': [{'numero': 4, 'nombre': 'Advíncula', 'equipo_id': 'equipo:TOKEN-2913f659-71dc-46f5-9585-20e42ba3b50d', 'sector_id': 216, 'tiene_la_pelota': False}]}, {'id': 219, 'x': 11, 'y': 16, 'ocupantes': [{'numero': 5, 'nombre': 'Blondel', 'equipo_id': 'equipo:TOKEN-2913f659-71dc-46f5-9585-20e42ba3b50d', 'sector_id': 219, 'tiene_la_pelota': False}]}, {'id': 172, 'x': 3, 'y': 13, 'ocupantes': [{'numero': 6, 'nombre': 'Belmonte', 'equipo_id': 'equipo:TOKEN-2913f659-71dc-46f5-9585-20e42ba3b50d', 'sector_id': 172, 'tiene_la_pelota': False}]}, {'id': 175, 'x': 6, 'y': 13, 'ocupantes': [{'numero': 7, 'nombre': 'Palacios', 'equipo_id': 'equipo:TOKEN-2913f659-71dc-46f5-9585-20e42ba3b50d', 'sector_id': 175, 'tiene_la_pelota': False}]}, {'id': 178, 'x': 9, 'y': 13, 'ocupantes': [{'numero': 8, 'nombre': 'Delgado', 'equipo_id': 'equipo:TOKEN-2913f659-71dc-46f5-9585-20e42ba3b50d', 'sector_id': 178, 'tiene_la_pelota': False}]}, {'id': 136, 'x': 6, 'y': 10, 'ocupantes': [{'numero': 9, 'nombre': 'Zenón', 'equipo_id': 'equipo:TOKEN-2913f659-71dc-46f5-9585-20e42ba3b50d', 'sector_id': 136, 'tiene_la_pelota': False}]}, {'id': 138, 'x': 8, 'y': 10, 'ocupantes': [{'numero': 10, 'nombre': 'Merentiel', 'equipo_id': 'equipo:TOKEN-2913f659-71dc-46f5-9585-20e42ba3b50d', 'es_el_crack': True, 'sector_id': 138, 'tiene_la_pelota': False}]}, {'id': 134, 'x': 4, 'y': 10, 'ocupantes': [{'numero': 11, 'nombre': 'Cavani', 'equipo_id': 'equipo:TOKEN-2913f659-71dc-46f5-9585-20e42ba3b50d', 'tiene_la_pelota': False, 'sector_id': 134}]}, {'id': 6, 'x': 6, 'y': 0, 'ocupantes': [{'numero': 1, 'nombre': 'Valdez', 'equipo_id': 'equipo:TOKEN-581c91bb-e060-4aaa-89eb-56f8d59e7482', 'sector_id': 6}]}, {'id': 64, 'x': 12, 'y': 4, 'ocupantes': [{'numero': 2, 'nombre': 'Pique', 'equipo_id': 'equipo:TOKEN-581c91bb-e060-4aaa-89eb-56f8d59e7482', 'sector_id': 64}]}, {'id': 48, 'x': 9, 'y': 3, 'ocupantes': [{'numero': 3, 'nombre': 'Puyol', 'equipo_id': 'equipo:TOKEN-581c91bb-e060-4aaa-89eb-56f8d59e7482', 'sector_id': 48}]}, {'id': 45, 'x': 6, 'y': 3, 'ocupantes': [{'numero': 4, 'nombre': 'Abidal', 'equipo_id': 'equipo:TOKEN-581c91bb-e060-4aaa-89eb-56f8d59e7482', 'sector_id': 45}]}, {'id': 42, 'x': 3, 'y': 3, 'ocupantes': [{'numero': 5, 'nombre': 'Dani Alves', 'equipo_id': 'equipo:TOKEN-581c91bb-e060-4aaa-89eb-56f8d59e7482', 'sector_id': 42}]}, {'id': 52, 'x': 0, 'y': 4, 'ocupantes': [{'numero': 6, 'nombre': 'Busquets', 'equipo_id': 'equipo:TOKEN-581c91bb-e060-4aaa-89eb-56f8d59e7482', 'sector_id': 52}]}, {'id': 93, 'x': 2, 'y': 7, 'ocupantes': [{'numero': 7, 'nombre': 'Xavi', 'equipo_id': 'equipo:TOKEN-581c91bb-e060-4aaa-89eb-56f8d59e7482', 'sector_id': 93}]}, {'id': 101, 'x': 10, 'y': 7, 'ocupantes': [{'numero': 8, 'nombre': 'Iniesta', 'equipo_id': 'equipo:TOKEN-581c91bb-e060-4aaa-89eb-56f8d59e7482', 'sector_id': 101}]}, {'id': 84, 'x': 6, 'y': 6, 'ocupantes': [{'numero': 9, 'nombre': 'Suarez', 'equipo_id': 'equipo:TOKEN-581c91bb-e060-4aaa-89eb-56f8d59e7482', 'sector_id': 84}]}, {'id': 121, 'x': 4, 'y': 9, 'ocupantes': [{'numero': 10, 'nombre': 'Messi', 'equipo_id': 'equipo:TOKEN-581c91bb-e060-4aaa-89eb-56f8d59e7482', 'es_el_crack': True, 'sector_id': 121}]}, {'id': 125, 'x': 8, 'y': 9, 'ocupantes': [{'numero': 11, 'nombre': 'Neymar Jr', 'equipo_id': 'equipo:TOKEN-581c91bb-e060-4aaa-89eb-56f8d59e7482', 'tiene_la_pelota': True, 'sector_id': 125}]}], 'ubicacion_pelota': {'id': 121, 'x': 4, 'y': 9}, 'time_stamp': '1747346998161'}, {'tipo': 'reloj', 'reloj': 72247}]}
2025-05-15 19:11:50 [WARNING] client: Otro mensaje recibido.
Mensaje Enviado: mensaje_id='MARCAR_ADVERSARIO' token='TOKEN-2913f659-71dc-46f5-9585-20e42ba3b50d' datos={'jugador_numero': 9, 'adversario_numero': 10}

Mensaje recibido: None
2025-05-15 19:11:50 [ERROR] mensajes: msg_id no interpretado. Data: {'mensaje_id': 'OCUPADO', 'datos': {'descripcion': 'El Servidor está ocupado en este momento. Intente más tarde.'}}
2025-05-15 19:11:50 [WARNING] client: Otro mensaje recibido.
Mensaje Enviado: mensaje_id='MARCAR_ADVERSARIO' token='TOKEN-2913f659-71dc-46f5-9585-20e42ba3b50d' datos={'jugador_numero': 9, 'adversario_numero': 10}

Mensaje recibido: None
2025-05-15 19:11:51 [INFO] client: Reaccionar
2025-05-15 19:11:51 [INFO] utils: Posiciones base inicializadas: {1: Coordenada(x=6, y=19), 2: Coordenada(x=1, y=16), 3: Coordenada(x=4, y=16), 4: Coordenada(x=8, y=16), 5: Coordenada(x=11, y=16), 6: Coordenada(x=3, y=13), 7: Coordenada(x=6, y=13), 8: Coordenada(x=9, y=13), 9: Coordenada(x=6, y=10), 10: Coordenada(x=8, y=10), 11: Coordenada(x=4, y=10)}
2025-05-15 19:11:51 [INFO] utils: Jugador mas cercano 10
2025-05-15 19:11:51 [INFO] client: Accion enviada. Mensaje: mensaje_id='MARCAR_ADVERSARIO' token='TOKEN-2913f659-71dc-46f5-9585-20e42ba3b50d' datos={'jugador_numero': 10, 'adversario_numero': 11}
2025-05-15 19:11:51 [INFO] client: Reaccionar
2025-05-15 19:11:51 [INFO] utils: Posiciones base inicializadas: {1: Coordenada(x=6, y=19), 2: Coordenada(x=1, y=16), 3: Coordenada(x=4, y=16), 4: Coordenada(x=8, y=16), 5: Coordenada(x=11, y=16), 6: Coordenada(x=3, y=13), 7: Coordenada(x=6, y=13), 8: Coordenada(x=9, y=13), 9: Coordenada(x=6, y=10), 10: Coordenada(x=7, y=6), 11: Coordenada(x=4, y=10)}
2025-05-15 19:11:51 [INFO] utils: Jugador mas cercano 9
2025-05-15 19:11:51 [INFO] client: Accion enviada. Mensaje: mensaje_id='MARCAR_ADVERSARIO' token='TOKEN-2913f659-71dc-46f5-9585-20e42ba3b50d' datos={'jugador_numero': 9, 'adversario_numero': 11}
2025-05-15 19:11:51 [INFO] client: Reaccionar
2025-05-15 19:11:51 [INFO] utils: Posiciones base inicializadas: {1: Coordenada(x=6, y=19), 2: Coordenada(x=1, y=16), 3: Coordenada(x=4, y=16), 4: Coordenada(x=8, y=16), 5: Coordenada(x=11, y=16), 6: Coordenada(x=3, y=13), 7: Coordenada(x=6, y=13), 8: Coordenada(x=9, y=13), 9: Coordenada(x=6, y=10), 10: Coordenada(x=6, y=2), 11: Coordenada(x=4, y=10)}
2025-05-15 19:11:51 [INFO] utils: Jugador mas cercano 9
2025-05-15 19:11:51 [INFO] client: Accion enviada. Mensaje: mensaje_id='MARCAR_ADVERSARIO' token='TOKEN-2913f659-71dc-46f5-9585-20e42ba3b50d' datos={'jugador_numero': 9, 'adversario_numero': 11}
2025-05-15 19:11:51 [INFO] client: Reaccionar
2025-05-15 19:11:51 [INFO] utils: Posiciones base inicializadas: {1: Coordenada(x=6, y=19), 2: Coordenada(x=1, y=16), 3: Coordenada(x=4, y=16), 4: Coordenada(x=8, y=16), 5: Coordenada(x=11, y=16), 6: Coordenada(x=3, y=13), 7: Coordenada(x=6, y=13), 8: Coordenada(x=9, y=13), 9: Coordenada(x=6, y=10), 10: Coordenada(x=6, y=2), 11: Coordenada(x=4, y=10)}
2025-05-15 19:11:51 [INFO] utils: Jugador mas cercano 9
2025-05-15 19:11:51 [INFO] client: Accion enviada. Mensaje: mensaje_id='MARCAR_ADVERSARIO' token='TOKEN-2913f659-71dc-46f5-9585-20e42ba3b50d' datos={'jugador_numero': 9, 'adversario_numero': 11}
2025-05-15 19:11:51 [ERROR] mensajes: msg_id no interpretado. Data: {'mensaje_id': 'OCUPADO', 'datos': {'descripcion': 'El Servidor está ocupado en este momento. Intente más tarde.'}}
2025-05-15 19:11:51 [WARNING] client: Otro mensaje recibido.
Mensaje Enviado: mensaje_id='MARCAR_ADVERSARIO' token='TOKEN-2913f659-71dc-46f5-9585-20e42ba3b50d' datos={'jugador_numero': 9, 'adversario_numero': 11}

Mensaje recibido: None
2025-05-15 19:11:52 [INFO] client: Reaccionar
2025-05-15 19:11:52 [INFO] utils: Posiciones base inicializadas: {1: Coordenada(x=6, y=19), 2: Coordenada(x=1, y=16), 3: Coordenada(x=4, y=16), 4: Coordenada(x=8, y=16), 5: Coordenada(x=11, y=16), 6: Coordenada(x=3, y=13), 7: Coordenada(x=6, y=13), 8: Coordenada(x=9, y=13), 9: Coordenada(x=6, y=10), 10: Coordenada(x=6, y=2), 11: Coordenada(x=4, y=10)}
2025-05-15 19:11:52 [INFO] utils: Jugador mas cercano 9
2025-05-15 19:11:52 [INFO] client: Accion enviada. Mensaje: mensaje_id='MARCAR_ADVERSARIO' token='TOKEN-2913f659-71dc-46f5-9585-20e42ba3b50d' datos={'jugador_numero': 9, 'adversario_numero': 11}
2025-05-15 19:11:52 [INFO] client: Reaccionar
2025-05-15 19:11:52 [INFO] utils: Posiciones base inicializadas: {1: Coordenada(x=6, y=19), 2: Coordenada(x=1, y=16), 3: Coordenada(x=4, y=16), 4: Coordenada(x=8, y=16), 5: Coordenada(x=11, y=16), 6: Coordenada(x=3, y=13), 7: Coordenada(x=6, y=13), 8: Coordenada(x=9, y=13), 9: Coordenada(x=6, y=10), 10: Coordenada(x=6, y=2), 11: Coordenada(x=4, y=10)}
2025-05-15 19:11:52 [INFO] utils: Jugador mas cercano 9
2025-05-15 19:11:52 [INFO] client: Accion enviada. Mensaje: mensaje_id='CORRER' token='TOKEN-2913f659-71dc-46f5-9585-20e42ba3b50d' datos={'movimientos': [{'jugador_numero': 9, 'x': 10, 'y': 7}]}
2025-05-15 19:11:52 [INFO] client: Reaccionar
2025-05-15 19:11:52 [INFO] utils: Posiciones base inicializadas: {1: Coordenada(x=6, y=19), 2: Coordenada(x=1, y=16), 3: Coordenada(x=4, y=16), 4: Coordenada(x=8, y=16), 5: Coordenada(x=11, y=16), 6: Coordenada(x=3, y=13), 7: Coordenada(x=6, y=13), 8: Coordenada(x=9, y=13), 9: Coordenada(x=6, y=10), 10: Coordenada(x=7, y=6), 11: Coordenada(x=4, y=10)}
2025-05-15 19:11:52 [INFO] utils: Jugador mas cercano 9
2025-05-15 19:11:52 [INFO] client: Accion enviada. Mensaje: mensaje_id='MARCAR_ADVERSARIO' token='TOKEN-2913f659-71dc-46f5-9585-20e42ba3b50d' datos={'jugador_numero': 9, 'adversario_numero': 11}
2025-05-15 19:11:52 [INFO] client: Reaccionar
2025-05-15 19:11:52 [INFO] utils: Posiciones base inicializadas: {1: Coordenada(x=6, y=19), 2: Coordenada(x=1, y=16), 3: Coordenada(x=4, y=16), 4: Coordenada(x=8, y=16), 5: Coordenada(x=11, y=16), 6: Coordenada(x=3, y=13), 7: Coordenada(x=6, y=13), 8: Coordenada(x=9, y=13), 9: Coordenada(x=6, y=10), 10: Coordenada(x=7, y=6), 11: Coordenada(x=4, y=10)}
2025-05-15 19:11:52 [INFO] utils: Jugador mas cercano 9
2025-05-15 19:11:52 [INFO] client: Accion enviada. Mensaje: mensaje_id='MARCAR_ADVERSARIO' token='TOKEN-2913f659-71dc-46f5-9585-20e42ba3b50d' datos={'jugador_numero': 9, 'adversario_numero': 11}
2025-05-15 19:11:52 [INFO] client: Reaccionar
2025-05-15 19:11:52 [INFO] utils: Posiciones base inicializadas: {1: Coordenada(x=6, y=19), 2: Coordenada(x=1, y=16), 3: Coordenada(x=4, y=16), 4: Coordenada(x=8, y=16), 5: Coordenada(x=11, y=16), 6: Coordenada(x=3, y=13), 7: Coordenada(x=6, y=13), 8: Coordenada(x=9, y=13), 9: Coordenada(x=6, y=10), 10: Coordenada(x=7, y=6), 11: Coordenada(x=4, y=10)}
2025-05-15 19:11:52 [INFO] utils: Jugador mas cercano 10
2025-05-15 19:11:52 [INFO] client: Accion enviada. Mensaje: mensaje_id='CORRER' token='TOKEN-2913f659-71dc-46f5-9585-20e42ba3b50d' datos={'movimientos': [{'jugador_numero': 10, 'x': 10, 'y': 7}]}
2025-05-15 19:11:52 [INFO] client: Tienes la pelota!
2025-05-15 19:11:52 [INFO] client: Accion enviada. Mensaje: mensaje_id='PATEAR' token='TOKEN-2913f659-71dc-46f5-9585-20e42ba3b50d' datos={'x': 6, 'y': 0}
2025-05-15 19:11:52 [ERROR] mensajes: msg_id no interpretado. Data: {'mensaje_id': 'OCUPADO', 'datos': {'descripcion': 'El Servidor está ocupado en este momento. Intente más tarde.'}}
2025-05-15 19:11:52 [WARNING] client: Otro mensaje recibido.
Mensaje Enviado: mensaje_id='PATEAR' token='TOKEN-2913f659-71dc-46f5-9585-20e42ba3b50d' datos={'x': 6, 'y': 0}

Mensaje recibido: None
2025-05-15 19:11:53 [INFO] client: Reaccionar
2025-05-15 19:11:53 [INFO] utils: Posiciones base inicializadas: {1: Coordenada(x=6, y=19), 2: Coordenada(x=1, y=16), 3: Coordenada(x=4, y=16), 4: Coordenada(x=8, y=16), 5: Coordenada(x=11, y=16), 6: Coordenada(x=3, y=13), 7: Coordenada(x=6, y=13), 8: Coordenada(x=9, y=13), 9: Coordenada(x=8, y=9), 10: Coordenada(x=7, y=6), 11: Coordenada(x=4, y=10)}
2025-05-15 19:11:53 [INFO] utils: Jugador mas cercano 9
2025-05-15 19:11:53 [INFO] client: Accion enviada. Mensaje: mensaje_id='MARCAR_ADVERSARIO' token='TOKEN-2913f659-71dc-46f5-9585-20e42ba3b50d' datos={'jugador_numero': 9, 'adversario_numero': 11}
2025-05-15 19:11:53 [INFO] client: Reaccionar
2025-05-15 19:11:53 [INFO] utils: Posiciones base inicializadas: {1: Coordenada(x=6, y=19), 2: Coordenada(x=1, y=16), 3: Coordenada(x=4, y=16), 4: Coordenada(x=8, y=16), 5: Coordenada(x=11, y=16), 6: Coordenada(x=3, y=13), 7: Coordenada(x=6, y=13), 8: Coordenada(x=9, y=13), 9: Coordenada(x=8, y=9), 10: Coordenada(x=7, y=6), 11: Coordenada(x=4, y=10)}
2025-05-15 19:11:53 [INFO] utils: Pelota en el aire.
2025-05-15 19:11:53 [INFO] utils: Jugador mas cercano 9
2025-05-15 19:11:53 [INFO] client: Accion enviada. Mensaje: mensaje_id='CORRER' token='TOKEN-2913f659-71dc-46f5-9585-20e42ba3b50d' datos={'movimientos': [{'jugador_numero': 9, 'x': 8, 'y': 9}]}
2025-05-15 19:11:53 [INFO] client: Reaccionar
2025-05-15 19:11:53 [INFO] utils: Posiciones base inicializadas: {1: Coordenada(x=6, y=19), 2: Coordenada(x=1, y=16), 3: Coordenada(x=4, y=16), 4: Coordenada(x=8, y=16), 5: Coordenada(x=11, y=16), 6: Coordenada(x=3, y=13), 7: Coordenada(x=6, y=13), 8: Coordenada(x=9, y=13), 9: Coordenada(x=8, y=9), 10: Coordenada(x=7, y=6), 11: Coordenada(x=4, y=10)}
2025-05-15 19:11:53 [INFO] utils: Jugador mas cercano 9
2025-05-15 19:11:53 [INFO] client: Accion enviada. Mensaje: mensaje_id='CORRER' token='TOKEN-2913f659-71dc-46f5-9585-20e42ba3b50d' datos={'movimientos': [{'jugador_numero': 9, 'x': 10, 'y': 7}]}
2025-05-15 19:11:53 [INFO] client: Reaccionar
2025-05-15 19:11:53 [INFO] utils: Posiciones base inicializadas: {1: Coordenada(x=6, y=19), 2: Coordenada(x=1, y=16), 3: Coordenada(x=4, y=16), 4: Coordenada(x=8, y=16), 5: Coordenada(x=11, y=16), 6: Coordenada(x=3, y=13), 7: Coordenada(x=6, y=13), 8: Coordenada(x=9, y=13), 9: Coordenada(x=8, y=9), 10: Coordenada(x=7, y=6), 11: Coordenada(x=4, y=10)}
2025-05-15 19:11:53 [INFO] utils: Jugador mas cercano 9
2025-05-15 19:11:53 [INFO] client: Accion enviada. Mensaje: mensaje_id='CORRER' token='TOKEN-2913f659-71dc-46f5-9585-20e42ba3b50d' datos={'movimientos': [{'jugador_numero': 9, 'x': 10, 'y': 7}]}
2025-05-15 19:11:53 [ERROR] mensajes: msg_id no interpretado. Data: {'mensaje_id': 'OCUPADO', 'datos': {'descripcion': 'El Servidor está ocupado en este momento. Intente más tarde.'}}
2025-05-15 19:11:53 [WARNING] client: Otro mensaje recibido.
Mensaje Enviado: mensaje_id='CORRER' token='TOKEN-2913f659-71dc-46f5-9585-20e42ba3b50d' datos={'movimientos': [{'jugador_numero': 9, 'x': 10, 'y': 7}]}

Mensaje recibido: None
2025-05-15 19:11:54 [INFO] client: Reaccionar
2025-05-15 19:11:54 [INFO] utils: Posiciones base inicializadas: {1: Coordenada(x=6, y=19), 2: Coordenada(x=1, y=16), 3: Coordenada(x=4, y=16), 4: Coordenada(x=8, y=16), 5: Coordenada(x=11, y=16), 6: Coordenada(x=3, y=13), 7: Coordenada(x=6, y=13), 8: Coordenada(x=9, y=13), 9: Coordenada(x=8, y=9), 10: Coordenada(x=7, y=6), 11: Coordenada(x=4, y=10)}
2025-05-15 19:11:54 [INFO] utils: Jugador mas cercano 9
2025-05-15 19:11:54 [INFO] client: Accion enviada. Mensaje: mensaje_id='CORRER' token='TOKEN-2913f659-71dc-46f5-9585-20e42ba3b50d' datos={'movimientos': [{'jugador_numero': 9, 'x': 10, 'y': 7}]}
2025-05-15 19:11:54 [INFO] client: Reaccionar
2025-05-15 19:11:54 [INFO] utils: Posiciones base inicializadas: {1: Coordenada(x=6, y=19), 2: Coordenada(x=1, y=16), 3: Coordenada(x=4, y=16), 4: Coordenada(x=8, y=16), 5: Coordenada(x=11, y=16), 6: Coordenada(x=3, y=13), 7: Coordenada(x=6, y=13), 8: Coordenada(x=9, y=13), 9: Coordenada(x=8, y=9), 10: Coordenada(x=7, y=6), 11: Coordenada(x=4, y=10)}
2025-05-15 19:11:54 [INFO] utils: Jugador mas cercano 9
2025-05-15 19:11:54 [INFO] client: Accion enviada. Mensaje: mensaje_id='CORRER' token='TOKEN-2913f659-71dc-46f5-9585-20e42ba3b50d' datos={'movimientos': [{'jugador_numero': 9, 'x': 10, 'y': 7}]}
2025-05-15 19:11:54 [INFO] client: Reaccionar
2025-05-15 19:11:54 [INFO] utils: Posiciones base inicializadas: {1: Coordenada(x=6, y=19), 2: Coordenada(x=1, y=16), 3: Coordenada(x=4, y=16), 4: Coordenada(x=8, y=16), 5: Coordenada(x=11, y=16), 6: Coordenada(x=3, y=13), 7: Coordenada(x=6, y=13), 8: Coordenada(x=9, y=13), 9: Coordenada(x=8, y=9), 10: Coordenada(x=7, y=6), 11: Coordenada(x=4, y=10)}
2025-05-15 19:11:54 [INFO] utils: Jugador mas cercano 9
2025-05-15 19:11:54 [INFO] client: Accion enviada. Mensaje: mensaje_id='CORRER' token='TOKEN-2913f659-71dc-46f5-9585-20e42ba3b50d' datos={'movimientos': [{'jugador_numero': 9, 'x': 10, 'y': 7}]}
2025-05-15 19:11:54 [INFO] client: Reaccionar
2025-05-15 19:11:54 [INFO] utils: Posiciones base inicializadas: {1: Coordenada(x=6, y=19), 2: Coordenada(x=1, y=16), 3: Coordenada(x=4, y=16), 4: Coordenada(x=8, y=16), 5: Coordenada(x=11, y=16), 6: Coordenada(x=3, y=13), 7: Coordenada(x=6, y=13), 8: Coordenada(x=9, y=13), 9: Coordenada(x=8, y=9), 10: Coordenada(x=7, y=6), 11: Coordenada(x=4, y=10)}
2025-05-15 19:11:54 [INFO] utils: Jugador mas cercano 9
2025-05-15 19:11:54 [INFO] client: Accion enviada. Mensaje: mensaje_id='CORRER' token='TOKEN-2913f659-71dc-46f5-9585-20e42ba3b50d' datos={'movimientos': [{'jugador_numero': 9, 'x': 10, 'y': 7}]}
2025-05-15 19:11:54 [INFO] client: Reaccionar
2025-05-15 19:11:54 [INFO] utils: Posiciones base inicializadas: {1: Coordenada(x=6, y=19), 2: Coordenada(x=1, y=16), 3: Coordenada(x=4, y=16), 4: Coordenada(x=8, y=16), 5: Coordenada(x=11, y=16), 6: Coordenada(x=3, y=13), 7: Coordenada(x=6, y=13), 8: Coordenada(x=9, y=13), 9: Coordenada(x=8, y=9), 10: Coordenada(x=7, y=6), 11: Coordenada(x=4, y=10)}
2025-05-15 19:11:54 [INFO] utils: Jugador mas cercano 9
2025-05-15 19:11:54 [INFO] client: Accion enviada. Mensaje: mensaje_id='CORRER' token='TOKEN-2913f659-71dc-46f5-9585-20e42ba3b50d' datos={'movimientos': [{'jugador_numero': 9, 'x': 10, 'y': 7}]}
2025-05-15 19:11:54 [INFO] client: Reaccionar
2025-05-15 19:11:54 [INFO] utils: Posiciones base inicializadas: {1: Coordenada(x=6, y=19), 2: Coordenada(x=1, y=16), 3: Coordenada(x=4, y=16), 4: Coordenada(x=8, y=16), 5: Coordenada(x=11, y=16), 6: Coordenada(x=3, y=13), 7: Coordenada(x=6, y=13), 8: Coordenada(x=9, y=13), 9: Coordenada(x=8, y=9), 10: Coordenada(x=7, y=6), 11: Coordenada(x=4, y=10)}
2025-05-15 19:11:54 [INFO] utils: Jugador mas cercano 9
2025-05-15 19:11:54 [INFO] client: Accion enviada. Mensaje: mensaje_id='CORRER' token='TOKEN-2913f659-71dc-46f5-9585-20e42ba3b50d' datos={'movimientos': [{'jugador_numero': 9, 'x': 10, 'y': 7}]}
2025-05-15 19:11:54 [ERROR] mensajes: msg_id no interpretado. Data: {'mensaje_id': 'OCUPADO', 'datos': {'descripcion': 'El Servidor está ocupado en este momento. Intente más tarde.'}}
2025-05-15 19:11:54 [WARNING] client: Otro mensaje recibido.
Mensaje Enviado: mensaje_id='CORRER' token='TOKEN-2913f659-71dc-46f5-9585-20e42ba3b50d' datos={'movimientos': [{'jugador_numero': 9, 'x': 10, 'y': 7}]}

Mensaje recibido: None
2025-05-15 19:11:55 [INFO] client: Reaccionar
2025-05-15 19:11:55 [INFO] utils: Posiciones base inicializadas: {1: Coordenada(x=6, y=19), 2: Coordenada(x=1, y=16), 3: Coordenada(x=4, y=16), 4: Coordenada(x=8, y=16), 5: Coordenada(x=11, y=16), 6: Coordenada(x=3, y=13), 7: Coordenada(x=6, y=13), 8: Coordenada(x=9, y=13), 9: Coordenada(x=8, y=9), 10: Coordenada(x=7, y=6), 11: Coordenada(x=4, y=10)}
2025-05-15 19:11:55 [INFO] utils: Jugador mas cercano 9
2025-05-15 19:11:55 [INFO] client: Accion enviada. Mensaje: mensaje_id='CORRER' token='TOKEN-2913f659-71dc-46f5-9585-20e42ba3b50d' datos={'movimientos': [{'jugador_numero': 9, 'x': 10, 'y': 7}]}
2025-05-15 19:11:55 [INFO] client: Reaccionar
2025-05-15 19:11:55 [INFO] utils: Posiciones base inicializadas: {1: Coordenada(x=6, y=19), 2: Coordenada(x=1, y=16), 3: Coordenada(x=4, y=16), 4: Coordenada(x=8, y=16), 5: Coordenada(x=11, y=16), 6: Coordenada(x=3, y=13), 7: Coordenada(x=6, y=13), 8: Coordenada(x=9, y=13), 9: Coordenada(x=8, y=9), 10: Coordenada(x=7, y=6), 11: Coordenada(x=4, y=10)}
2025-05-15 19:11:55 [INFO] utils: Jugador mas cercano 9
2025-05-15 19:11:55 [INFO] client: Accion enviada. Mensaje: mensaje_id='CORRER' token='TOKEN-2913f659-71dc-46f5-9585-20e42ba3b50d' datos={'movimientos': [{'jugador_numero': 9, 'x': 10, 'y': 7}]}
2025-05-15 19:11:55 [INFO] client: Reaccionar
2025-05-15 19:11:55 [INFO] utils: Posiciones base inicializadas: {1: Coordenada(x=6, y=19), 2: Coordenada(x=1, y=16), 3: Coordenada(x=4, y=16), 4: Coordenada(x=8, y=16), 5: Coordenada(x=11, y=16), 6: Coordenada(x=3, y=13), 7: Coordenada(x=6, y=13), 8: Coordenada(x=9, y=13), 9: Coordenada(x=10, y=7), 10: Coordenada(x=7, y=6), 11: Coordenada(x=4, y=10)}
2025-05-15 19:11:55 [INFO] utils: Jugador mas cercano 9
2025-05-15 19:11:55 [INFO] client: Accion enviada. Mensaje: mensaje_id='CORRER' token='TOKEN-2913f659-71dc-46f5-9585-20e42ba3b50d' datos={'movimientos': [{'jugador_numero': 9, 'x': 10, 'y': 7}]}
2025-05-15 19:11:55 [INFO] client: Reaccionar
2025-05-15 19:11:55 [INFO] utils: Posiciones base inicializadas: {1: Coordenada(x=6, y=19), 2: Coordenada(x=1, y=16), 3: Coordenada(x=4, y=16), 4: Coordenada(x=8, y=16), 5: Coordenada(x=11, y=16), 6: Coordenada(x=3, y=13), 7: Coordenada(x=6, y=13), 8: Coordenada(x=9, y=13), 9: Coordenada(x=10, y=7), 10: Coordenada(x=7, y=6), 11: Coordenada(x=4, y=10)}
2025-05-15 19:11:55 [INFO] utils: Jugador mas cercano 9
2025-05-15 19:11:55 [INFO] client: Accion enviada. Mensaje: mensaje_id='CORRER' token='TOKEN-2913f659-71dc-46f5-9585-20e42ba3b50d' datos={'movimientos': [{'jugador_numero': 9, 'x': 10, 'y': 7}]}
2025-05-15 19:11:55 [INFO] client: Tienes la pelota!
2025-05-15 19:11:55 [INFO] client: Accion enviada. Mensaje: mensaje_id='PATEAR' token='TOKEN-2913f659-71dc-46f5-9585-20e42ba3b50d' datos={'x': 6, 'y': 0}
2025-05-15 19:11:55 [INFO] client: Tienes la pelota!
2025-05-15 19:11:55 [INFO] client: Accion enviada. Mensaje: mensaje_id='PATEAR' token='TOKEN-2913f659-71dc-46f5-9585-20e42ba3b50d' datos={'x': 6, 'y': 0}
2025-05-15 19:11:55 [ERROR] mensajes: msg_id no interpretado. Data: {'mensaje_id': 'OCUPADO', 'datos': {'descripcion': 'El Servidor está ocupado en este momento. Intente más tarde.'}}
2025-05-15 19:11:55 [WARNING] client: Otro mensaje recibido.
Mensaje Enviado: mensaje_id='PATEAR' token='TOKEN-2913f659-71dc-46f5-9585-20e42ba3b50d' datos={'x': 6, 'y': 0}

Mensaje recibido: None
2025-05-15 19:11:56 [INFO] client: Reaccionar
2025-05-15 19:11:56 [INFO] utils: Posiciones base inicializadas: {1: Coordenada(x=6, y=19), 2: Coordenada(x=1, y=16), 3: Coordenada(x=4, y=16), 4: Coordenada(x=8, y=16), 5: Coordenada(x=11, y=16), 6: Coordenada(x=3, y=13), 7: Coordenada(x=6, y=13), 8: Coordenada(x=9, y=13), 9: Coordenada(x=10, y=7), 10: Coordenada(x=7, y=6), 11: Coordenada(x=4, y=10)}
2025-05-15 19:11:56 [INFO] utils: Jugador mas cercano 9
2025-05-15 19:11:56 [INFO] client: Accion enviada. Mensaje: mensaje_id='MARCAR_ADVERSARIO' token='TOKEN-2913f659-71dc-46f5-9585-20e42ba3b50d' datos={'jugador_numero': 9, 'adversario_numero': 8}
2025-05-15 19:11:56 [INFO] client: Reaccionar
2025-05-15 19:11:56 [INFO] utils: Posiciones base inicializadas: {1: Coordenada(x=6, y=19), 2: Coordenada(x=1, y=16), 3: Coordenada(x=4, y=16), 4: Coordenada(x=8, y=16), 5: Coordenada(x=11, y=16), 6: Coordenada(x=3, y=13), 7: Coordenada(x=6, y=13), 8: Coordenada(x=9, y=13), 9: Coordenada(x=10, y=7), 10: Coordenada(x=7, y=6), 11: Coordenada(x=4, y=10)}
2025-05-15 19:11:56 [INFO] utils: Pelota en el aire.
2025-05-15 19:11:56 [INFO] utils: Jugador mas cercano 9
2025-05-15 19:11:56 [INFO] client: Accion enviada. Mensaje: mensaje_id='CORRER' token='TOKEN-2913f659-71dc-46f5-9585-20e42ba3b50d' datos={'movimientos': [{'jugador_numero': 9, 'x': 10, 'y': 7}]}
2025-05-15 19:11:56 [INFO] client: Reaccionar
2025-05-15 19:11:56 [INFO] utils: Posiciones base inicializadas: {1: Coordenada(x=6, y=19), 2: Coordenada(x=1, y=16), 3: Coordenada(x=4, y=16), 4: Coordenada(x=8, y=16), 5: Coordenada(x=11, y=16), 6: Coordenada(x=3, y=13), 7: Coordenada(x=6, y=13), 8: Coordenada(x=9, y=13), 9: Coordenada(x=10, y=7), 10: Coordenada(x=7, y=6), 11: Coordenada(x=4, y=10)}
2025-05-15 19:11:56 [INFO] utils: Jugador mas cercano 9
2025-05-15 19:11:56 [INFO] client: Accion enviada. Mensaje: mensaje_id='CORRER' token='TOKEN-2913f659-71dc-46f5-9585-20e42ba3b50d' datos={'movimientos': [{'jugador_numero': 9, 'x': 10, 'y': 7}]}
2025-05-15 19:11:56 [INFO] client: Reaccionar
2025-05-15 19:11:56 [INFO] utils: Posiciones base inicializadas: {1: Coordenada(x=6, y=19), 2: Coordenada(x=1, y=16), 3: Coordenada(x=4, y=16), 4: Coordenada(x=8, y=16), 5: Coordenada(x=11, y=16), 6: Coordenada(x=3, y=13), 7: Coordenada(x=6, y=13), 8: Coordenada(x=9, y=13), 9: Coordenada(x=10, y=7), 10: Coordenada(x=7, y=6), 11: Coordenada(x=4, y=10)}
2025-05-15 19:11:56 [INFO] utils: Jugador mas cercano 9
2025-05-15 19:11:56 [INFO] client: Accion enviada. Mensaje: mensaje_id='MARCAR_ADVERSARIO' token='TOKEN-2913f659-71dc-46f5-9585-20e42ba3b50d' datos={'jugador_numero': 9, 'adversario_numero': 8}
2025-05-15 19:11:56 [ERROR] mensajes: msg_id no interpretado. Data: {'mensaje_id': 'OCUPADO', 'datos': {'descripcion': 'El Servidor está ocupado en este momento. Intente más tarde.'}}
2025-05-15 19:11:56 [WARNING] client: Otro mensaje recibido.
Mensaje Enviado: mensaje_id='MARCAR_ADVERSARIO' token='TOKEN-2913f659-71dc-46f5-9585-20e42ba3b50d' datos={'jugador_numero': 9, 'adversario_numero': 8}

Mensaje recibido: None
2025-05-15 19:11:57 [INFO] client: Reaccionar
2025-05-15 19:11:57 [INFO] utils: Posiciones base inicializadas: {1: Coordenada(x=6, y=19), 2: Coordenada(x=1, y=16), 3: Coordenada(x=4, y=16), 4: Coordenada(x=8, y=16), 5: Coordenada(x=11, y=16), 6: Coordenada(x=3, y=13), 7: Coordenada(x=6, y=13), 8: Coordenada(x=9, y=13), 9: Coordenada(x=10, y=7), 10: Coordenada(x=7, y=6), 11: Coordenada(x=4, y=10)}
2025-05-15 19:11:57 [INFO] utils: Jugador mas cercano 9
2025-05-15 19:11:57 [INFO] client: Accion enviada. Mensaje: mensaje_id='MARCAR_ADVERSARIO' token='TOKEN-2913f659-71dc-46f5-9585-20e42ba3b50d' datos={'jugador_numero': 9, 'adversario_numero': 8}
2025-05-15 19:11:57 [INFO] client: Reaccionar
2025-05-15 19:11:57 [INFO] utils: Posiciones base inicializadas: {1: Coordenada(x=6, y=19), 2: Coordenada(x=1, y=16), 3: Coordenada(x=4, y=16), 4: Coordenada(x=8, y=16), 5: Coordenada(x=11, y=16), 6: Coordenada(x=3, y=13), 7: Coordenada(x=6, y=13), 8: Coordenada(x=9, y=13), 9: Coordenada(x=10, y=7), 10: Coordenada(x=7, y=6), 11: Coordenada(x=4, y=10)}
2025-05-15 19:11:57 [INFO] utils: Pelota en el aire.
2025-05-15 19:11:57 [INFO] utils: Jugador mas cercano 9
2025-05-15 19:11:57 [INFO] client: Accion enviada. Mensaje: mensaje_id='CORRER' token='TOKEN-2913f659-71dc-46f5-9585-20e42ba3b50d' datos={'movimientos': [{'jugador_numero': 9, 'x': 10, 'y': 7}]}
2025-05-15 19:11:57 [INFO] client: Reaccionar
2025-05-15 19:11:57 [INFO] utils: Posiciones base inicializadas: {1: Coordenada(x=6, y=19), 2: Coordenada(x=1, y=16), 3: Coordenada(x=4, y=16), 4: Coordenada(x=8, y=16), 5: Coordenada(x=11, y=16), 6: Coordenada(x=3, y=13), 7: Coordenada(x=6, y=13), 8: Coordenada(x=9, y=13), 9: Coordenada(x=10, y=7), 10: Coordenada(x=7, y=6), 11: Coordenada(x=4, y=10)}
2025-05-15 19:11:57 [INFO] utils: Jugador mas cercano 9
2025-05-15 19:11:57 [INFO] client: Accion enviada. Mensaje: mensaje_id='CORRER' token='TOKEN-2913f659-71dc-46f5-9585-20e42ba3b50d' datos={'movimientos': [{'jugador_numero': 9, 'x': 8, 'y': 9}]}
2025-05-15 19:11:57 [INFO] client: Reaccionar
2025-05-15 19:11:57 [INFO] utils: Posiciones base inicializadas: {1: Coordenada(x=6, y=19), 2: Coordenada(x=1, y=16), 3: Coordenada(x=4, y=16), 4: Coordenada(x=8, y=16), 5: Coordenada(x=11, y=16), 6: Coordenada(x=3, y=13), 7: Coordenada(x=6, y=13), 8: Coordenada(x=9, y=13), 9: Coordenada(x=10, y=7), 10: Coordenada(x=7, y=6), 11: Coordenada(x=4, y=10)}
2025-05-15 19:11:57 [INFO] utils: Jugador mas cercano 9
2025-05-15 19:11:57 [INFO] client: Accion enviada. Mensaje: mensaje_id='MARCAR_ADVERSARIO' token='TOKEN-2913f659-71dc-46f5-9585-20e42ba3b50d' datos={'jugador_numero': 9, 'adversario_numero': 8}
2025-05-15 19:11:57 [INFO] client: Reaccionar
2025-05-15 19:11:57 [INFO] utils: Posiciones base inicializadas: {1: Coordenada(x=6, y=19), 2: Coordenada(x=1, y=16), 3: Coordenada(x=4, y=16), 4: Coordenada(x=8, y=16), 5: Coordenada(x=11, y=16), 6: Coordenada(x=3, y=13), 7: Coordenada(x=6, y=13), 8: Coordenada(x=9, y=13), 9: Coordenada(x=10, y=7), 10: Coordenada(x=7, y=6), 11: Coordenada(x=4, y=10)}
2025-05-15 19:11:57 [INFO] utils: Pelota en el aire.
2025-05-15 19:11:57 [INFO] utils: Jugador mas cercano 9
2025-05-15 19:11:57 [INFO] client: Accion enviada. Mensaje: mensaje_id='CORRER' token='TOKEN-2913f659-71dc-46f5-9585-20e42ba3b50d' datos={'movimientos': [{'jugador_numero': 9, 'x': 10, 'y': 7}]}
2025-05-15 19:11:57 [INFO] client: Reaccionar
2025-05-15 19:11:57 [INFO] utils: Posiciones base inicializadas: {1: Coordenada(x=6, y=19), 2: Coordenada(x=1, y=16), 3: Coordenada(x=4, y=16), 4: Coordenada(x=8, y=16), 5: Coordenada(x=11, y=16), 6: Coordenada(x=3, y=13), 7: Coordenada(x=6, y=13), 8: Coordenada(x=9, y=13), 9: Coordenada(x=10, y=7), 10: Coordenada(x=7, y=6), 11: Coordenada(x=4, y=10)}
2025-05-15 19:11:57 [INFO] utils: Jugador mas cercano 9
2025-05-15 19:11:57 [INFO] client: Accion enviada. Mensaje: mensaje_id='CORRER' token='TOKEN-2913f659-71dc-46f5-9585-20e42ba3b50d' datos={'movimientos': [{'jugador_numero': 9, 'x': 10, 'y': 7}]}
2025-05-15 19:11:57 [ERROR] mensajes: msg_id no interpretado. Data: {'mensaje_id': 'OCUPADO', 'datos': {'descripcion': 'El Servidor está ocupado en este momento. Intente más tarde.'}}
2025-05-15 19:11:57 [WARNING] client: Otro mensaje recibido.
Mensaje Enviado: mensaje_id='CORRER' token='TOKEN-2913f659-71dc-46f5-9585-20e42ba3b50d' datos={'movimientos': [{'jugador_numero': 9, 'x': 10, 'y': 7}]}

Mensaje recibido: None
2025-05-15 19:11:58 [INFO] client: Reaccionar
2025-05-15 19:11:58 [INFO] utils: Posiciones base inicializadas: {1: Coordenada(x=6, y=19), 2: Coordenada(x=1, y=16), 3: Coordenada(x=4, y=16), 4: Coordenada(x=8, y=16), 5: Coordenada(x=11, y=16), 6: Coordenada(x=3, y=13), 7: Coordenada(x=6, y=13), 8: Coordenada(x=9, y=13), 9: Coordenada(x=10, y=7), 10: Coordenada(x=7, y=6), 11: Coordenada(x=4, y=10)}
2025-05-15 19:11:58 [INFO] utils: Jugador mas cercano 9
2025-05-15 19:11:58 [INFO] client: Accion enviada. Mensaje: mensaje_id='CORRER' token='TOKEN-2913f659-71dc-46f5-9585-20e42ba3b50d' datos={'movimientos': [{'jugador_numero': 9, 'x': 10, 'y': 7}]}
2025-05-15 19:11:58 [INFO] client: Reaccionar
2025-05-15 19:11:58 [INFO] utils: Posiciones base inicializadas: {1: Coordenada(x=6, y=19), 2: Coordenada(x=1, y=16), 3: Coordenada(x=4, y=16), 4: Coordenada(x=8, y=16), 5: Coordenada(x=11, y=16), 6: Coordenada(x=3, y=13), 7: Coordenada(x=6, y=13), 8: Coordenada(x=9, y=13), 9: Coordenada(x=10, y=7), 10: Coordenada(x=7, y=6), 11: Coordenada(x=4, y=10)}
2025-05-15 19:11:58 [INFO] utils: Jugador mas cercano 9
2025-05-15 19:11:58 [INFO] client: Accion enviada. Mensaje: mensaje_id='CORRER' token='TOKEN-2913f659-71dc-46f5-9585-20e42ba3b50d' datos={'movimientos': [{'jugador_numero': 9, 'x': 8, 'y': 9}]}
2025-05-15 19:11:58 [INFO] client: Reaccionar
2025-05-15 19:11:58 [INFO] utils: Posiciones base inicializadas: {1: Coordenada(x=6, y=19), 2: Coordenada(x=1, y=16), 3: Coordenada(x=4, y=16), 4: Coordenada(x=8, y=16), 5: Coordenada(x=11, y=16), 6: Coordenada(x=3, y=13), 7: Coordenada(x=6, y=13), 8: Coordenada(x=9, y=13), 9: Coordenada(x=10, y=7), 10: Coordenada(x=7, y=6), 11: Coordenada(x=4, y=10)}
2025-05-15 19:11:58 [INFO] utils: Jugador mas cercano 9
2025-05-15 19:11:58 [INFO] client: Accion enviada. Mensaje: mensaje_id='CORRER' token='TOKEN-2913f659-71dc-46f5-9585-20e42ba3b50d' datos={'movimientos': [{'jugador_numero': 9, 'x': 8, 'y': 9}]}
2025-05-15 19:11:58 [INFO] client: Reaccionar
2025-05-15 19:11:58 [INFO] utils: Posiciones base inicializadas: {1: Coordenada(x=6, y=19), 2: Coordenada(x=1, y=16), 3: Coordenada(x=4, y=16), 4: Coordenada(x=8, y=16), 5: Coordenada(x=11, y=16), 6: Coordenada(x=3, y=13), 7: Coordenada(x=6, y=13), 8: Coordenada(x=9, y=13), 9: Coordenada(x=10, y=7), 10: Coordenada(x=7, y=6), 11: Coordenada(x=4, y=10)}
2025-05-15 19:11:58 [INFO] utils: Jugador mas cercano 9
2025-05-15 19:11:58 [INFO] client: Accion enviada. Mensaje: mensaje_id='CORRER' token='TOKEN-2913f659-71dc-46f5-9585-20e42ba3b50d' datos={'movimientos': [{'jugador_numero': 9, 'x': 8, 'y': 9}]}
2025-05-15 19:11:58 [INFO] client: Reaccionar
2025-05-15 19:11:58 [INFO] utils: Posiciones base inicializadas: {1: Coordenada(x=6, y=19), 2: Coordenada(x=1, y=16), 3: Coordenada(x=4, y=16), 4: Coordenada(x=8, y=16), 5: Coordenada(x=11, y=16), 6: Coordenada(x=3, y=13), 7: Coordenada(x=6, y=13), 8: Coordenada(x=9, y=13), 9: Coordenada(x=10, y=7), 10: Coordenada(x=7, y=6), 11: Coordenada(x=4, y=10)}
2025-05-15 19:11:58 [INFO] utils: Jugador mas cercano 9
2025-05-15 19:11:58 [INFO] client: Accion enviada. Mensaje: mensaje_id='CORRER' token='TOKEN-2913f659-71dc-46f5-9585-20e42ba3b50d' datos={'movimientos': [{'jugador_numero': 9, 'x': 8, 'y': 9}]}
2025-05-15 19:11:58 [INFO] client: Reaccionar
2025-05-15 19:11:58 [INFO] utils: Posiciones base inicializadas: {1: Coordenada(x=6, y=19), 2: Coordenada(x=1, y=16), 3: Coordenada(x=4, y=16), 4: Coordenada(x=8, y=16), 5: Coordenada(x=11, y=16), 6: Coordenada(x=3, y=13), 7: Coordenada(x=6, y=13), 8: Coordenada(x=9, y=13), 9: Coordenada(x=10, y=7), 10: Coordenada(x=7, y=6), 11: Coordenada(x=4, y=10)}
2025-05-15 19:11:58 [INFO] utils: Jugador mas cercano 9
2025-05-15 19:11:58 [INFO] client: Accion enviada. Mensaje: mensaje_id='CORRER' token='TOKEN-2913f659-71dc-46f5-9585-20e42ba3b50d' datos={'movimientos': [{'jugador_numero': 9, 'x': 8, 'y': 9}]}
2025-05-15 19:11:58 [ERROR] mensajes: msg_id no interpretado. Data: {'mensaje_id': 'OCUPADO', 'datos': {'descripcion': 'El Servidor está ocupado en este momento. Intente más tarde.'}}
2025-05-15 19:11:58 [WARNING] client: Otro mensaje recibido.
Mensaje Enviado: mensaje_id='CORRER' token='TOKEN-2913f659-71dc-46f5-9585-20e42ba3b50d' datos={'movimientos': [{'jugador_numero': 9, 'x': 8, 'y': 9}]}

Mensaje recibido: None
2025-05-15 19:11:59 [INFO] client: Reaccionar
2025-05-15 19:11:59 [INFO] utils: Posiciones base inicializadas: {1: Coordenada(x=6, y=19), 2: Coordenada(x=1, y=16), 3: Coordenada(x=4, y=16), 4: Coordenada(x=8, y=16), 5: Coordenada(x=11, y=16), 6: Coordenada(x=3, y=13), 7: Coordenada(x=6, y=13), 8: Coordenada(x=9, y=13), 9: Coordenada(x=10, y=7), 10: Coordenada(x=7, y=6), 11: Coordenada(x=4, y=10)}
2025-05-15 19:11:59 [INFO] utils: Jugador mas cercano 9
2025-05-15 19:11:59 [INFO] client: Accion enviada. Mensaje: mensaje_id='CORRER' token='TOKEN-2913f659-71dc-46f5-9585-20e42ba3b50d' datos={'movimientos': [{'jugador_numero': 9, 'x': 8, 'y': 9}]}
2025-05-15 19:11:59 [INFO] client: Reaccionar
2025-05-15 19:11:59 [INFO] utils: Posiciones base inicializadas: {1: Coordenada(x=6, y=19), 2: Coordenada(x=1, y=16), 3: Coordenada(x=4, y=16), 4: Coordenada(x=8, y=16), 5: Coordenada(x=11, y=16), 6: Coordenada(x=3, y=13), 7: Coordenada(x=6, y=13), 8: Coordenada(x=9, y=13), 9: Coordenada(x=10, y=7), 10: Coordenada(x=7, y=6), 11: Coordenada(x=4, y=10)}
2025-05-15 19:11:59 [INFO] utils: Jugador mas cercano 9
2025-05-15 19:11:59 [INFO] client: Accion enviada. Mensaje: mensaje_id='CORRER' token='TOKEN-2913f659-71dc-46f5-9585-20e42ba3b50d' datos={'movimientos': [{'jugador_numero': 9, 'x': 8, 'y': 9}]}
2025-05-15 19:11:59 [INFO] client: Reaccionar
2025-05-15 19:11:59 [INFO] utils: Posiciones base inicializadas: {1: Coordenada(x=6, y=19), 2: Coordenada(x=1, y=16), 3: Coordenada(x=4, y=16), 4: Coordenada(x=8, y=16), 5: Coordenada(x=11, y=16), 6: Coordenada(x=3, y=13), 7: Coordenada(x=6, y=13), 8: Coordenada(x=9, y=13), 9: Coordenada(x=10, y=7), 10: Coordenada(x=7, y=6), 11: Coordenada(x=4, y=10)}
2025-05-15 19:11:59 [INFO] utils: Jugador mas cercano 9
2025-05-15 19:11:59 [INFO] client: Accion enviada. Mensaje: mensaje_id='CORRER' token='TOKEN-2913f659-71dc-46f5-9585-20e42ba3b50d' datos={'movimientos': [{'jugador_numero': 9, 'x': 8, 'y': 9}]}
2025-05-15 19:11:59 [INFO] client: Reaccionar
2025-05-15 19:11:59 [INFO] utils: Posiciones base inicializadas: {1: Coordenada(x=6, y=19), 2: Coordenada(x=1, y=16), 3: Coordenada(x=4, y=16), 4: Coordenada(x=8, y=16), 5: Coordenada(x=11, y=16), 6: Coordenada(x=3, y=13), 7: Coordenada(x=6, y=13), 8: Coordenada(x=9, y=13), 9: Coordenada(x=10, y=7), 10: Coordenada(x=7, y=6), 11: Coordenada(x=4, y=10)}
2025-05-15 19:11:59 [INFO] utils: Jugador mas cercano 9
2025-05-15 19:11:59 [INFO] client: Accion enviada. Mensaje: mensaje_id='CORRER' token='TOKEN-2913f659-71dc-46f5-9585-20e42ba3b50d' datos={'movimientos': [{'jugador_numero': 9, 'x': 8, 'y': 9}]}
2025-05-15 19:11:59 [INFO] client: Reaccionar
2025-05-15 19:11:59 [INFO] utils: Posiciones base inicializadas: {1: Coordenada(x=6, y=19), 2: Coordenada(x=1, y=16), 3: Coordenada(x=4, y=16), 4: Coordenada(x=8, y=16), 5: Coordenada(x=11, y=16), 6: Coordenada(x=3, y=13), 7: Coordenada(x=6, y=13), 8: Coordenada(x=9, y=13), 9: Coordenada(x=10, y=7), 10: Coordenada(x=7, y=6), 11: Coordenada(x=4, y=10)}
2025-05-15 19:11:59 [INFO] utils: Jugador mas cercano 9
2025-05-15 19:11:59 [INFO] client: Accion enviada. Mensaje: mensaje_id='CORRER' token='TOKEN-2913f659-71dc-46f5-9585-20e42ba3b50d' datos={'movimientos': [{'jugador_numero': 9, 'x': 8, 'y': 9}]}
2025-05-15 19:11:59 [INFO] client: Reaccionar
2025-05-15 19:11:59 [INFO] utils: Posiciones base inicializadas: {1: Coordenada(x=6, y=19), 2: Coordenada(x=1, y=16), 3: Coordenada(x=4, y=16), 4: Coordenada(x=8, y=16), 5: Coordenada(x=11, y=16), 6: Coordenada(x=3, y=13), 7: Coordenada(x=6, y=13), 8: Coordenada(x=9, y=13), 9: Coordenada(x=10, y=7), 10: Coordenada(x=7, y=6), 11: Coordenada(x=4, y=10)}
2025-05-15 19:11:59 [INFO] utils: Jugador mas cercano 9
2025-05-15 19:11:59 [INFO] client: Accion enviada. Mensaje: mensaje_id='CORRER' token='TOKEN-2913f659-71dc-46f5-9585-20e42ba3b50d' datos={'movimientos': [{'jugador_numero': 9, 'x': 8, 'y': 9}]}
2025-05-15 19:11:59 [ERROR] mensajes: msg_id no interpretado. Data: {'mensaje_id': 'OCUPADO', 'datos': {'descripcion': 'El Servidor está ocupado en este momento. Intente más tarde.'}}
2025-05-15 19:11:59 [WARNING] client: Otro mensaje recibido.
Mensaje Enviado: mensaje_id='CORRER' token='TOKEN-2913f659-71dc-46f5-9585-20e42ba3b50d' datos={'movimientos': [{'jugador_numero': 9, 'x': 8, 'y': 9}]}

Mensaje recibido: None
2025-05-15 19:12:00 [INFO] client: Reaccionar
2025-05-15 19:12:00 [INFO] utils: Posiciones base inicializadas: {1: Coordenada(x=6, y=19), 2: Coordenada(x=1, y=16), 3: Coordenada(x=4, y=16), 4: Coordenada(x=8, y=16), 5: Coordenada(x=11, y=16), 6: Coordenada(x=3, y=13), 7: Coordenada(x=6, y=13), 8: Coordenada(x=9, y=13), 9: Coordenada(x=10, y=7), 10: Coordenada(x=7, y=6), 11: Coordenada(x=4, y=10)}
2025-05-15 19:12:00 [INFO] utils: Jugador mas cercano 9
2025-05-15 19:12:00 [INFO] client: Accion enviada. Mensaje: mensaje_id='CORRER' token='TOKEN-2913f659-71dc-46f5-9585-20e42ba3b50d' datos={'movimientos': [{'jugador_numero': 9, 'x': 8, 'y': 9}]}
2025-05-15 19:12:00 [INFO] client: Reaccionar
2025-05-15 19:12:00 [INFO] utils: Posiciones base inicializadas: {1: Coordenada(x=6, y=19), 2: Coordenada(x=1, y=16), 3: Coordenada(x=4, y=16), 4: Coordenada(x=8, y=16), 5: Coordenada(x=11, y=16), 6: Coordenada(x=3, y=13), 7: Coordenada(x=6, y=13), 8: Coordenada(x=9, y=13), 9: Coordenada(x=10, y=7), 10: Coordenada(x=7, y=6), 11: Coordenada(x=4, y=10)}
2025-05-15 19:12:00 [INFO] utils: Jugador mas cercano 9
2025-05-15 19:12:00 [INFO] client: Accion enviada. Mensaje: mensaje_id='CORRER' token='TOKEN-2913f659-71dc-46f5-9585-20e42ba3b50d' datos={'movimientos': [{'jugador_numero': 9, 'x': 8, 'y': 9}]}
2025-05-15 19:12:00 [INFO] client: Tienes la pelota!
2025-05-15 19:12:00 [INFO] client: Accion enviada. Mensaje: mensaje_id='PATEAR' token='TOKEN-2913f659-71dc-46f5-9585-20e42ba3b50d' datos={'x': 6, 'y': 0}
2025-05-15 19:12:00 [INFO] client: Reaccionar
2025-05-15 19:12:00 [INFO] utils: Posiciones base inicializadas: {1: Coordenada(x=6, y=19), 2: Coordenada(x=1, y=16), 3: Coordenada(x=4, y=16), 4: Coordenada(x=8, y=16), 5: Coordenada(x=11, y=16), 6: Coordenada(x=3, y=13), 7: Coordenada(x=6, y=13), 8: Coordenada(x=9, y=13), 9: Coordenada(x=8, y=9), 10: Coordenada(x=7, y=6), 11: Coordenada(x=4, y=10)}
2025-05-15 19:12:00 [INFO] utils: Jugador mas cercano 9
2025-05-15 19:12:00 [INFO] client: Accion enviada. Mensaje: mensaje_id='MARCAR_ADVERSARIO' token='TOKEN-2913f659-71dc-46f5-9585-20e42ba3b50d' datos={'jugador_numero': 9, 'adversario_numero': 11}
2025-05-15 19:12:00 [INFO] client: Reaccionar
2025-05-15 19:12:00 [INFO] utils: Posiciones base inicializadas: {1: Coordenada(x=6, y=19), 2: Coordenada(x=1, y=16), 3: Coordenada(x=4, y=16), 4: Coordenada(x=8, y=16), 5: Coordenada(x=11, y=16), 6: Coordenada(x=3, y=13), 7: Coordenada(x=6, y=13), 8: Coordenada(x=9, y=13), 9: Coordenada(x=8, y=9), 10: Coordenada(x=7, y=6), 11: Coordenada(x=4, y=10)}
2025-05-15 19:12:00 [INFO] utils: Pelota en el aire.
2025-05-15 19:12:00 [INFO] utils: Jugador mas cercano 9
2025-05-15 19:12:00 [INFO] client: Accion enviada. Mensaje: mensaje_id='CORRER' token='TOKEN-2913f659-71dc-46f5-9585-20e42ba3b50d' datos={'movimientos': [{'jugador_numero': 9, 'x': 8, 'y': 9}]}
2025-05-15 19:12:00 [INFO] client: Reaccionar
2025-05-15 19:12:00 [INFO] utils: Posiciones base inicializadas: {1: Coordenada(x=6, y=19), 2: Coordenada(x=1, y=16), 3: Coordenada(x=4, y=16), 4: Coordenada(x=8, y=16), 5: Coordenada(x=11, y=16), 6: Coordenada(x=3, y=13), 7: Coordenada(x=6, y=13), 8: Coordenada(x=9, y=13), 9: Coordenada(x=8, y=9), 10: Coordenada(x=7, y=6), 11: Coordenada(x=4, y=10)}
2025-05-15 19:12:00 [INFO] utils: Jugador mas cercano 9
2025-05-15 19:12:00 [INFO] client: Accion enviada. Mensaje: mensaje_id='CORRER' token='TOKEN-2913f659-71dc-46f5-9585-20e42ba3b50d' datos={'movimientos': [{'jugador_numero': 9, 'x': 8, 'y': 9}]}
2025-05-15 19:12:00 [ERROR] mensajes: msg_id no interpretado. Data: {'mensaje_id': 'OCUPADO', 'datos': {'descripcion': 'El Servidor está ocupado en este momento. Intente más tarde.'}}
2025-05-15 19:12:00 [WARNING] client: Otro mensaje recibido.
Mensaje Enviado: mensaje_id='CORRER' token='TOKEN-2913f659-71dc-46f5-9585-20e42ba3b50d' datos={'movimientos': [{'jugador_numero': 9, 'x': 8, 'y': 9}]}

Mensaje recibido: None
2025-05-15 19:12:00 [INFO] client: Reaccionar
2025-05-15 19:12:00 [INFO] utils: Posiciones base inicializadas: {1: Coordenada(x=6, y=19), 2: Coordenada(x=1, y=16), 3: Coordenada(x=4, y=16), 4: Coordenada(x=8, y=16), 5: Coordenada(x=11, y=16), 6: Coordenada(x=3, y=13), 7: Coordenada(x=6, y=13), 8: Coordenada(x=9, y=13), 9: Coordenada(x=8, y=9), 10: Coordenada(x=7, y=6), 11: Coordenada(x=4, y=10)}
2025-05-15 19:12:00 [INFO] utils: Jugador mas cercano 9
2025-05-15 19:12:00 [INFO] client: Accion enviada. Mensaje: mensaje_id='CORRER' token='TOKEN-2913f659-71dc-46f5-9585-20e42ba3b50d' datos={'movimientos': [{'jugador_numero': 9, 'x': 8, 'y': 9}]}
2025-05-15 19:12:00 [INFO] client: Tienes la pelota!
2025-05-15 19:12:00 [INFO] client: Accion enviada. Mensaje: mensaje_id='PATEAR' token='TOKEN-2913f659-71dc-46f5-9585-20e42ba3b50d' datos={'x': 6, 'y': 0}
2025-05-15 19:12:00 [INFO] client: Tienes la pelota!
2025-05-15 19:12:00 [INFO] client: Accion enviada. Mensaje: mensaje_id='PATEAR' token='TOKEN-2913f659-71dc-46f5-9585-20e42ba3b50d' datos={'x': 6, 'y': 0}
2025-05-15 19:12:00 [INFO] client: Reaccionar
2025-05-15 19:12:00 [INFO] utils: Posiciones base inicializadas: {1: Coordenada(x=6, y=19), 2: Coordenada(x=1, y=16), 3: Coordenada(x=4, y=16), 4: Coordenada(x=8, y=16), 5: Coordenada(x=11, y=16), 6: Coordenada(x=3, y=13), 7: Coordenada(x=6, y=13), 8: Coordenada(x=9, y=13), 9: Coordenada(x=8, y=9), 10: Coordenada(x=7, y=6), 11: Coordenada(x=4, y=10)}
2025-05-15 19:12:00 [INFO] utils: Jugador mas cercano 9
2025-05-15 19:12:00 [INFO] client: Accion enviada. Mensaje: mensaje_id='MARCAR_ADVERSARIO' token='TOKEN-2913f659-71dc-46f5-9585-20e42ba3b50d' datos={'jugador_numero': 9, 'adversario_numero': 11}
2025-05-15 19:12:00 [INFO] client: Reaccionar
2025-05-15 19:12:00 [INFO] utils: Posiciones base inicializadas: {1: Coordenada(x=6, y=19), 2: Coordenada(x=1, y=16), 3: Coordenada(x=4, y=16), 4: Coordenada(x=8, y=16), 5: Coordenada(x=11, y=16), 6: Coordenada(x=3, y=13), 7: Coordenada(x=6, y=13), 8: Coordenada(x=9, y=13), 9: Coordenada(x=8, y=9), 10: Coordenada(x=7, y=6), 11: Coordenada(x=4, y=10)}
2025-05-15 19:12:00 [INFO] utils: Jugador mas cercano 9
2025-05-15 19:12:00 [INFO] client: Accion enviada. Mensaje: mensaje_id='MARCAR_ADVERSARIO' token='TOKEN-2913f659-71dc-46f5-9585-20e42ba3b50d' datos={'jugador_numero': 9, 'adversario_numero': 11}
2025-05-15 19:12:01 [INFO] client: Tienes la pelota!
2025-05-15 19:12:01 [INFO] client: Accion enviada. Mensaje: mensaje_id='PATEAR' token='TOKEN-2913f659-71dc-46f5-9585-20e42ba3b50d' datos={'x': 6, 'y': 0}
2025-05-15 19:12:01 [INFO] client: Tienes la pelota!
2025-05-15 19:12:01 [INFO] client: Accion enviada. Mensaje: mensaje_id='PATEAR' token='TOKEN-2913f659-71dc-46f5-9585-20e42ba3b50d' datos={'x': 6, 'y': 0}
2025-05-15 19:12:01 [INFO] client: Reaccionar
2025-05-15 19:12:01 [INFO] utils: Posiciones base inicializadas: {1: Coordenada(x=6, y=19), 2: Coordenada(x=1, y=16), 3: Coordenada(x=4, y=16), 4: Coordenada(x=8, y=16), 5: Coordenada(x=11, y=16), 6: Coordenada(x=3, y=13), 7: Coordenada(x=6, y=13), 8: Coordenada(x=9, y=13), 9: Coordenada(x=8, y=9), 10: Coordenada(x=7, y=6), 11: Coordenada(x=4, y=10)}
2025-05-15 19:12:01 [INFO] utils: Jugador mas cercano 10
2025-05-15 19:12:01 [INFO] client: Accion enviada. Mensaje: mensaje_id='CORRER' token='TOKEN-2913f659-71dc-46f5-9585-20e42ba3b50d' datos={'movimientos': [{'jugador_numero': 10, 'x': 7, 'y': 5}]}
2025-05-15 19:12:01 [INFO] client: Reaccionar
2025-05-15 19:12:01 [INFO] utils: Posiciones base inicializadas: {1: Coordenada(x=6, y=19), 2: Coordenada(x=1, y=16), 3: Coordenada(x=4, y=16), 4: Coordenada(x=8, y=16), 5: Coordenada(x=11, y=16), 6: Coordenada(x=3, y=13), 7: Coordenada(x=6, y=13), 8: Coordenada(x=9, y=13), 9: Coordenada(x=8, y=9), 10: Coordenada(x=7, y=6), 11: Coordenada(x=4, y=10)}
2025-05-15 19:12:01 [INFO] utils: Jugador mas cercano 9
2025-05-15 19:12:01 [INFO] client: Accion enviada. Mensaje: mensaje_id='MARCAR_ADVERSARIO' token='TOKEN-2913f659-71dc-46f5-9585-20e42ba3b50d' datos={'jugador_numero': 9, 'adversario_numero': 11}
2025-05-15 19:12:01 [ERROR] mensajes: msg_id no interpretado. Data: {'mensaje_id': 'OCUPADO', 'datos': {'descripcion': 'El Servidor está ocupado en este momento. Intente más tarde.'}}
2025-05-15 19:12:01 [WARNING] client: Otro mensaje recibido.
Mensaje Enviado: mensaje_id='MARCAR_ADVERSARIO' token='TOKEN-2913f659-71dc-46f5-9585-20e42ba3b50d' datos={'jugador_numero': 9, 'adversario_numero': 11}

Mensaje recibido: None
2025-05-15 19:12:01 [ERROR] client: Mensaje de error del servidor. Mensaje enviado: mensaje_id='MARCAR_ADVERSARIO' token='TOKEN-2913f659-71dc-46f5-9585-20e42ba3b50d' datos={'jugador_numero': 9, 'adversario_numero': 11}, Mensaje recibido: mensaje_id='ERROR' datos={'descripcion': 'PATEAR no se puede ejecturar por no poseer la pelota.'}
2025-05-15 19:12:01 [INFO] client: Tienes la pelota!
2025-05-15 19:12:01 [INFO] client: Accion enviada. Mensaje: mensaje_id='PATEAR' token='TOKEN-2913f659-71dc-46f5-9585-20e42ba3b50d' datos={'x': 6, 'y': 0}
2025-05-15 19:12:01 [INFO] client: Reaccionar
2025-05-15 19:12:01 [INFO] utils: Posiciones base inicializadas: {1: Coordenada(x=6, y=19), 2: Coordenada(x=1, y=16), 3: Coordenada(x=4, y=16), 4: Coordenada(x=8, y=16), 5: Coordenada(x=11, y=16), 6: Coordenada(x=3, y=13), 7: Coordenada(x=6, y=13), 8: Coordenada(x=9, y=13), 9: Coordenada(x=8, y=9), 10: Coordenada(x=7, y=6), 11: Coordenada(x=4, y=10)}
2025-05-15 19:12:01 [INFO] utils: Jugador mas cercano 10
2025-05-15 19:12:01 [INFO] client: Accion enviada. Mensaje: mensaje_id='CORRER' token='TOKEN-2913f659-71dc-46f5-9585-20e42ba3b50d' datos={'movimientos': [{'jugador_numero': 10, 'x': 7, 'y': 5}]}
2025-05-15 19:12:01 [INFO] client: Reaccionar
2025-05-15 19:12:01 [INFO] utils: Posiciones base inicializadas: {1: Coordenada(x=6, y=19), 2: Coordenada(x=1, y=16), 3: Coordenada(x=4, y=16), 4: Coordenada(x=8, y=16), 5: Coordenada(x=11, y=16), 6: Coordenada(x=3, y=13), 7: Coordenada(x=6, y=13), 8: Coordenada(x=9, y=13), 9: Coordenada(x=8, y=9), 10: Coordenada(x=7, y=6), 11: Coordenada(x=4, y=10)}
2025-05-15 19:12:01 [INFO] utils: Jugador mas cercano 10
2025-05-15 19:12:01 [INFO] client: Accion enviada. Mensaje: mensaje_id='CORRER' token='TOKEN-2913f659-71dc-46f5-9585-20e42ba3b50d' datos={'movimientos': [{'jugador_numero': 10, 'x': 7, 'y': 5}]}
2025-05-15 19:12:02 [INFO] client: Reaccionar
2025-05-15 19:12:02 [INFO] utils: Posiciones base inicializadas: {1: Coordenada(x=6, y=19), 2: Coordenada(x=1, y=16), 3: Coordenada(x=4, y=16), 4: Coordenada(x=8, y=16), 5: Coordenada(x=11, y=16), 6: Coordenada(x=3, y=13), 7: Coordenada(x=6, y=13), 8: Coordenada(x=9, y=13), 9: Coordenada(x=8, y=9), 10: Coordenada(x=7, y=6), 11: Coordenada(x=4, y=10)}
2025-05-15 19:12:02 [INFO] utils: Jugador mas cercano 10
2025-05-15 19:12:02 [INFO] client: Accion enviada. Mensaje: mensaje_id='CORRER' token='TOKEN-2913f659-71dc-46f5-9585-20e42ba3b50d' datos={'movimientos': [{'jugador_numero': 10, 'x': 7, 'y': 5}]}
2025-05-15 19:12:02 [ERROR] client: Mensaje de error del servidor. Mensaje enviado: mensaje_id='CORRER' token='TOKEN-2913f659-71dc-46f5-9585-20e42ba3b50d' datos={'movimientos': [{'jugador_numero': 10, 'x': 7, 'y': 5}]}, Mensaje recibido: mensaje_id='ERROR' datos={'descripcion': 'PATEAR no se puede ejecturar por no poseer la pelota.'}
2025-05-15 19:12:02 [INFO] client: Tienes la pelota!
2025-05-15 19:12:02 [INFO] client: Accion enviada. Mensaje: mensaje_id='PATEAR' token='TOKEN-2913f659-71dc-46f5-9585-20e42ba3b50d' datos={'x': 6, 'y': 0}
2025-05-15 19:12:02 [INFO] client: Tienes la pelota!
2025-05-15 19:12:02 [INFO] client: Accion enviada. Mensaje: mensaje_id='PATEAR' token='TOKEN-2913f659-71dc-46f5-9585-20e42ba3b50d' datos={'x': 6, 'y': 0}
2025-05-15 19:12:02 [ERROR] mensajes: msg_id no interpretado. Data: {'mensaje_id': 'OCUPADO', 'datos': {'descripcion': 'El Servidor está ocupado en este momento. Intente más tarde.'}}
2025-05-15 19:12:02 [WARNING] client: Otro mensaje recibido.
Mensaje Enviado: mensaje_id='PATEAR' token='TOKEN-2913f659-71dc-46f5-9585-20e42ba3b50d' datos={'x': 6, 'y': 0}

Mensaje recibido: None
2025-05-15 19:12:02 [INFO] client: Tienes la pelota!
2025-05-15 19:12:02 [INFO] client: Accion enviada. Mensaje: mensaje_id='PATEAR' token='TOKEN-2913f659-71dc-46f5-9585-20e42ba3b50d' datos={'x': 6, 'y': 0}
2025-05-15 19:12:02 [INFO] client: Tienes la pelota!
2025-05-15 19:12:02 [INFO] client: Accion enviada. Mensaje: mensaje_id='PATEAR' token='TOKEN-2913f659-71dc-46f5-9585-20e42ba3b50d' datos={'x': 6, 'y': 0}
2025-05-15 19:12:02 [INFO] client: Tienes la pelota!
2025-05-15 19:12:02 [INFO] client: Accion enviada. Mensaje: mensaje_id='PATEAR' token='TOKEN-2913f659-71dc-46f5-9585-20e42ba3b50d' datos={'x': 6, 'y': 0}
2025-05-15 19:12:02 [INFO] client: Tienes la pelota!
2025-05-15 19:12:02 [INFO] client: Accion enviada. Mensaje: mensaje_id='PATEAR' token='TOKEN-2913f659-71dc-46f5-9585-20e42ba3b50d' datos={'x': 6, 'y': 0}
2025-05-15 19:12:02 [ERROR] mensajes: msg_id no interpretado. Data: {'mensaje_id': 'OCUPADO', 'datos': {'descripcion': 'El Servidor está ocupado en este momento. Intente más tarde.'}}
2025-05-15 19:12:02 [WARNING] client: Otro mensaje recibido.
Mensaje Enviado: mensaje_id='PATEAR' token='TOKEN-2913f659-71dc-46f5-9585-20e42ba3b50d' datos={'x': 6, 'y': 0}

Mensaje recibido: None
2025-05-15 19:12:03 [INFO] client: Reaccionar
2025-05-15 19:12:03 [INFO] utils: Posiciones base inicializadas: {1: Coordenada(x=6, y=19), 2: Coordenada(x=1, y=16), 3: Coordenada(x=4, y=16), 4: Coordenada(x=8, y=16), 5: Coordenada(x=11, y=16), 6: Coordenada(x=3, y=13), 7: Coordenada(x=6, y=13), 8: Coordenada(x=9, y=13), 9: Coordenada(x=8, y=9), 10: Coordenada(x=7, y=5), 11: Coordenada(x=4, y=10)}
2025-05-15 19:12:03 [INFO] utils: Jugador mas cercano 10
2025-05-15 19:12:03 [INFO] client: Accion enviada. Mensaje: mensaje_id='CORRER' token='TOKEN-2913f659-71dc-46f5-9585-20e42ba3b50d' datos={'movimientos': [{'jugador_numero': 10, 'x': 6, 'y': 0}]}
2025-05-15 19:12:03 [INFO] client: Reaccionar
2025-05-15 19:12:03 [INFO] utils: Posiciones base inicializadas: {1: Coordenada(x=6, y=19), 2: Coordenada(x=1, y=16), 3: Coordenada(x=4, y=16), 4: Coordenada(x=8, y=16), 5: Coordenada(x=11, y=16), 6: Coordenada(x=3, y=13), 7: Coordenada(x=6, y=13), 8: Coordenada(x=9, y=13), 9: Coordenada(x=8, y=9), 10: Coordenada(x=7, y=5), 11: Coordenada(x=4, y=10)}
2025-05-15 19:12:03 [INFO] utils: Jugador mas cercano 10
2025-05-15 19:12:03 [INFO] client: Accion enviada. Mensaje: mensaje_id='CORRER' token='TOKEN-2913f659-71dc-46f5-9585-20e42ba3b50d' datos={'movimientos': [{'jugador_numero': 10, 'x': 6, 'y': 0}]}
2025-05-15 19:12:03 [INFO] client: Reaccionar
2025-05-15 19:12:03 [INFO] utils: Posiciones base inicializadas: {1: Coordenada(x=6, y=19), 2: Coordenada(x=1, y=16), 3: Coordenada(x=4, y=16), 4: Coordenada(x=8, y=16), 5: Coordenada(x=11, y=16), 6: Coordenada(x=3, y=13), 7: Coordenada(x=6, y=13), 8: Coordenada(x=9, y=13), 9: Coordenada(x=8, y=9), 10: Coordenada(x=7, y=5), 11: Coordenada(x=4, y=10)}
2025-05-15 19:12:03 [INFO] utils: Jugador mas cercano 10
2025-05-15 19:12:03 [INFO] client: Accion enviada. Mensaje: mensaje_id='CORRER' token='TOKEN-2913f659-71dc-46f5-9585-20e42ba3b50d' datos={'movimientos': [{'jugador_numero': 10, 'x': 6, 'y': 0}]}
2025-05-15 19:12:03 [ERROR] client: Mensaje de error del servidor. Mensaje enviado: mensaje_id='CORRER' token='TOKEN-2913f659-71dc-46f5-9585-20e42ba3b50d' datos={'movimientos': [{'jugador_numero': 10, 'x': 6, 'y': 0}]}, Mensaje recibido: mensaje_id='ERROR' datos={'descripcion': 'PATEAR no se puede ejecturar por no poseer la pelota.'}
2025-05-15 19:12:03 [INFO] client: Reaccionar
2025-05-15 19:12:03 [INFO] utils: Posiciones base inicializadas: {1: Coordenada(x=6, y=19), 2: Coordenada(x=1, y=16), 3: Coordenada(x=4, y=16), 4: Coordenada(x=8, y=16), 5: Coordenada(x=11, y=16), 6: Coordenada(x=3, y=13), 7: Coordenada(x=6, y=13), 8: Coordenada(x=9, y=13), 9: Coordenada(x=8, y=9), 10: Coordenada(x=6, y=1), 11: Coordenada(x=4, y=10)}
2025-05-15 19:12:03 [INFO] utils: Jugador mas cercano 10
2025-05-15 19:12:03 [INFO] client: Accion enviada. Mensaje: mensaje_id='CORRER' token='TOKEN-2913f659-71dc-46f5-9585-20e42ba3b50d' datos={'movimientos': [{'jugador_numero': 10, 'x': 6, 'y': 0}]}
2025-05-15 19:12:03 [INFO] client: Reaccionar
2025-05-15 19:12:03 [INFO] utils: Posiciones base inicializadas: {1: Coordenada(x=6, y=19), 2: Coordenada(x=1, y=16), 3: Coordenada(x=4, y=16), 4: Coordenada(x=8, y=16), 5: Coordenada(x=11, y=16), 6: Coordenada(x=3, y=13), 7: Coordenada(x=6, y=13), 8: Coordenada(x=9, y=13), 9: Coordenada(x=8, y=9), 10: Coordenada(x=6, y=1), 11: Coordenada(x=4, y=10)}
2025-05-15 19:12:03 [INFO] utils: Jugador mas cercano 10
2025-05-15 19:12:03 [INFO] client: Accion enviada. Mensaje: mensaje_id='CORRER' token='TOKEN-2913f659-71dc-46f5-9585-20e42ba3b50d' datos={'movimientos': [{'jugador_numero': 10, 'x': 6, 'y': 0}]}
2025-05-15 19:12:03 [INFO] client: Reaccionar
2025-05-15 19:12:03 [INFO] utils: Posiciones base inicializadas: {1: Coordenada(x=6, y=19), 2: Coordenada(x=1, y=16), 3: Coordenada(x=4, y=16), 4: Coordenada(x=8, y=16), 5: Coordenada(x=11, y=16), 6: Coordenada(x=3, y=13), 7: Coordenada(x=6, y=13), 8: Coordenada(x=9, y=13), 9: Coordenada(x=8, y=9), 10: Coordenada(x=6, y=0), 11: Coordenada(x=4, y=10)}
2025-05-15 19:12:03 [INFO] utils: Jugador mas cercano 10
2025-05-15 19:12:03 [INFO] client: Accion enviada. Mensaje: mensaje_id='CORRER' token='TOKEN-2913f659-71dc-46f5-9585-20e42ba3b50d' datos={'movimientos': [{'jugador_numero': 10, 'x': 6, 'y': 0}]}
2025-05-15 19:12:03 [INFO] client: Reaccionar
2025-05-15 19:12:03 [INFO] utils: Posiciones base inicializadas: {1: Coordenada(x=6, y=19), 2: Coordenada(x=1, y=16), 3: Coordenada(x=4, y=16), 4: Coordenada(x=8, y=16), 5: Coordenada(x=11, y=16), 6: Coordenada(x=3, y=13), 7: Coordenada(x=6, y=13), 8: Coordenada(x=9, y=13), 9: Coordenada(x=8, y=9), 10: Coordenada(x=6, y=0), 11: Coordenada(x=4, y=10)}
2025-05-15 19:12:03 [INFO] utils: Jugador mas cercano 10
2025-05-15 19:12:03 [INFO] client: Accion enviada. Mensaje: mensaje_id='CORRER' token='TOKEN-2913f659-71dc-46f5-9585-20e42ba3b50d' datos={'movimientos': [{'jugador_numero': 10, 'x': 6, 'y': 0}]}
2025-05-15 19:12:03 [INFO] client: Reaccionar
2025-05-15 19:12:03 [INFO] utils: Posiciones base inicializadas: {1: Coordenada(x=6, y=19), 2: Coordenada(x=1, y=16), 3: Coordenada(x=4, y=16), 4: Coordenada(x=8, y=16), 5: Coordenada(x=11, y=16), 6: Coordenada(x=3, y=13), 7: Coordenada(x=6, y=13), 8: Coordenada(x=9, y=13), 9: Coordenada(x=8, y=9), 10: Coordenada(x=6, y=0), 11: Coordenada(x=4, y=10)}
2025-05-15 19:12:03 [INFO] utils: Jugador mas cercano 10
2025-05-15 19:12:03 [INFO] client: Accion enviada. Mensaje: mensaje_id='CORRER' token='TOKEN-2913f659-71dc-46f5-9585-20e42ba3b50d' datos={'movimientos': [{'jugador_numero': 10, 'x': 6, 'y': 0}]}
2025-05-15 19:12:03 [ERROR] mensajes: msg_id no interpretado. Data: {'mensaje_id': 'OCUPADO', 'datos': {'descripcion': 'El Servidor está ocupado en este momento. Intente más tarde.'}}
2025-05-15 19:12:03 [WARNING] client: Otro mensaje recibido.
Mensaje Enviado: mensaje_id='CORRER' token='TOKEN-2913f659-71dc-46f5-9585-20e42ba3b50d' datos={'movimientos': [{'jugador_numero': 10, 'x': 6, 'y': 0}]}

Mensaje recibido: None
2025-05-15 19:12:04 [INFO] client: Reaccionar
2025-05-15 19:12:04 [INFO] utils: Posiciones base inicializadas: {1: Coordenada(x=6, y=19), 2: Coordenada(x=1, y=16), 3: Coordenada(x=4, y=16), 4: Coordenada(x=8, y=16), 5: Coordenada(x=11, y=16), 6: Coordenada(x=3, y=13), 7: Coordenada(x=6, y=13), 8: Coordenada(x=9, y=13), 9: Coordenada(x=8, y=9), 10: Coordenada(x=6, y=0), 11: Coordenada(x=4, y=10)}
2025-05-15 19:12:04 [INFO] utils: Jugador mas cercano 10
2025-05-15 19:12:04 [INFO] client: Accion enviada. Mensaje: mensaje_id='CORRER' token='TOKEN-2913f659-71dc-46f5-9585-20e42ba3b50d' datos={'movimientos': [{'jugador_numero': 10, 'x': 6, 'y': 0}]}
2025-05-15 19:12:04 [INFO] client: Reaccionar
2025-05-15 19:12:04 [INFO] utils: Posiciones base inicializadas: {1: Coordenada(x=6, y=19), 2: Coordenada(x=1, y=16), 3: Coordenada(x=4, y=16), 4: Coordenada(x=8, y=16), 5: Coordenada(x=11, y=16), 6: Coordenada(x=3, y=13), 7: Coordenada(x=6, y=13), 8: Coordenada(x=9, y=13), 9: Coordenada(x=8, y=9), 10: Coordenada(x=6, y=0), 11: Coordenada(x=4, y=10)}
2025-05-15 19:12:04 [INFO] utils: Jugador mas cercano 10
2025-05-15 19:12:04 [INFO] client: Accion enviada. Mensaje: mensaje_id='CORRER' token='TOKEN-2913f659-71dc-46f5-9585-20e42ba3b50d' datos={'movimientos': [{'jugador_numero': 10, 'x': 6, 'y': 0}]}
2025-05-15 19:12:04 [INFO] client: Reaccionar
2025-05-15 19:12:04 [INFO] utils: Posiciones base inicializadas: {1: Coordenada(x=6, y=19), 2: Coordenada(x=1, y=16), 3: Coordenada(x=4, y=16), 4: Coordenada(x=8, y=16), 5: Coordenada(x=11, y=16), 6: Coordenada(x=3, y=13), 7: Coordenada(x=6, y=13), 8: Coordenada(x=9, y=13), 9: Coordenada(x=8, y=9), 10: Coordenada(x=6, y=0), 11: Coordenada(x=4, y=10)}
2025-05-15 19:12:04 [INFO] utils: Jugador mas cercano 10
2025-05-15 19:12:04 [INFO] client: Accion enviada. Mensaje: mensaje_id='MARCAR_ADVERSARIO' token='TOKEN-2913f659-71dc-46f5-9585-20e42ba3b50d' datos={'jugador_numero': 10, 'adversario_numero': 1}
2025-05-15 19:12:04 [INFO] client: Tienes la pelota!
2025-05-15 19:12:04 [INFO] client: Accion enviada. Mensaje: mensaje_id='PATEAR' token='TOKEN-2913f659-71dc-46f5-9585-20e42ba3b50d' datos={'x': 6, 'y': 0}
2025-05-15 19:12:04 [ERROR] mensajes: msg_id no interpretado. Data: {'mensaje_id': 'OCUPADO', 'datos': {'descripcion': 'El Servidor está ocupado en este momento. Intente más tarde.'}}
2025-05-15 19:12:04 [WARNING] client: Otro mensaje recibido.
Mensaje Enviado: mensaje_id='PATEAR' token='TOKEN-2913f659-71dc-46f5-9585-20e42ba3b50d' datos={'x': 6, 'y': 0}

Mensaje recibido: None
2025-05-15 19:12:05 [INFO] client: Tienes la pelota!
2025-05-15 19:12:05 [INFO] client: Accion enviada. Mensaje: mensaje_id='PATEAR' token='TOKEN-2913f659-71dc-46f5-9585-20e42ba3b50d' datos={'x': 6, 'y': 0}
2025-05-15 19:12:05 [INFO] client: Tienes la pelota!
2025-05-15 19:12:05 [INFO] client: Accion enviada. Mensaje: mensaje_id='PATEAR' token='TOKEN-2913f659-71dc-46f5-9585-20e42ba3b50d' datos={'x': 6, 'y': 0}
2025-05-15 19:12:05 [INFO] client: Tienes la pelota!
2025-05-15 19:12:05 [INFO] client: Accion enviada. Mensaje: mensaje_id='PATEAR' token='TOKEN-2913f659-71dc-46f5-9585-20e42ba3b50d' datos={'x': 6, 'y': 0}
2025-05-15 19:12:05 [INFO] client: Reaccionar
2025-05-15 19:12:05 [INFO] utils: Posiciones base inicializadas: {1: Coordenada(x=6, y=19), 2: Coordenada(x=1, y=16), 3: Coordenada(x=4, y=16), 4: Coordenada(x=8, y=16), 5: Coordenada(x=11, y=16), 6: Coordenada(x=3, y=13), 7: Coordenada(x=6, y=13), 8: Coordenada(x=9, y=13), 9: Coordenada(x=8, y=9), 10: Coordenada(x=6, y=0), 11: Coordenada(x=4, y=10)}
2025-05-15 19:12:05 [INFO] utils: Jugador mas cercano 10
2025-05-15 19:12:05 [INFO] client: Accion enviada. Mensaje: mensaje_id='MARCAR_ADVERSARIO' token='TOKEN-2913f659-71dc-46f5-9585-20e42ba3b50d' datos={'jugador_numero': 10, 'adversario_numero': 1}
2025-05-15 19:12:05 [INFO] client: Reaccionar
2025-05-15 19:12:05 [INFO] utils: Posiciones base inicializadas: {1: Coordenada(x=6, y=19), 2: Coordenada(x=1, y=16), 3: Coordenada(x=4, y=16), 4: Coordenada(x=8, y=16), 5: Coordenada(x=11, y=16), 6: Coordenada(x=3, y=13), 7: Coordenada(x=6, y=13), 8: Coordenada(x=9, y=13), 9: Coordenada(x=8, y=9), 10: Coordenada(x=6, y=0), 11: Coordenada(x=4, y=10)}
2025-05-15 19:12:05 [INFO] utils: Jugador mas cercano 10
2025-05-15 19:12:05 [INFO] client: Accion enviada. Mensaje: mensaje_id='MARCAR_ADVERSARIO' token='TOKEN-2913f659-71dc-46f5-9585-20e42ba3b50d' datos={'jugador_numero': 10, 'adversario_numero': 1}
2025-05-15 19:12:05 [ERROR] client: Mensaje de error del servidor. Mensaje enviado: mensaje_id='MARCAR_ADVERSARIO' token='TOKEN-2913f659-71dc-46f5-9585-20e42ba3b50d' datos={'jugador_numero': 10, 'adversario_numero': 1}, Mensaje recibido: mensaje_id='ERROR' datos={'descripcion': 'PATEAR no se puede ejecturar por no poseer la pelota.'}
2025-05-15 19:12:05 [ERROR] mensajes: msg_id no interpretado. Data: {'mensaje_id': 'OCUPADO', 'datos': {'descripcion': 'El Servidor está ocupado en este momento. Intente más tarde.'}}
2025-05-15 19:12:05 [WARNING] client: Otro mensaje recibido.
Mensaje Enviado: mensaje_id='MARCAR_ADVERSARIO' token='TOKEN-2913f659-71dc-46f5-9585-20e42ba3b50d' datos={'jugador_numero': 10, 'adversario_numero': 1}

Mensaje recibido: None
2025-05-15 19:12:06 [ERROR] client: Mensaje de error del servidor. Mensaje enviado: mensaje_id='MARCAR_ADVERSARIO' token='TOKEN-2913f659-71dc-46f5-9585-20e42ba3b50d' datos={'jugador_numero': 10, 'adversario_numero': 1}, Mensaje recibido: mensaje_id='ERROR' datos={'descripcion': 'PATEAR no se puede ejecturar por no poseer la pelota.'}
2025-05-15 19:12:06 [INFO] client: Tienes la pelota!
2025-05-15 19:12:06 [INFO] client: Accion enviada. Mensaje: mensaje_id='PATEAR' token='TOKEN-2913f659-71dc-46f5-9585-20e42ba3b50d' datos={'x': 6, 'y': 0}
2025-05-15 19:12:06 [INFO] client: Tienes la pelota!
2025-05-15 19:12:06 [INFO] client: Accion enviada. Mensaje: mensaje_id='PATEAR' token='TOKEN-2913f659-71dc-46f5-9585-20e42ba3b50d' datos={'x': 6, 'y': 0}
2025-05-15 19:12:06 [INFO] client: Tienes la pelota!
2025-05-15 19:12:06 [INFO] client: Accion enviada. Mensaje: mensaje_id='PATEAR' token='TOKEN-2913f659-71dc-46f5-9585-20e42ba3b50d' datos={'x': 6, 'y': 0}
2025-05-15 19:12:06 [ERROR] mensajes: msg_id no interpretado. Data: {'mensaje_id': 'OCUPADO', 'datos': {'descripcion': 'El Servidor está ocupado en este momento. Intente más tarde.'}}
2025-05-15 19:12:06 [WARNING] client: Otro mensaje recibido.
Mensaje Enviado: mensaje_id='PATEAR' token='TOKEN-2913f659-71dc-46f5-9585-20e42ba3b50d' datos={'x': 6, 'y': 0}

Mensaje recibido: None
2025-05-15 19:12:06 [INFO] client: Tienes la pelota!
2025-05-15 19:12:06 [INFO] client: Accion enviada. Mensaje: mensaje_id='PATEAR' token='TOKEN-2913f659-71dc-46f5-9585-20e42ba3b50d' datos={'x': 6, 'y': 0}
2025-05-15 19:12:06 [INFO] client: Tienes la pelota!
2025-05-15 19:12:06 [INFO] client: Accion enviada. Mensaje: mensaje_id='PATEAR' token='TOKEN-2913f659-71dc-46f5-9585-20e42ba3b50d' datos={'x': 6, 'y': 0}
2025-05-15 19:12:06 [INFO] client: Reaccionar
2025-05-15 19:12:06 [INFO] utils: Posiciones base inicializadas: {1: Coordenada(x=6, y=19), 2: Coordenada(x=1, y=16), 3: Coordenada(x=4, y=16), 4: Coordenada(x=8, y=16), 5: Coordenada(x=11, y=16), 6: Coordenada(x=3, y=13), 7: Coordenada(x=6, y=13), 8: Coordenada(x=9, y=13), 9: Coordenada(x=8, y=9), 10: Coordenada(x=6, y=0), 11: Coordenada(x=4, y=10)}
2025-05-15 19:12:06 [INFO] utils: Jugador mas cercano 10
2025-05-15 19:12:06 [INFO] client: Accion enviada. Mensaje: mensaje_id='CORRER' token='TOKEN-2913f659-71dc-46f5-9585-20e42ba3b50d' datos={'movimientos': [{'jugador_numero': 10, 'x': 6, 'y': 0}]}
2025-05-15 19:12:06 [INFO] client: Tienes la pelota!
2025-05-15 19:12:06 [INFO] client: Accion enviada. Mensaje: mensaje_id='PATEAR' token='TOKEN-2913f659-71dc-46f5-9585-20e42ba3b50d' datos={'x': 6, 'y': 0}
2025-05-15 19:12:06 [ERROR] mensajes: msg_id no interpretado. Data: {'mensaje_id': 'OCUPADO', 'datos': {'descripcion': 'El Servidor está ocupado en este momento. Intente más tarde.'}}
2025-05-15 19:12:06 [WARNING] client: Otro mensaje recibido.
Mensaje Enviado: mensaje_id='PATEAR' token='TOKEN-2913f659-71dc-46f5-9585-20e42ba3b50d' datos={'x': 6, 'y': 0}

Mensaje recibido: None
2025-05-15 19:12:07 [INFO] client: Reaccionar
2025-05-15 19:12:07 [INFO] utils: Posiciones base inicializadas: {1: Coordenada(x=6, y=19), 2: Coordenada(x=1, y=16), 3: Coordenada(x=4, y=16), 4: Coordenada(x=8, y=16), 5: Coordenada(x=11, y=16), 6: Coordenada(x=3, y=13), 7: Coordenada(x=6, y=13), 8: Coordenada(x=9, y=13), 9: Coordenada(x=8, y=9), 10: Coordenada(x=6, y=0), 11: Coordenada(x=4, y=10)}
2025-05-15 19:12:07 [INFO] utils: Jugador mas cercano 10
2025-05-15 19:12:07 [INFO] client: Accion enviada. Mensaje: mensaje_id='CORRER' token='TOKEN-2913f659-71dc-46f5-9585-20e42ba3b50d' datos={'movimientos': [{'jugador_numero': 10, 'x': 6, 'y': 0}]}
2025-05-15 19:12:07 [INFO] client: Reaccionar
2025-05-15 19:12:07 [INFO] utils: Posiciones base inicializadas: {1: Coordenada(x=6, y=19), 2: Coordenada(x=1, y=16), 3: Coordenada(x=4, y=16), 4: Coordenada(x=8, y=16), 5: Coordenada(x=11, y=16), 6: Coordenada(x=3, y=13), 7: Coordenada(x=6, y=13), 8: Coordenada(x=9, y=13), 9: Coordenada(x=8, y=9), 10: Coordenada(x=6, y=0), 11: Coordenada(x=4, y=10)}
2025-05-15 19:12:07 [INFO] utils: Jugador mas cercano 10
2025-05-15 19:12:07 [INFO] client: Accion enviada. Mensaje: mensaje_id='CORRER' token='TOKEN-2913f659-71dc-46f5-9585-20e42ba3b50d' datos={'movimientos': [{'jugador_numero': 10, 'x': 6, 'y': 0}]}
2025-05-15 19:12:07 [ERROR] client: Mensaje de error del servidor. Mensaje enviado: mensaje_id='CORRER' token='TOKEN-2913f659-71dc-46f5-9585-20e42ba3b50d' datos={'movimientos': [{'jugador_numero': 10, 'x': 6, 'y': 0}]}, Mensaje recibido: mensaje_id='ERROR' datos={'descripcion': 'PATEAR no se puede ejecturar por no poseer la pelota.'}
2025-05-15 19:12:07 [INFO] client: Reaccionar
2025-05-15 19:12:07 [INFO] utils: Posiciones base inicializadas: {1: Coordenada(x=6, y=19), 2: Coordenada(x=1, y=16), 3: Coordenada(x=4, y=16), 4: Coordenada(x=8, y=16), 5: Coordenada(x=11, y=16), 6: Coordenada(x=3, y=13), 7: Coordenada(x=6, y=13), 8: Coordenada(x=9, y=13), 9: Coordenada(x=8, y=9), 10: Coordenada(x=6, y=0), 11: Coordenada(x=4, y=10)}
2025-05-15 19:12:07 [INFO] utils: Jugador mas cercano 10
2025-05-15 19:12:07 [INFO] client: Accion enviada. Mensaje: mensaje_id='CORRER' token='TOKEN-2913f659-71dc-46f5-9585-20e42ba3b50d' datos={'movimientos': [{'jugador_numero': 10, 'x': 6, 'y': 0}]}
2025-05-15 19:12:08 [ERROR] mensajes: msg_id no interpretado. Data: {'mensaje_id': 'OCUPADO', 'datos': {'descripcion': 'El Servidor está ocupado en este momento. Intente más tarde.'}}
2025-05-15 19:12:08 [WARNING] client: Otro mensaje recibido.
Mensaje Enviado: mensaje_id='CORRER' token='TOKEN-2913f659-71dc-46f5-9585-20e42ba3b50d' datos={'movimientos': [{'jugador_numero': 10, 'x': 6, 'y': 0}]}

Mensaje recibido: None
2025-05-15 19:12:08 [INFO] client: Tienes la pelota!
2025-05-15 19:12:08 [INFO] client: Accion enviada. Mensaje: mensaje_id='PATEAR' token='TOKEN-2913f659-71dc-46f5-9585-20e42ba3b50d' datos={'x': 6, 'y': 0}
2025-05-15 19:12:08 [INFO] client: Tienes la pelota!
2025-05-15 19:12:08 [INFO] client: Accion enviada. Mensaje: mensaje_id='PATEAR' token='TOKEN-2913f659-71dc-46f5-9585-20e42ba3b50d' datos={'x': 6, 'y': 0}
2025-05-15 19:12:08 [INFO] client: Tienes la pelota!
2025-05-15 19:12:08 [INFO] client: Accion enviada. Mensaje: mensaje_id='PATEAR' token='TOKEN-2913f659-71dc-46f5-9585-20e42ba3b50d' datos={'x': 6, 'y': 0}
2025-05-15 19:12:08 [INFO] client: Tienes la pelota!
2025-05-15 19:12:08 [INFO] client: Accion enviada. Mensaje: mensaje_id='PATEAR' token='TOKEN-2913f659-71dc-46f5-9585-20e42ba3b50d' datos={'x': 6, 'y': 0}
2025-05-15 19:12:08 [INFO] client: Tienes la pelota!
2025-05-15 19:12:08 [INFO] client: Accion enviada. Mensaje: mensaje_id='PATEAR' token='TOKEN-2913f659-71dc-46f5-9585-20e42ba3b50d' datos={'x': 6, 'y': 0}
2025-05-15 19:12:08 [INFO] client: Tienes la pelota!
2025-05-15 19:12:08 [INFO] client: Accion enviada. Mensaje: mensaje_id='PATEAR' token='TOKEN-2913f659-71dc-46f5-9585-20e42ba3b50d' datos={'x': 6, 'y': 0}
2025-05-15 19:12:08 [INFO] client: Reaccionar
2025-05-15 19:12:08 [INFO] utils: Posiciones base inicializadas: {1: Coordenada(x=6, y=19), 2: Coordenada(x=1, y=16), 3: Coordenada(x=4, y=16), 4: Coordenada(x=8, y=16), 5: Coordenada(x=11, y=16), 6: Coordenada(x=3, y=13), 7: Coordenada(x=6, y=13), 8: Coordenada(x=9, y=13), 9: Coordenada(x=8, y=9), 10: Coordenada(x=6, y=0), 11: Coordenada(x=4, y=10)}
2025-05-15 19:12:08 [INFO] utils: Jugador mas cercano 10
2025-05-15 19:12:08 [INFO] client: Accion enviada. Mensaje: mensaje_id='MARCAR_ADVERSARIO' token='TOKEN-2913f659-71dc-46f5-9585-20e42ba3b50d' datos={'jugador_numero': 10, 'adversario_numero': 1}
2025-05-15 19:12:09 [ERROR] mensajes: msg_id no interpretado. Data: {'mensaje_id': 'OCUPADO', 'datos': {'descripcion': 'El Servidor está ocupado en este momento. Intente más tarde.'}}
2025-05-15 19:12:09 [WARNING] client: Otro mensaje recibido.
Mensaje Enviado: mensaje_id='MARCAR_ADVERSARIO' token='TOKEN-2913f659-71dc-46f5-9585-20e42ba3b50d' datos={'jugador_numero': 10, 'adversario_numero': 1}

Mensaje recibido: None
2025-05-15 19:12:09 [ERROR] client: Mensaje de error del servidor. Mensaje enviado: mensaje_id='MARCAR_ADVERSARIO' token='TOKEN-2913f659-71dc-46f5-9585-20e42ba3b50d' datos={'jugador_numero': 10, 'adversario_numero': 1}, Mensaje recibido: mensaje_id='ERROR' datos={'descripcion': 'PATEAR no se puede ejecturar por no poseer la pelota.'}
2025-05-15 19:12:09 [INFO] client: Tienes la pelota!
2025-05-15 19:12:09 [INFO] client: Accion enviada. Mensaje: mensaje_id='PATEAR' token='TOKEN-2913f659-71dc-46f5-9585-20e42ba3b50d' datos={'x': 6, 'y': 0}
2025-05-15 19:12:09 [INFO] client: Tienes la pelota!
2025-05-15 19:12:09 [INFO] client: Accion enviada. Mensaje: mensaje_id='PATEAR' token='TOKEN-2913f659-71dc-46f5-9585-20e42ba3b50d' datos={'x': 6, 'y': 0}
2025-05-15 19:12:09 [INFO] client: Tienes la pelota!
2025-05-15 19:12:09 [INFO] client: Accion enviada. Mensaje: mensaje_id='PATEAR' token='TOKEN-2913f659-71dc-46f5-9585-20e42ba3b50d' datos={'x': 6, 'y': 0}
2025-05-15 19:12:09 [INFO] client: Tienes la pelota!
2025-05-15 19:12:09 [INFO] client: Accion enviada. Mensaje: mensaje_id='PATEAR' token='TOKEN-2913f659-71dc-46f5-9585-20e42ba3b50d' datos={'x': 6, 'y': 0}
2025-05-15 19:12:09 [INFO] client: Tienes la pelota!
2025-05-15 19:12:09 [INFO] client: Accion enviada. Mensaje: mensaje_id='PATEAR' token='TOKEN-2913f659-71dc-46f5-9585-20e42ba3b50d' datos={'x': 6, 'y': 0}
2025-05-15 19:12:09 [INFO] client: Tienes la pelota!
2025-05-15 19:12:10 [INFO] client: Accion enviada. Mensaje: mensaje_id='PATEAR' token='TOKEN-2913f659-71dc-46f5-9585-20e42ba3b50d' datos={'x': 6, 'y': 0}
2025-05-15 19:12:10 [INFO] client: Tienes la pelota!
2025-05-15 19:12:10 [INFO] client: Accion enviada. Mensaje: mensaje_id='PATEAR' token='TOKEN-2913f659-71dc-46f5-9585-20e42ba3b50d' datos={'x': 6, 'y': 0}
2025-05-15 19:12:10 [ERROR] mensajes: msg_id no interpretado. Data: {'mensaje_id': 'OCUPADO', 'datos': {'descripcion': 'El Servidor está ocupado en este momento. Intente más tarde.'}}
2025-05-15 19:12:10 [WARNING] client: Otro mensaje recibido.
Mensaje Enviado: mensaje_id='PATEAR' token='TOKEN-2913f659-71dc-46f5-9585-20e42ba3b50d' datos={'x': 6, 'y': 0}

Mensaje recibido: None
2025-05-15 19:12:11 [INFO] client: Tienes la pelota!
2025-05-15 19:12:11 [INFO] client: Accion enviada. Mensaje: mensaje_id='PATEAR' token='TOKEN-2913f659-71dc-46f5-9585-20e42ba3b50d' datos={'x': 6, 'y': 0}
2025-05-15 19:12:11 [INFO] client: Reaccionar
2025-05-15 19:12:11 [INFO] utils: Posiciones base inicializadas: {1: Coordenada(x=6, y=19), 2: Coordenada(x=1, y=16), 3: Coordenada(x=4, y=16), 4: Coordenada(x=8, y=16), 5: Coordenada(x=11, y=16), 6: Coordenada(x=3, y=13), 7: Coordenada(x=6, y=13), 8: Coordenada(x=9, y=13), 9: Coordenada(x=8, y=9), 10: Coordenada(x=6, y=0), 11: Coordenada(x=4, y=10)}
2025-05-15 19:12:11 [INFO] utils: Jugador mas cercano 10
2025-05-15 19:12:11 [INFO] client: Accion enviada. Mensaje: mensaje_id='MARCAR_ADVERSARIO' token='TOKEN-2913f659-71dc-46f5-9585-20e42ba3b50d' datos={'jugador_numero': 10, 'adversario_numero': 1}
2025-05-15 19:12:11 [INFO] client: Tienes la pelota!
2025-05-15 19:12:11 [INFO] client: Accion enviada. Mensaje: mensaje_id='PATEAR' token='TOKEN-2913f659-71dc-46f5-9585-20e42ba3b50d' datos={'x': 6, 'y': 0}
2025-05-15 19:12:11 [INFO] client: Tienes la pelota!
2025-05-15 19:12:11 [INFO] client: Accion enviada. Mensaje: mensaje_id='PATEAR' token='TOKEN-2913f659-71dc-46f5-9585-20e42ba3b50d' datos={'x': 6, 'y': 0}
2025-05-15 19:12:11 [ERROR] mensajes: msg_id no interpretado. Data: {'mensaje_id': 'OCUPADO', 'datos': {'descripcion': 'El Servidor está ocupado en este momento. Intente más tarde.'}}
2025-05-15 19:12:11 [WARNING] client: Otro mensaje recibido.
Mensaje Enviado: mensaje_id='PATEAR' token='TOKEN-2913f659-71dc-46f5-9585-20e42ba3b50d' datos={'x': 6, 'y': 0}

Mensaje recibido: None
2025-05-15 19:12:11 [INFO] client: Reaccionar
2025-05-15 19:12:11 [INFO] utils: Posiciones base inicializadas: {1: Coordenada(x=6, y=19), 2: Coordenada(x=1, y=16), 3: Coordenada(x=4, y=16), 4: Coordenada(x=8, y=16), 5: Coordenada(x=11, y=16), 6: Coordenada(x=3, y=13), 7: Coordenada(x=6, y=13), 8: Coordenada(x=9, y=13), 9: Coordenada(x=8, y=9), 10: Coordenada(x=6, y=0), 11: Coordenada(x=4, y=10)}
2025-05-15 19:12:11 [INFO] utils: Jugador mas cercano 10
2025-05-15 19:12:11 [INFO] client: Accion enviada. Mensaje: mensaje_id='CORRER' token='TOKEN-2913f659-71dc-46f5-9585-20e42ba3b50d' datos={'movimientos': [{'jugador_numero': 10, 'x': 6, 'y': 0}]}
2025-05-15 19:12:11 [INFO] client: Reaccionar
2025-05-15 19:12:11 [INFO] utils: Posiciones base inicializadas: {1: Coordenada(x=6, y=19), 2: Coordenada(x=1, y=16), 3: Coordenada(x=4, y=16), 4: Coordenada(x=8, y=16), 5: Coordenada(x=11, y=16), 6: Coordenada(x=3, y=13), 7: Coordenada(x=6, y=13), 8: Coordenada(x=9, y=13), 9: Coordenada(x=8, y=9), 10: Coordenada(x=6, y=0), 11: Coordenada(x=4, y=10)}
2025-05-15 19:12:11 [INFO] utils: Jugador mas cercano 10
2025-05-15 19:12:11 [INFO] client: Accion enviada. Mensaje: mensaje_id='MARCAR_ADVERSARIO' token='TOKEN-2913f659-71dc-46f5-9585-20e42ba3b50d' datos={'jugador_numero': 10, 'adversario_numero': 1}
2025-05-15 19:12:11 [INFO] client: Tienes la pelota!
2025-05-15 19:12:11 [INFO] client: Accion enviada. Mensaje: mensaje_id='PATEAR' token='TOKEN-2913f659-71dc-46f5-9585-20e42ba3b50d' datos={'x': 6, 'y': 0}
2025-05-15 19:12:11 [INFO] client: Tienes la pelota!
2025-05-15 19:12:11 [INFO] client: Accion enviada. Mensaje: mensaje_id='PATEAR' token='TOKEN-2913f659-71dc-46f5-9585-20e42ba3b50d' datos={'x': 6, 'y': 0}
2025-05-15 19:12:12 [INFO] client: Tienes la pelota!
2025-05-15 19:12:12 [INFO] client: Accion enviada. Mensaje: mensaje_id='PATEAR' token='TOKEN-2913f659-71dc-46f5-9585-20e42ba3b50d' datos={'x': 6, 'y': 0}
2025-05-15 19:12:12 [INFO] client: Tienes la pelota!
2025-05-15 19:12:12 [INFO] client: Accion enviada. Mensaje: mensaje_id='PATEAR' token='TOKEN-2913f659-71dc-46f5-9585-20e42ba3b50d' datos={'x': 6, 'y': 0}
2025-05-15 19:12:12 [INFO] client: Reaccionar
2025-05-15 19:12:12 [INFO] utils: Posiciones base inicializadas: {1: Coordenada(x=6, y=19), 2: Coordenada(x=1, y=16), 3: Coordenada(x=4, y=16), 4: Coordenada(x=8, y=16), 5: Coordenada(x=11, y=16), 6: Coordenada(x=3, y=13), 7: Coordenada(x=6, y=13), 8: Coordenada(x=9, y=13), 9: Coordenada(x=8, y=9), 10: Coordenada(x=6, y=0), 11: Coordenada(x=4, y=10)}
2025-05-15 19:12:12 [INFO] utils: Jugador mas cercano 10
2025-05-15 19:12:12 [INFO] client: Accion enviada. Mensaje: mensaje_id='MARCAR_ADVERSARIO' token='TOKEN-2913f659-71dc-46f5-9585-20e42ba3b50d' datos={'jugador_numero': 10, 'adversario_numero': 1}
2025-05-15 19:12:12 [ERROR] mensajes: msg_id no interpretado. Data: {'mensaje_id': 'OCUPADO', 'datos': {'descripcion': 'El Servidor está ocupado en este momento. Intente más tarde.'}}
2025-05-15 19:12:12 [WARNING] client: Otro mensaje recibido.
Mensaje Enviado: mensaje_id='MARCAR_ADVERSARIO' token='TOKEN-2913f659-71dc-46f5-9585-20e42ba3b50d' datos={'jugador_numero': 10, 'adversario_numero': 1}

Mensaje recibido: None
2025-05-15 19:12:12 [ERROR] client: Mensaje de error del servidor. Mensaje enviado: mensaje_id='MARCAR_ADVERSARIO' token='TOKEN-2913f659-71dc-46f5-9585-20e42ba3b50d' datos={'jugador_numero': 10, 'adversario_numero': 1}, Mensaje recibido: mensaje_id='ERROR' datos={'descripcion': 'PATEAR no se puede ejecturar por no poseer la pelota.'}
2025-05-15 19:12:12 [ERROR] client: Mensaje de error del servidor. Mensaje enviado: mensaje_id='MARCAR_ADVERSARIO' token='TOKEN-2913f659-71dc-46f5-9585-20e42ba3b50d' datos={'jugador_numero': 10, 'adversario_numero': 1}, Mensaje recibido: mensaje_id='ERROR' datos={'descripcion': 'PATEAR no se puede ejecturar por no poseer la pelota.'}
2025-05-15 19:12:12 [INFO] client: Tienes la pelota!
2025-05-15 19:12:12 [INFO] client: Accion enviada. Mensaje: mensaje_id='PATEAR' token='TOKEN-2913f659-71dc-46f5-9585-20e42ba3b50d' datos={'x': 6, 'y': 0}
2025-05-15 19:12:12 [INFO] client: Tienes la pelota!
2025-05-15 19:12:12 [INFO] client: Accion enviada. Mensaje: mensaje_id='PATEAR' token='TOKEN-2913f659-71dc-46f5-9585-20e42ba3b50d' datos={'x': 6, 'y': 0}
2025-05-15 19:12:13 [INFO] client: Reaccionar
2025-05-15 19:12:13 [INFO] utils: Posiciones base inicializadas: {1: Coordenada(x=6, y=19), 2: Coordenada(x=1, y=16), 3: Coordenada(x=4, y=16), 4: Coordenada(x=8, y=16), 5: Coordenada(x=11, y=16), 6: Coordenada(x=3, y=13), 7: Coordenada(x=6, y=13), 8: Coordenada(x=9, y=13), 9: Coordenada(x=8, y=9), 10: Coordenada(x=6, y=0), 11: Coordenada(x=4, y=10)}
2025-05-15 19:12:13 [INFO] utils: Jugador mas cercano 10
2025-05-15 19:12:13 [INFO] client: Accion enviada. Mensaje: mensaje_id='CORRER' token='TOKEN-2913f659-71dc-46f5-9585-20e42ba3b50d' datos={'movimientos': [{'jugador_numero': 10, 'x': 6, 'y': 0}]}
2025-05-15 19:12:13 [INFO] client: Tienes la pelota!
2025-05-15 19:12:13 [INFO] client: Accion enviada. Mensaje: mensaje_id='PATEAR' token='TOKEN-2913f659-71dc-46f5-9585-20e42ba3b50d' datos={'x': 6, 'y': 0}
2025-05-15 19:12:13 [INFO] client: Tienes la pelota!
2025-05-15 19:12:13 [INFO] client: Accion enviada. Mensaje: mensaje_id='PATEAR' token='TOKEN-2913f659-71dc-46f5-9585-20e42ba3b50d' datos={'x': 6, 'y': 0}
2025-05-15 19:12:13 [INFO] client: Tienes la pelota!
2025-05-15 19:12:13 [INFO] client: Accion enviada. Mensaje: mensaje_id='PATEAR' token='TOKEN-2913f659-71dc-46f5-9585-20e42ba3b50d' datos={'x': 6, 'y': 0}
2025-05-15 19:12:13 [ERROR] mensajes: msg_id no interpretado. Data: {'mensaje_id': 'OCUPADO', 'datos': {'descripcion': 'El Servidor está ocupado en este momento. Intente más tarde.'}}
2025-05-15 19:12:13 [WARNING] client: Otro mensaje recibido.
Mensaje Enviado: mensaje_id='PATEAR' token='TOKEN-2913f659-71dc-46f5-9585-20e42ba3b50d' datos={'x': 6, 'y': 0}

Mensaje recibido: None
2025-05-15 19:12:13 [INFO] client: Tienes la pelota!
2025-05-15 19:12:13 [INFO] client: Accion enviada. Mensaje: mensaje_id='PATEAR' token='TOKEN-2913f659-71dc-46f5-9585-20e42ba3b50d' datos={'x': 6, 'y': 0}
2025-05-15 19:12:13 [INFO] client: Tienes la pelota!
2025-05-15 19:12:13 [INFO] client: Accion enviada. Mensaje: mensaje_id='PATEAR' token='TOKEN-2913f659-71dc-46f5-9585-20e42ba3b50d' datos={'x': 6, 'y': 0}
2025-05-15 19:12:13 [INFO] client: Tienes la pelota!
2025-05-15 19:12:13 [INFO] client: Accion enviada. Mensaje: mensaje_id='PATEAR' token='TOKEN-2913f659-71dc-46f5-9585-20e42ba3b50d' datos={'x': 6, 'y': 0}
2025-05-15 19:12:14 [INFO] client: Reaccionar
2025-05-15 19:12:14 [INFO] utils: Posiciones base inicializadas: {1: Coordenada(x=6, y=19), 2: Coordenada(x=1, y=16), 3: Coordenada(x=4, y=16), 4: Coordenada(x=8, y=16), 5: Coordenada(x=11, y=16), 6: Coordenada(x=3, y=13), 7: Coordenada(x=6, y=13), 8: Coordenada(x=9, y=13), 9: Coordenada(x=8, y=9), 10: Coordenada(x=6, y=0), 11: Coordenada(x=4, y=10)}
2025-05-15 19:12:14 [INFO] utils: Jugador mas cercano 10
2025-05-15 19:12:14 [INFO] client: Accion enviada. Mensaje: mensaje_id='CORRER' token='TOKEN-2913f659-71dc-46f5-9585-20e42ba3b50d' datos={'movimientos': [{'jugador_numero': 10, 'x': 6, 'y': 0}]}
2025-05-15 19:12:14 [INFO] client: Tienes la pelota!
2025-05-15 19:12:14 [INFO] client: Accion enviada. Mensaje: mensaje_id='PATEAR' token='TOKEN-2913f659-71dc-46f5-9585-20e42ba3b50d' datos={'x': 6, 'y': 0}
2025-05-15 19:12:14 [INFO] client: Reaccionar
2025-05-15 19:12:14 [INFO] utils: Posiciones base inicializadas: {1: Coordenada(x=6, y=19), 2: Coordenada(x=1, y=16), 3: Coordenada(x=4, y=16), 4: Coordenada(x=8, y=16), 5: Coordenada(x=11, y=16), 6: Coordenada(x=3, y=13), 7: Coordenada(x=6, y=13), 8: Coordenada(x=9, y=13), 9: Coordenada(x=8, y=9), 10: Coordenada(x=6, y=0), 11: Coordenada(x=4, y=10)}
2025-05-15 19:12:14 [INFO] utils: Jugador mas cercano 10
2025-05-15 19:12:14 [INFO] client: Accion enviada. Mensaje: mensaje_id='MARCAR_ADVERSARIO' token='TOKEN-2913f659-71dc-46f5-9585-20e42ba3b50d' datos={'jugador_numero': 10, 'adversario_numero': 1}
2025-05-15 19:12:14 [ERROR] client: Mensaje de error del servidor. Mensaje enviado: mensaje_id='MARCAR_ADVERSARIO' token='TOKEN-2913f659-71dc-46f5-9585-20e42ba3b50d' datos={'jugador_numero': 10, 'adversario_numero': 1}, Mensaje recibido: mensaje_id='ERROR' datos={'descripcion': 'PATEAR no se puede ejecturar por no poseer la pelota.'}
2025-05-15 19:12:14 [ERROR] mensajes: msg_id no interpretado. Data: {'mensaje_id': 'OCUPADO', 'datos': {'descripcion': 'El Servidor está ocupado en este momento. Intente más tarde.'}}
2025-05-15 19:12:14 [WARNING] client: Otro mensaje recibido.
Mensaje Enviado: mensaje_id='MARCAR_ADVERSARIO' token='TOKEN-2913f659-71dc-46f5-9585-20e42ba3b50d' datos={'jugador_numero': 10, 'adversario_numero': 1}

Mensaje recibido: None
2025-05-15 19:12:14 [INFO] client: Tienes la pelota!
2025-05-15 19:12:14 [INFO] client: Accion enviada. Mensaje: mensaje_id='PATEAR' token='TOKEN-2913f659-71dc-46f5-9585-20e42ba3b50d' datos={'x': 6, 'y': 0}
2025-05-15 19:12:14 [INFO] client: Tienes la pelota!
2025-05-15 19:12:14 [INFO] client: Accion enviada. Mensaje: mensaje_id='PATEAR' token='TOKEN-2913f659-71dc-46f5-9585-20e42ba3b50d' datos={'x': 6, 'y': 0}
2025-05-15 19:12:14 [INFO] client: Tienes la pelota!
2025-05-15 19:12:14 [INFO] client: Accion enviada. Mensaje: mensaje_id='PATEAR' token='TOKEN-2913f659-71dc-46f5-9585-20e42ba3b50d' datos={'x': 6, 'y': 0}
2025-05-15 19:12:15 [INFO] client: Tienes la pelota!
2025-05-15 19:12:15 [INFO] client: Accion enviada. Mensaje: mensaje_id='PATEAR' token='TOKEN-2913f659-71dc-46f5-9585-20e42ba3b50d' datos={'x': 6, 'y': 0}
2025-05-15 19:12:15 [INFO] client: Tienes la pelota!
2025-05-15 19:12:15 [INFO] client: Accion enviada. Mensaje: mensaje_id='PATEAR' token='TOKEN-2913f659-71dc-46f5-9585-20e42ba3b50d' datos={'x': 6, 'y': 0}
2025-05-15 19:12:15 [INFO] client: Reaccionar
2025-05-15 19:12:15 [INFO] utils: Posiciones base inicializadas: {1: Coordenada(x=6, y=19), 2: Coordenada(x=1, y=16), 3: Coordenada(x=4, y=16), 4: Coordenada(x=8, y=16), 5: Coordenada(x=11, y=16), 6: Coordenada(x=3, y=13), 7: Coordenada(x=6, y=13), 8: Coordenada(x=9, y=13), 9: Coordenada(x=8, y=9), 10: Coordenada(x=6, y=0), 11: Coordenada(x=4, y=10)}
2025-05-15 19:12:15 [INFO] utils: Jugador mas cercano 10
2025-05-15 19:12:15 [INFO] client: Accion enviada. Mensaje: mensaje_id='CORRER' token='TOKEN-2913f659-71dc-46f5-9585-20e42ba3b50d' datos={'movimientos': [{'jugador_numero': 10, 'x': 6, 'y': 0}]}
2025-05-15 19:12:15 [INFO] client: Reaccionar
2025-05-15 19:12:15 [INFO] utils: Posiciones base inicializadas: {1: Coordenada(x=6, y=19), 2: Coordenada(x=1, y=16), 3: Coordenada(x=4, y=16), 4: Coordenada(x=8, y=16), 5: Coordenada(x=11, y=16), 6: Coordenada(x=3, y=13), 7: Coordenada(x=6, y=13), 8: Coordenada(x=9, y=13), 9: Coordenada(x=8, y=9), 10: Coordenada(x=6, y=0), 11: Coordenada(x=4, y=10)}
2025-05-15 19:12:15 [INFO] utils: Jugador mas cercano 10
2025-05-15 19:12:15 [INFO] client: Accion enviada. Mensaje: mensaje_id='MARCAR_ADVERSARIO' token='TOKEN-2913f659-71dc-46f5-9585-20e42ba3b50d' datos={'jugador_numero': 10, 'adversario_numero': 1}
2025-05-15 19:12:15 [ERROR] mensajes: msg_id no interpretado. Data: {'mensaje_id': 'OCUPADO', 'datos': {'descripcion': 'El Servidor está ocupado en este momento. Intente más tarde.'}}
2025-05-15 19:12:15 [WARNING] client: Otro mensaje recibido.
Mensaje Enviado: mensaje_id='MARCAR_ADVERSARIO' token='TOKEN-2913f659-71dc-46f5-9585-20e42ba3b50d' datos={'jugador_numero': 10, 'adversario_numero': 1}

Mensaje recibido: None
2025-05-15 19:12:15 [ERROR] client: Mensaje de error del servidor. Mensaje enviado: mensaje_id='MARCAR_ADVERSARIO' token='TOKEN-2913f659-71dc-46f5-9585-20e42ba3b50d' datos={'jugador_numero': 10, 'adversario_numero': 1}, Mensaje recibido: mensaje_id='ERROR' datos={'descripcion': 'PATEAR no se puede ejecturar por no poseer la pelota.'}
2025-05-15 19:12:15 [INFO] client: Tienes la pelota!
2025-05-15 19:12:15 [INFO] client: Accion enviada. Mensaje: mensaje_id='PATEAR' token='TOKEN-2913f659-71dc-46f5-9585-20e42ba3b50d' datos={'x': 6, 'y': 0}
2025-05-15 19:12:15 [INFO] client: Tienes la pelota!
2025-05-15 19:12:15 [INFO] client: Accion enviada. Mensaje: mensaje_id='PATEAR' token='TOKEN-2913f659-71dc-46f5-9585-20e42ba3b50d' datos={'x': 6, 'y': 0}
2025-05-15 19:12:15 [INFO] client: Reaccionar
2025-05-15 19:12:15 [INFO] utils: Posiciones base inicializadas: {1: Coordenada(x=6, y=19), 2: Coordenada(x=1, y=16), 3: Coordenada(x=4, y=16), 4: Coordenada(x=8, y=16), 5: Coordenada(x=11, y=16), 6: Coordenada(x=3, y=13), 7: Coordenada(x=6, y=13), 8: Coordenada(x=9, y=13), 9: Coordenada(x=8, y=9), 10: Coordenada(x=6, y=0), 11: Coordenada(x=4, y=10)}
2025-05-15 19:12:15 [INFO] utils: Jugador mas cercano 10
2025-05-15 19:12:15 [INFO] client: Accion enviada. Mensaje: mensaje_id='MARCAR_ADVERSARIO' token='TOKEN-2913f659-71dc-46f5-9585-20e42ba3b50d' datos={'jugador_numero': 10, 'adversario_numero': 1}
2025-05-15 19:12:16 [INFO] client: Reaccionar
2025-05-15 19:12:16 [INFO] utils: Posiciones base inicializadas: {1: Coordenada(x=6, y=19), 2: Coordenada(x=1, y=16), 3: Coordenada(x=4, y=16), 4: Coordenada(x=8, y=16), 5: Coordenada(x=11, y=16), 6: Coordenada(x=3, y=13), 7: Coordenada(x=6, y=13), 8: Coordenada(x=9, y=13), 9: Coordenada(x=8, y=9), 10: Coordenada(x=6, y=0), 11: Coordenada(x=4, y=10)}
2025-05-15 19:12:16 [INFO] utils: Jugador mas cercano 10
2025-05-15 19:12:16 [INFO] client: Accion enviada. Mensaje: mensaje_id='MARCAR_ADVERSARIO' token='TOKEN-2913f659-71dc-46f5-9585-20e42ba3b50d' datos={'jugador_numero': 10, 'adversario_numero': 1}
2025-05-15 19:12:16 [ERROR] client: Mensaje de error del servidor. Mensaje enviado: mensaje_id='MARCAR_ADVERSARIO' token='TOKEN-2913f659-71dc-46f5-9585-20e42ba3b50d' datos={'jugador_numero': 10, 'adversario_numero': 1}, Mensaje recibido: mensaje_id='ERROR' datos={'descripcion': 'PATEAR no se puede ejecturar por no poseer la pelota.'}
2025-05-15 19:12:16 [ERROR] client: Mensaje de error del servidor. Mensaje enviado: mensaje_id='MARCAR_ADVERSARIO' token='TOKEN-2913f659-71dc-46f5-9585-20e42ba3b50d' datos={'jugador_numero': 10, 'adversario_numero': 1}, Mensaje recibido: mensaje_id='ERROR' datos={'descripcion': 'PATEAR no se puede ejecturar por no poseer la pelota.'}
2025-05-15 19:12:16 [INFO] client: Tienes la pelota!
2025-05-15 19:12:16 [INFO] client: Accion enviada. Mensaje: mensaje_id='PATEAR' token='TOKEN-2913f659-71dc-46f5-9585-20e42ba3b50d' datos={'x': 6, 'y': 0}
2025-05-15 19:12:16 [INFO] client: Reaccionar
2025-05-15 19:12:16 [INFO] utils: Posiciones base inicializadas: {1: Coordenada(x=6, y=19), 2: Coordenada(x=1, y=16), 3: Coordenada(x=4, y=16), 4: Coordenada(x=8, y=16), 5: Coordenada(x=11, y=16), 6: Coordenada(x=3, y=13), 7: Coordenada(x=6, y=13), 8: Coordenada(x=9, y=13), 9: Coordenada(x=8, y=9), 10: Coordenada(x=6, y=0), 11: Coordenada(x=4, y=10)}
2025-05-15 19:12:16 [INFO] utils: Jugador mas cercano 10
2025-05-15 19:12:16 [INFO] client: Accion enviada. Mensaje: mensaje_id='MARCAR_ADVERSARIO' token='TOKEN-2913f659-71dc-46f5-9585-20e42ba3b50d' datos={'jugador_numero': 10, 'adversario_numero': 1}
2025-05-15 19:12:16 [INFO] client: Tienes la pelota!
2025-05-15 19:12:16 [INFO] client: Accion enviada. Mensaje: mensaje_id='PATEAR' token='TOKEN-2913f659-71dc-46f5-9585-20e42ba3b50d' datos={'x': 6, 'y': 0}
2025-05-15 19:12:16 [INFO] client: Reaccionar
2025-05-15 19:12:16 [INFO] utils: Posiciones base inicializadas: {1: Coordenada(x=6, y=19), 2: Coordenada(x=1, y=16), 3: Coordenada(x=4, y=16), 4: Coordenada(x=8, y=16), 5: Coordenada(x=11, y=16), 6: Coordenada(x=3, y=13), 7: Coordenada(x=6, y=13), 8: Coordenada(x=9, y=13), 9: Coordenada(x=8, y=9), 10: Coordenada(x=6, y=0), 11: Coordenada(x=4, y=10)}
2025-05-15 19:12:16 [INFO] utils: Jugador mas cercano 10
2025-05-15 19:12:16 [INFO] client: Accion enviada. Mensaje: mensaje_id='CORRER' token='TOKEN-2913f659-71dc-46f5-9585-20e42ba3b50d' datos={'movimientos': [{'jugador_numero': 10, 'x': 6, 'y': 0}]}
2025-05-15 19:12:16 [ERROR] mensajes: msg_id no interpretado. Data: {'mensaje_id': 'OCUPADO', 'datos': {'descripcion': 'El Servidor está ocupado en este momento. Intente más tarde.'}}
2025-05-15 19:12:16 [WARNING] client: Otro mensaje recibido.
Mensaje Enviado: mensaje_id='CORRER' token='TOKEN-2913f659-71dc-46f5-9585-20e42ba3b50d' datos={'movimientos': [{'jugador_numero': 10, 'x': 6, 'y': 0}]}

Mensaje recibido: None
2025-05-15 19:12:17 [INFO] client: Tienes la pelota!
2025-05-15 19:12:17 [INFO] client: Accion enviada. Mensaje: mensaje_id='PATEAR' token='TOKEN-2913f659-71dc-46f5-9585-20e42ba3b50d' datos={'x': 6, 'y': 0}
2025-05-15 19:12:17 [INFO] client: Reaccionar
2025-05-15 19:12:17 [INFO] utils: Posiciones base inicializadas: {1: Coordenada(x=6, y=19), 2: Coordenada(x=1, y=16), 3: Coordenada(x=4, y=16), 4: Coordenada(x=8, y=16), 5: Coordenada(x=11, y=16), 6: Coordenada(x=3, y=13), 7: Coordenada(x=6, y=13), 8: Coordenada(x=9, y=13), 9: Coordenada(x=8, y=9), 10: Coordenada(x=6, y=0), 11: Coordenada(x=4, y=10)}
2025-05-15 19:12:17 [INFO] utils: Jugador mas cercano 10
2025-05-15 19:12:17 [INFO] client: Accion enviada. Mensaje: mensaje_id='CORRER' token='TOKEN-2913f659-71dc-46f5-9585-20e42ba3b50d' datos={'movimientos': [{'jugador_numero': 10, 'x': 6, 'y': 0}]}
2025-05-15 19:12:17 [INFO] client: Reaccionar
2025-05-15 19:12:17 [INFO] utils: Posiciones base inicializadas: {1: Coordenada(x=6, y=19), 2: Coordenada(x=1, y=16), 3: Coordenada(x=4, y=16), 4: Coordenada(x=8, y=16), 5: Coordenada(x=11, y=16), 6: Coordenada(x=3, y=13), 7: Coordenada(x=6, y=13), 8: Coordenada(x=9, y=13), 9: Coordenada(x=8, y=9), 10: Coordenada(x=6, y=0), 11: Coordenada(x=4, y=10)}
2025-05-15 19:12:17 [INFO] utils: Jugador mas cercano 10
2025-05-15 19:12:17 [INFO] client: Accion enviada. Mensaje: mensaje_id='MARCAR_ADVERSARIO' token='TOKEN-2913f659-71dc-46f5-9585-20e42ba3b50d' datos={'jugador_numero': 10, 'adversario_numero': 1}
2025-05-15 19:12:17 [ERROR] mensajes: msg_id no interpretado. Data: {'mensaje_id': 'OCUPADO', 'datos': {'descripcion': 'El Servidor está ocupado en este momento. Intente más tarde.'}}
2025-05-15 19:12:17 [WARNING] client: Otro mensaje recibido.
Mensaje Enviado: mensaje_id='MARCAR_ADVERSARIO' token='TOKEN-2913f659-71dc-46f5-9585-20e42ba3b50d' datos={'jugador_numero': 10, 'adversario_numero': 1}

Mensaje recibido: None
2025-05-15 19:12:17 [ERROR] client: Mensaje de error del servidor. Mensaje enviado: mensaje_id='MARCAR_ADVERSARIO' token='TOKEN-2913f659-71dc-46f5-9585-20e42ba3b50d' datos={'jugador_numero': 10, 'adversario_numero': 1}, Mensaje recibido: mensaje_id='ERROR' datos={'descripcion': 'PATEAR no se puede ejecturar por no poseer la pelota.'}
2025-05-15 19:12:17 [INFO] client: Tienes la pelota!
2025-05-15 19:12:17 [INFO] client: Accion enviada. Mensaje: mensaje_id='PATEAR' token='TOKEN-2913f659-71dc-46f5-9585-20e42ba3b50d' datos={'x': 6, 'y': 0}
2025-05-15 19:12:17 [INFO] client: Tienes la pelota!
2025-05-15 19:12:17 [INFO] client: Accion enviada. Mensaje: mensaje_id='PATEAR' token='TOKEN-2913f659-71dc-46f5-9585-20e42ba3b50d' datos={'x': 6, 'y': 0}
2025-05-15 19:12:17 [INFO] client: Reaccionar
2025-05-15 19:12:17 [INFO] utils: Posiciones base inicializadas: {1: Coordenada(x=6, y=19), 2: Coordenada(x=1, y=16), 3: Coordenada(x=4, y=16), 4: Coordenada(x=8, y=16), 5: Coordenada(x=11, y=16), 6: Coordenada(x=3, y=13), 7: Coordenada(x=6, y=13), 8: Coordenada(x=9, y=13), 9: Coordenada(x=8, y=9), 10: Coordenada(x=6, y=0), 11: Coordenada(x=4, y=10)}
2025-05-15 19:12:17 [INFO] utils: Jugador mas cercano 10
2025-05-15 19:12:17 [INFO] client: Accion enviada. Mensaje: mensaje_id='MARCAR_ADVERSARIO' token='TOKEN-2913f659-71dc-46f5-9585-20e42ba3b50d' datos={'jugador_numero': 10, 'adversario_numero': 1}
2025-05-15 19:12:18 [INFO] client: Tienes la pelota!
2025-05-15 19:12:18 [INFO] client: Accion enviada. Mensaje: mensaje_id='PATEAR' token='TOKEN-2913f659-71dc-46f5-9585-20e42ba3b50d' datos={'x': 6, 'y': 0}
2025-05-15 19:12:18 [INFO] client: Tienes la pelota!
2025-05-15 19:12:18 [INFO] client: Accion enviada. Mensaje: mensaje_id='PATEAR' token='TOKEN-2913f659-71dc-46f5-9585-20e42ba3b50d' datos={'x': 6, 'y': 0}
2025-05-15 19:12:18 [INFO] client: Reaccionar
2025-05-15 19:12:18 [INFO] utils: Posiciones base inicializadas: {1: Coordenada(x=6, y=19), 2: Coordenada(x=1, y=16), 3: Coordenada(x=4, y=16), 4: Coordenada(x=8, y=16), 5: Coordenada(x=11, y=16), 6: Coordenada(x=3, y=13), 7: Coordenada(x=6, y=13), 8: Coordenada(x=9, y=13), 9: Coordenada(x=8, y=9), 10: Coordenada(x=6, y=0), 11: Coordenada(x=4, y=10)}
2025-05-15 19:12:18 [INFO] utils: Jugador mas cercano 10
2025-05-15 19:12:18 [INFO] client: Accion enviada. Mensaje: mensaje_id='MARCAR_ADVERSARIO' token='TOKEN-2913f659-71dc-46f5-9585-20e42ba3b50d' datos={'jugador_numero': 10, 'adversario_numero': 1}
2025-05-15 19:12:18 [ERROR] client: Mensaje de error del servidor. Mensaje enviado: mensaje_id='MARCAR_ADVERSARIO' token='TOKEN-2913f659-71dc-46f5-9585-20e42ba3b50d' datos={'jugador_numero': 10, 'adversario_numero': 1}, Mensaje recibido: mensaje_id='ERROR' datos={'descripcion': 'PATEAR no se puede ejecturar por no poseer la pelota.'}
2025-05-15 19:12:18 [ERROR] mensajes: msg_id no interpretado. Data: {'mensaje_id': 'OCUPADO', 'datos': {'descripcion': 'El Servidor está ocupado en este momento. Intente más tarde.'}}
2025-05-15 19:12:18 [WARNING] client: Otro mensaje recibido.
Mensaje Enviado: mensaje_id='MARCAR_ADVERSARIO' token='TOKEN-2913f659-71dc-46f5-9585-20e42ba3b50d' datos={'jugador_numero': 10, 'adversario_numero': 1}

Mensaje recibido: None
2025-05-15 19:12:18 [ERROR] client: Mensaje de error del servidor. Mensaje enviado: mensaje_id='MARCAR_ADVERSARIO' token='TOKEN-2913f659-71dc-46f5-9585-20e42ba3b50d' datos={'jugador_numero': 10, 'adversario_numero': 1}, Mensaje recibido: mensaje_id='ERROR' datos={'descripcion': 'PATEAR no se puede ejecturar por no poseer la pelota.'}
2025-05-15 19:12:18 [ERROR] client: Mensaje de error del servidor. Mensaje enviado: mensaje_id='MARCAR_ADVERSARIO' token='TOKEN-2913f659-71dc-46f5-9585-20e42ba3b50d' datos={'jugador_numero': 10, 'adversario_numero': 1}, Mensaje recibido: mensaje_id='ERROR' datos={'descripcion': 'PATEAR no se puede ejecturar por no poseer la pelota.'}
2025-05-15 19:12:18 [INFO] client: Reaccionar
2025-05-15 19:12:18 [INFO] utils: Posiciones base inicializadas: {1: Coordenada(x=6, y=19), 2: Coordenada(x=1, y=16), 3: Coordenada(x=4, y=16), 4: Coordenada(x=8, y=16), 5: Coordenada(x=11, y=16), 6: Coordenada(x=3, y=13), 7: Coordenada(x=6, y=13), 8: Coordenada(x=9, y=13), 9: Coordenada(x=8, y=9), 10: Coordenada(x=6, y=0), 11: Coordenada(x=4, y=10)}
2025-05-15 19:12:18 [INFO] utils: Jugador mas cercano 10
2025-05-15 19:12:18 [INFO] client: Accion enviada. Mensaje: mensaje_id='MARCAR_ADVERSARIO' token='TOKEN-2913f659-71dc-46f5-9585-20e42ba3b50d' datos={'jugador_numero': 10, 'adversario_numero': 1}
2025-05-15 19:12:18 [INFO] client: Tienes la pelota!
2025-05-15 19:12:18 [INFO] client: Accion enviada. Mensaje: mensaje_id='PATEAR' token='TOKEN-2913f659-71dc-46f5-9585-20e42ba3b50d' datos={'x': 6, 'y': 0}
2025-05-15 19:12:19 [INFO] client: Tienes la pelota!
2025-05-15 19:12:19 [INFO] client: Accion enviada. Mensaje: mensaje_id='PATEAR' token='TOKEN-2913f659-71dc-46f5-9585-20e42ba3b50d' datos={'x': 6, 'y': 0}
2025-05-15 19:12:19 [INFO] client: Tienes la pelota!
2025-05-15 19:12:19 [INFO] client: Accion enviada. Mensaje: mensaje_id='PATEAR' token='TOKEN-2913f659-71dc-46f5-9585-20e42ba3b50d' datos={'x': 6, 'y': 0}
2025-05-15 19:12:19 [INFO] client: Reaccionar
2025-05-15 19:12:19 [INFO] utils: Posiciones base inicializadas: {1: Coordenada(x=6, y=19), 2: Coordenada(x=1, y=16), 3: Coordenada(x=4, y=16), 4: Coordenada(x=8, y=16), 5: Coordenada(x=11, y=16), 6: Coordenada(x=3, y=13), 7: Coordenada(x=6, y=13), 8: Coordenada(x=9, y=13), 9: Coordenada(x=8, y=9), 10: Coordenada(x=6, y=0), 11: Coordenada(x=4, y=10)}
2025-05-15 19:12:19 [INFO] utils: Jugador mas cercano 10
2025-05-15 19:12:19 [INFO] client: Accion enviada. Mensaje: mensaje_id='MARCAR_ADVERSARIO' token='TOKEN-2913f659-71dc-46f5-9585-20e42ba3b50d' datos={'jugador_numero': 10, 'adversario_numero': 1}
2025-05-15 19:12:19 [ERROR] mensajes: msg_id no interpretado. Data: {'mensaje_id': 'OCUPADO', 'datos': {'descripcion': 'El Servidor está ocupado en este momento. Intente más tarde.'}}
2025-05-15 19:12:19 [WARNING] client: Otro mensaje recibido.
Mensaje Enviado: mensaje_id='MARCAR_ADVERSARIO' token='TOKEN-2913f659-71dc-46f5-9585-20e42ba3b50d' datos={'jugador_numero': 10, 'adversario_numero': 1}

Mensaje recibido: None
2025-05-15 19:12:19 [ERROR] client: Mensaje de error del servidor. Mensaje enviado: mensaje_id='MARCAR_ADVERSARIO' token='TOKEN-2913f659-71dc-46f5-9585-20e42ba3b50d' datos={'jugador_numero': 10, 'adversario_numero': 1}, Mensaje recibido: mensaje_id='ERROR' datos={'descripcion': 'PATEAR no se puede ejecturar por no poseer la pelota.'}
2025-05-15 19:12:19 [INFO] client: Reaccionar
2025-05-15 19:12:19 [INFO] utils: Posiciones base inicializadas: {1: Coordenada(x=6, y=19), 2: Coordenada(x=1, y=16), 3: Coordenada(x=4, y=16), 4: Coordenada(x=8, y=16), 5: Coordenada(x=11, y=16), 6: Coordenada(x=3, y=13), 7: Coordenada(x=6, y=13), 8: Coordenada(x=9, y=13), 9: Coordenada(x=8, y=9), 10: Coordenada(x=6, y=0), 11: Coordenada(x=4, y=10)}
2025-05-15 19:12:19 [INFO] utils: Jugador mas cercano 10
2025-05-15 19:12:19 [INFO] client: Accion enviada. Mensaje: mensaje_id='MARCAR_ADVERSARIO' token='TOKEN-2913f659-71dc-46f5-9585-20e42ba3b50d' datos={'jugador_numero': 10, 'adversario_numero': 1}
2025-05-15 19:12:19 [INFO] client: Tienes la pelota!
2025-05-15 19:12:19 [INFO] client: Accion enviada. Mensaje: mensaje_id='PATEAR' token='TOKEN-2913f659-71dc-46f5-9585-20e42ba3b50d' datos={'x': 6, 'y': 0}
2025-05-15 19:12:19 [INFO] client: Tienes la pelota!
2025-05-15 19:12:19 [INFO] client: Accion enviada. Mensaje: mensaje_id='PATEAR' token='TOKEN-2913f659-71dc-46f5-9585-20e42ba3b50d' datos={'x': 6, 'y': 0}
2025-05-15 19:12:20 [INFO] client: Reaccionar
2025-05-15 19:12:20 [INFO] utils: Posiciones base inicializadas: {1: Coordenada(x=6, y=19), 2: Coordenada(x=1, y=16), 3: Coordenada(x=4, y=16), 4: Coordenada(x=8, y=16), 5: Coordenada(x=11, y=16), 6: Coordenada(x=3, y=13), 7: Coordenada(x=6, y=13), 8: Coordenada(x=9, y=13), 9: Coordenada(x=8, y=9), 10: Coordenada(x=6, y=0), 11: Coordenada(x=4, y=10)}
2025-05-15 19:12:20 [INFO] utils: Jugador mas cercano 10
2025-05-15 19:12:20 [INFO] client: Accion enviada. Mensaje: mensaje_id='MARCAR_ADVERSARIO' token='TOKEN-2913f659-71dc-46f5-9585-20e42ba3b50d' datos={'jugador_numero': 10, 'adversario_numero': 1}
2025-05-15 19:12:20 [ERROR] client: Mensaje de error del servidor. Mensaje enviado: mensaje_id='MARCAR_ADVERSARIO' token='TOKEN-2913f659-71dc-46f5-9585-20e42ba3b50d' datos={'jugador_numero': 10, 'adversario_numero': 1}, Mensaje recibido: mensaje_id='ERROR' datos={'descripcion': 'PATEAR no se puede ejecturar por no poseer la pelota.'}
2025-05-15 19:12:20 [INFO] client: Tienes la pelota!
2025-05-15 19:12:20 [INFO] client: Accion enviada. Mensaje: mensaje_id='PATEAR' token='TOKEN-2913f659-71dc-46f5-9585-20e42ba3b50d' datos={'x': 6, 'y': 0}
2025-05-15 19:12:20 [INFO] client: Tienes la pelota!
2025-05-15 19:12:20 [INFO] client: Accion enviada. Mensaje: mensaje_id='PATEAR' token='TOKEN-2913f659-71dc-46f5-9585-20e42ba3b50d' datos={'x': 6, 'y': 0}
2025-05-15 19:12:20 [INFO] client: Tienes la pelota!
2025-05-15 19:12:20 [INFO] client: Accion enviada. Mensaje: mensaje_id='PATEAR' token='TOKEN-2913f659-71dc-46f5-9585-20e42ba3b50d' datos={'x': 6, 'y': 0}
2025-05-15 19:12:20 [INFO] client: Tienes la pelota!
2025-05-15 19:12:20 [INFO] client: Accion enviada. Mensaje: mensaje_id='PATEAR' token='TOKEN-2913f659-71dc-46f5-9585-20e42ba3b50d' datos={'x': 6, 'y': 0}
2025-05-15 19:12:20 [ERROR] mensajes: msg_id no interpretado. Data: {'mensaje_id': 'OCUPADO', 'datos': {'descripcion': 'El Servidor está ocupado en este momento. Intente más tarde.'}}
2025-05-15 19:12:20 [WARNING] client: Otro mensaje recibido.
Mensaje Enviado: mensaje_id='PATEAR' token='TOKEN-2913f659-71dc-46f5-9585-20e42ba3b50d' datos={'x': 6, 'y': 0}

Mensaje recibido: None
2025-05-15 19:12:21 [INFO] client: Reaccionar
2025-05-15 19:12:21 [INFO] utils: Posiciones base inicializadas: {1: Coordenada(x=6, y=19), 2: Coordenada(x=1, y=16), 3: Coordenada(x=4, y=16), 4: Coordenada(x=8, y=16), 5: Coordenada(x=11, y=16), 6: Coordenada(x=3, y=13), 7: Coordenada(x=6, y=13), 8: Coordenada(x=9, y=13), 9: Coordenada(x=8, y=9), 10: Coordenada(x=6, y=0), 11: Coordenada(x=4, y=10)}
2025-05-15 19:12:21 [INFO] utils: Jugador mas cercano 10
2025-05-15 19:12:21 [INFO] client: Accion enviada. Mensaje: mensaje_id='CORRER' token='TOKEN-2913f659-71dc-46f5-9585-20e42ba3b50d' datos={'movimientos': [{'jugador_numero': 10, 'x': 6, 'y': 0}]}
2025-05-15 19:12:21 [INFO] client: Reaccionar
2025-05-15 19:12:21 [INFO] utils: Posiciones base inicializadas: {1: Coordenada(x=6, y=19), 2: Coordenada(x=1, y=16), 3: Coordenada(x=4, y=16), 4: Coordenada(x=8, y=16), 5: Coordenada(x=11, y=16), 6: Coordenada(x=3, y=13), 7: Coordenada(x=6, y=13), 8: Coordenada(x=9, y=13), 9: Coordenada(x=8, y=9), 10: Coordenada(x=6, y=0), 11: Coordenada(x=4, y=10)}
2025-05-15 19:12:21 [INFO] utils: Jugador mas cercano 10
2025-05-15 19:12:21 [INFO] client: Accion enviada. Mensaje: mensaje_id='MARCAR_ADVERSARIO' token='TOKEN-2913f659-71dc-46f5-9585-20e42ba3b50d' datos={'jugador_numero': 10, 'adversario_numero': 1}
2025-05-15 19:12:21 [ERROR] client: Mensaje de error del servidor. Mensaje enviado: mensaje_id='MARCAR_ADVERSARIO' token='TOKEN-2913f659-71dc-46f5-9585-20e42ba3b50d' datos={'jugador_numero': 10, 'adversario_numero': 1}, Mensaje recibido: mensaje_id='ERROR' datos={'descripcion': 'PATEAR no se puede ejecturar por no poseer la pelota.'}
2025-05-15 19:12:21 [INFO] client: Reaccionar
2025-05-15 19:12:21 [INFO] utils: Posiciones base inicializadas: {1: Coordenada(x=6, y=19), 2: Coordenada(x=1, y=16), 3: Coordenada(x=4, y=16), 4: Coordenada(x=8, y=16), 5: Coordenada(x=11, y=16), 6: Coordenada(x=3, y=13), 7: Coordenada(x=6, y=13), 8: Coordenada(x=9, y=13), 9: Coordenada(x=8, y=9), 10: Coordenada(x=6, y=0), 11: Coordenada(x=4, y=10)}
2025-05-15 19:12:21 [INFO] utils: Jugador mas cercano 10
2025-05-15 19:12:21 [INFO] client: Accion enviada. Mensaje: mensaje_id='MARCAR_ADVERSARIO' token='TOKEN-2913f659-71dc-46f5-9585-20e42ba3b50d' datos={'jugador_numero': 10, 'adversario_numero': 1}
2025-05-15 19:12:21 [ERROR] mensajes: msg_id no interpretado. Data: {'mensaje_id': 'OCUPADO', 'datos': {'descripcion': 'El Servidor está ocupado en este momento. Intente más tarde.'}}
2025-05-15 19:12:21 [WARNING] client: Otro mensaje recibido.
Mensaje Enviado: mensaje_id='MARCAR_ADVERSARIO' token='TOKEN-2913f659-71dc-46f5-9585-20e42ba3b50d' datos={'jugador_numero': 10, 'adversario_numero': 1}

Mensaje recibido: None
2025-05-15 19:12:21 [INFO] client: Tienes la pelota!
2025-05-15 19:12:21 [INFO] client: Accion enviada. Mensaje: mensaje_id='PATEAR' token='TOKEN-2913f659-71dc-46f5-9585-20e42ba3b50d' datos={'x': 6, 'y': 0}
2025-05-15 19:12:21 [INFO] client: Tienes la pelota!
2025-05-15 19:12:21 [INFO] client: Accion enviada. Mensaje: mensaje_id='PATEAR' token='TOKEN-2913f659-71dc-46f5-9585-20e42ba3b50d' datos={'x': 6, 'y': 0}
2025-05-15 19:12:21 [INFO] client: Reaccionar
2025-05-15 19:12:21 [INFO] utils: Posiciones base inicializadas: {1: Coordenada(x=6, y=19), 2: Coordenada(x=1, y=16), 3: Coordenada(x=4, y=16), 4: Coordenada(x=8, y=16), 5: Coordenada(x=11, y=16), 6: Coordenada(x=3, y=13), 7: Coordenada(x=6, y=13), 8: Coordenada(x=9, y=13), 9: Coordenada(x=8, y=9), 10: Coordenada(x=6, y=0), 11: Coordenada(x=4, y=10)}
2025-05-15 19:12:21 [INFO] utils: Jugador mas cercano 10
2025-05-15 19:12:21 [INFO] client: Accion enviada. Mensaje: mensaje_id='MARCAR_ADVERSARIO' token='TOKEN-2913f659-71dc-46f5-9585-20e42ba3b50d' datos={'jugador_numero': 10, 'adversario_numero': 1}
2025-05-15 19:12:22 [ERROR] client: Mensaje de error del servidor. Mensaje enviado: mensaje_id='MARCAR_ADVERSARIO' token='TOKEN-2913f659-71dc-46f5-9585-20e42ba3b50d' datos={'jugador_numero': 10, 'adversario_numero': 1}, Mensaje recibido: mensaje_id='ERROR' datos={'descripcion': 'PATEAR no se puede ejecturar por no poseer la pelota.'}
2025-05-15 19:12:22 [INFO] client: Reaccionar
2025-05-15 19:12:22 [INFO] utils: Posiciones base inicializadas: {1: Coordenada(x=6, y=19), 2: Coordenada(x=1, y=16), 3: Coordenada(x=4, y=16), 4: Coordenada(x=8, y=16), 5: Coordenada(x=11, y=16), 6: Coordenada(x=3, y=13), 7: Coordenada(x=6, y=13), 8: Coordenada(x=9, y=13), 9: Coordenada(x=8, y=9), 10: Coordenada(x=6, y=0), 11: Coordenada(x=4, y=10)}
2025-05-15 19:12:22 [INFO] utils: Jugador mas cercano 10
2025-05-15 19:12:22 [INFO] client: Accion enviada. Mensaje: mensaje_id='MARCAR_ADVERSARIO' token='TOKEN-2913f659-71dc-46f5-9585-20e42ba3b50d' datos={'jugador_numero': 10, 'adversario_numero': 1}
2025-05-15 19:12:22 [ERROR] client: Mensaje de error del servidor. Mensaje enviado: mensaje_id='MARCAR_ADVERSARIO' token='TOKEN-2913f659-71dc-46f5-9585-20e42ba3b50d' datos={'jugador_numero': 10, 'adversario_numero': 1}, Mensaje recibido: mensaje_id='ERROR' datos={'descripcion': 'PATEAR no se puede ejecturar por no poseer la pelota.'}
2025-05-15 19:12:22 [INFO] client: Reaccionar
2025-05-15 19:12:22 [INFO] utils: Posiciones base inicializadas: {1: Coordenada(x=6, y=19), 2: Coordenada(x=1, y=16), 3: Coordenada(x=4, y=16), 4: Coordenada(x=8, y=16), 5: Coordenada(x=11, y=16), 6: Coordenada(x=3, y=13), 7: Coordenada(x=6, y=13), 8: Coordenada(x=9, y=13), 9: Coordenada(x=8, y=9), 10: Coordenada(x=6, y=0), 11: Coordenada(x=4, y=10)}
2025-05-15 19:12:22 [INFO] utils: Jugador mas cercano 10
2025-05-15 19:12:22 [INFO] client: Accion enviada. Mensaje: mensaje_id='MARCAR_ADVERSARIO' token='TOKEN-2913f659-71dc-46f5-9585-20e42ba3b50d' datos={'jugador_numero': 10, 'adversario_numero': 1}
2025-05-15 19:12:22 [INFO] client: Reaccionar
2025-05-15 19:12:22 [INFO] utils: Posiciones base inicializadas: {1: Coordenada(x=6, y=19), 2: Coordenada(x=1, y=16), 3: Coordenada(x=4, y=16), 4: Coordenada(x=8, y=16), 5: Coordenada(x=11, y=16), 6: Coordenada(x=3, y=13), 7: Coordenada(x=6, y=13), 8: Coordenada(x=9, y=13), 9: Coordenada(x=8, y=9), 10: Coordenada(x=6, y=0), 11: Coordenada(x=4, y=10)}
2025-05-15 19:12:22 [INFO] utils: Jugador mas cercano 10
2025-05-15 19:12:22 [INFO] client: Accion enviada. Mensaje: mensaje_id='MARCAR_ADVERSARIO' token='TOKEN-2913f659-71dc-46f5-9585-20e42ba3b50d' datos={'jugador_numero': 10, 'adversario_numero': 1}
2025-05-15 19:12:22 [INFO] client: Reaccionar
2025-05-15 19:12:22 [INFO] utils: Posiciones base inicializadas: {1: Coordenada(x=6, y=19), 2: Coordenada(x=1, y=16), 3: Coordenada(x=4, y=16), 4: Coordenada(x=8, y=16), 5: Coordenada(x=11, y=16), 6: Coordenada(x=3, y=13), 7: Coordenada(x=6, y=13), 8: Coordenada(x=9, y=13), 9: Coordenada(x=8, y=9), 10: Coordenada(x=6, y=0), 11: Coordenada(x=4, y=10)}
2025-05-15 19:12:22 [INFO] utils: Jugador mas cercano 10
2025-05-15 19:12:22 [INFO] client: Accion enviada. Mensaje: mensaje_id='CORRER' token='TOKEN-2913f659-71dc-46f5-9585-20e42ba3b50d' datos={'movimientos': [{'jugador_numero': 10, 'x': 6, 'y': 2}]}
2025-05-15 19:12:22 [INFO] client: Tienes la pelota!
2025-05-15 19:12:22 [INFO] client: Accion enviada. Mensaje: mensaje_id='PATEAR' token='TOKEN-2913f659-71dc-46f5-9585-20e42ba3b50d' datos={'x': 6, 'y': 0}
2025-05-15 19:12:22 [INFO] client: Reaccionar
2025-05-15 19:12:22 [INFO] utils: Posiciones base inicializadas: {1: Coordenada(x=6, y=19), 2: Coordenada(x=1, y=16), 3: Coordenada(x=4, y=16), 4: Coordenada(x=8, y=16), 5: Coordenada(x=11, y=16), 6: Coordenada(x=3, y=13), 7: Coordenada(x=6, y=13), 8: Coordenada(x=9, y=13), 9: Coordenada(x=8, y=9), 10: Coordenada(x=6, y=0), 11: Coordenada(x=4, y=10)}
2025-05-15 19:12:22 [INFO] utils: Jugador mas cercano 10
2025-05-15 19:12:22 [INFO] client: Accion enviada. Mensaje: mensaje_id='MARCAR_ADVERSARIO' token='TOKEN-2913f659-71dc-46f5-9585-20e42ba3b50d' datos={'jugador_numero': 10, 'adversario_numero': 1}
2025-05-15 19:12:22 [ERROR] mensajes: msg_id no interpretado. Data: {'mensaje_id': 'OCUPADO', 'datos': {'descripcion': 'El Servidor está ocupado en este momento. Intente más tarde.'}}
2025-05-15 19:12:22 [WARNING] client: Otro mensaje recibido.
Mensaje Enviado: mensaje_id='MARCAR_ADVERSARIO' token='TOKEN-2913f659-71dc-46f5-9585-20e42ba3b50d' datos={'jugador_numero': 10, 'adversario_numero': 1}

Mensaje recibido: None
2025-05-15 19:12:23 [INFO] client: Reaccionar
2025-05-15 19:12:23 [INFO] utils: Posiciones base inicializadas: {1: Coordenada(x=6, y=19), 2: Coordenada(x=1, y=16), 3: Coordenada(x=4, y=16), 4: Coordenada(x=8, y=16), 5: Coordenada(x=11, y=16), 6: Coordenada(x=3, y=13), 7: Coordenada(x=6, y=13), 8: Coordenada(x=9, y=13), 9: Coordenada(x=8, y=9), 10: Coordenada(x=6, y=0), 11: Coordenada(x=4, y=10)}
2025-05-15 19:12:23 [INFO] utils: Pelota en el aire.
2025-05-15 19:12:23 [INFO] utils: Jugador mas cercano 10
2025-05-15 19:12:23 [INFO] client: Accion enviada. Mensaje: mensaje_id='CORRER' token='TOKEN-2913f659-71dc-46f5-9585-20e42ba3b50d' datos={'movimientos': [{'jugador_numero': 10, 'x': 6, 'y': 0}]}
2025-05-15 19:12:23 [INFO] client: Reaccionar
2025-05-15 19:12:23 [INFO] utils: Posiciones base inicializadas: {1: Coordenada(x=6, y=19), 2: Coordenada(x=1, y=16), 3: Coordenada(x=4, y=16), 4: Coordenada(x=8, y=16), 5: Coordenada(x=11, y=16), 6: Coordenada(x=3, y=13), 7: Coordenada(x=6, y=13), 8: Coordenada(x=9, y=13), 9: Coordenada(x=8, y=9), 10: Coordenada(x=6, y=0), 11: Coordenada(x=4, y=10)}
2025-05-15 19:12:23 [INFO] utils: Jugador mas cercano 10
2025-05-15 19:12:23 [INFO] client: Accion enviada. Mensaje: mensaje_id='CORRER' token='TOKEN-2913f659-71dc-46f5-9585-20e42ba3b50d' datos={'movimientos': [{'jugador_numero': 10, 'x': 5, 'y': 1}]}
2025-05-15 19:12:23 [INFO] client: Reaccionar
2025-05-15 19:12:23 [INFO] utils: Posiciones base inicializadas: {1: Coordenada(x=6, y=19), 2: Coordenada(x=1, y=16), 3: Coordenada(x=4, y=16), 4: Coordenada(x=8, y=16), 5: Coordenada(x=11, y=16), 6: Coordenada(x=3, y=13), 7: Coordenada(x=6, y=13), 8: Coordenada(x=9, y=13), 9: Coordenada(x=8, y=9), 10: Coordenada(x=6, y=0), 11: Coordenada(x=4, y=10)}
2025-05-15 19:12:23 [INFO] utils: Jugador mas cercano 10
2025-05-15 19:12:23 [INFO] client: Accion enviada. Mensaje: mensaje_id='CORRER' token='TOKEN-2913f659-71dc-46f5-9585-20e42ba3b50d' datos={'movimientos': [{'jugador_numero': 10, 'x': 5, 'y': 1}]}
2025-05-15 19:12:23 [INFO] client: Reaccionar
2025-05-15 19:12:23 [INFO] utils: Posiciones base inicializadas: {1: Coordenada(x=6, y=19), 2: Coordenada(x=1, y=16), 3: Coordenada(x=4, y=16), 4: Coordenada(x=8, y=16), 5: Coordenada(x=11, y=16), 6: Coordenada(x=3, y=13), 7: Coordenada(x=6, y=13), 8: Coordenada(x=9, y=13), 9: Coordenada(x=8, y=9), 10: Coordenada(x=6, y=2), 11: Coordenada(x=4, y=10)}
2025-05-15 19:12:23 [INFO] utils: Jugador mas cercano 10
2025-05-15 19:12:23 [INFO] client: Accion enviada. Mensaje: mensaje_id='CORRER' token='TOKEN-2913f659-71dc-46f5-9585-20e42ba3b50d' datos={'movimientos': [{'jugador_numero': 10, 'x': 5, 'y': 1}]}
2025-05-15 19:12:23 [INFO] client: Reaccionar
2025-05-15 19:12:23 [INFO] utils: Posiciones base inicializadas: {1: Coordenada(x=6, y=19), 2: Coordenada(x=1, y=16), 3: Coordenada(x=4, y=16), 4: Coordenada(x=8, y=16), 5: Coordenada(x=11, y=16), 6: Coordenada(x=3, y=13), 7: Coordenada(x=6, y=13), 8: Coordenada(x=9, y=13), 9: Coordenada(x=8, y=9), 10: Coordenada(x=6, y=2), 11: Coordenada(x=4, y=10)}
2025-05-15 19:12:23 [INFO] utils: Jugador mas cercano 10
2025-05-15 19:12:23 [INFO] client: Accion enviada. Mensaje: mensaje_id='CORRER' token='TOKEN-2913f659-71dc-46f5-9585-20e42ba3b50d' datos={'movimientos': [{'jugador_numero': 10, 'x': 5, 'y': 1}]}
2025-05-15 19:12:23 [ERROR] mensajes: msg_id no interpretado. Data: {'mensaje_id': 'OCUPADO', 'datos': {'descripcion': 'El Servidor está ocupado en este momento. Intente más tarde.'}}
2025-05-15 19:12:23 [WARNING] client: Otro mensaje recibido.
Mensaje Enviado: mensaje_id='CORRER' token='TOKEN-2913f659-71dc-46f5-9585-20e42ba3b50d' datos={'movimientos': [{'jugador_numero': 10, 'x': 5, 'y': 1}]}

Mensaje recibido: None
2025-05-15 19:12:23 [INFO] client: Reaccionar
2025-05-15 19:12:23 [INFO] utils: Posiciones base inicializadas: {1: Coordenada(x=6, y=19), 2: Coordenada(x=1, y=16), 3: Coordenada(x=4, y=16), 4: Coordenada(x=8, y=16), 5: Coordenada(x=11, y=16), 6: Coordenada(x=3, y=13), 7: Coordenada(x=6, y=13), 8: Coordenada(x=9, y=13), 9: Coordenada(x=8, y=9), 10: Coordenada(x=6, y=2), 11: Coordenada(x=4, y=10)}
2025-05-15 19:12:23 [INFO] utils: Jugador mas cercano 10
2025-05-15 19:12:23 [INFO] client: Accion enviada. Mensaje: mensaje_id='CORRER' token='TOKEN-2913f659-71dc-46f5-9585-20e42ba3b50d' datos={'movimientos': [{'jugador_numero': 10, 'x': 5, 'y': 1}]}
2025-05-15 19:12:23 [INFO] client: Reaccionar
2025-05-15 19:12:23 [INFO] utils: Posiciones base inicializadas: {1: Coordenada(x=6, y=19), 2: Coordenada(x=1, y=16), 3: Coordenada(x=4, y=16), 4: Coordenada(x=8, y=16), 5: Coordenada(x=11, y=16), 6: Coordenada(x=3, y=13), 7: Coordenada(x=6, y=13), 8: Coordenada(x=9, y=13), 9: Coordenada(x=8, y=9), 10: Coordenada(x=6, y=0), 11: Coordenada(x=4, y=10)}
2025-05-15 19:12:23 [INFO] utils: Jugador mas cercano 10
2025-05-15 19:12:23 [INFO] client: Accion enviada. Mensaje: mensaje_id='CORRER' token='TOKEN-2913f659-71dc-46f5-9585-20e42ba3b50d' datos={'movimientos': [{'jugador_numero': 10, 'x': 5, 'y': 1}]}
2025-05-15 19:12:23 [INFO] client: Reaccionar
2025-05-15 19:12:23 [INFO] utils: Posiciones base inicializadas: {1: Coordenada(x=6, y=19), 2: Coordenada(x=1, y=16), 3: Coordenada(x=4, y=16), 4: Coordenada(x=8, y=16), 5: Coordenada(x=11, y=16), 6: Coordenada(x=3, y=13), 7: Coordenada(x=6, y=13), 8: Coordenada(x=9, y=13), 9: Coordenada(x=8, y=9), 10: Coordenada(x=6, y=0), 11: Coordenada(x=4, y=10)}
2025-05-15 19:12:23 [INFO] utils: Jugador mas cercano 10
2025-05-15 19:12:23 [INFO] client: Accion enviada. Mensaje: mensaje_id='MARCAR_ADVERSARIO' token='TOKEN-2913f659-71dc-46f5-9585-20e42ba3b50d' datos={'jugador_numero': 10, 'adversario_numero': 1}
2025-05-15 19:12:23 [INFO] client: Reaccionar
2025-05-15 19:12:23 [INFO] utils: Posiciones base inicializadas: {1: Coordenada(x=6, y=19), 2: Coordenada(x=1, y=16), 3: Coordenada(x=4, y=16), 4: Coordenada(x=8, y=16), 5: Coordenada(x=11, y=16), 6: Coordenada(x=3, y=13), 7: Coordenada(x=6, y=13), 8: Coordenada(x=9, y=13), 9: Coordenada(x=8, y=9), 10: Coordenada(x=5, y=1), 11: Coordenada(x=4, y=10)}
2025-05-15 19:12:23 [INFO] utils: Jugador mas cercano 10
2025-05-15 19:12:23 [INFO] client: Accion enviada. Mensaje: mensaje_id='MARCAR_ADVERSARIO' token='TOKEN-2913f659-71dc-46f5-9585-20e42ba3b50d' datos={'jugador_numero': 10, 'adversario_numero': 1}
2025-05-15 19:12:24 [INFO] client: Reaccionar
2025-05-15 19:12:24 [INFO] utils: Posiciones base inicializadas: {1: Coordenada(x=6, y=19), 2: Coordenada(x=1, y=16), 3: Coordenada(x=4, y=16), 4: Coordenada(x=8, y=16), 5: Coordenada(x=11, y=16), 6: Coordenada(x=3, y=13), 7: Coordenada(x=6, y=13), 8: Coordenada(x=9, y=13), 9: Coordenada(x=8, y=9), 10: Coordenada(x=5, y=1), 11: Coordenada(x=4, y=10)}
2025-05-15 19:12:24 [INFO] utils: Jugador mas cercano 10
2025-05-15 19:12:24 [INFO] client: Accion enviada. Mensaje: mensaje_id='MARCAR_ADVERSARIO' token='TOKEN-2913f659-71dc-46f5-9585-20e42ba3b50d' datos={'jugador_numero': 10, 'adversario_numero': 1}
2025-05-15 19:12:24 [INFO] client: Tienes la pelota!
2025-05-15 19:12:24 [INFO] client: Accion enviada. Mensaje: mensaje_id='PATEAR' token='TOKEN-2913f659-71dc-46f5-9585-20e42ba3b50d' datos={'x': 6, 'y': 0}
2025-05-15 19:12:24 [INFO] client: Tienes la pelota!
2025-05-15 19:12:24 [INFO] client: Accion enviada. Mensaje: mensaje_id='PATEAR' token='TOKEN-2913f659-71dc-46f5-9585-20e42ba3b50d' datos={'x': 6, 'y': 0}
2025-05-15 19:12:24 [INFO] client: Reaccionar
2025-05-15 19:12:24 [INFO] utils: Posiciones base inicializadas: {1: Coordenada(x=6, y=19), 2: Coordenada(x=1, y=16), 3: Coordenada(x=4, y=16), 4: Coordenada(x=8, y=16), 5: Coordenada(x=11, y=16), 6: Coordenada(x=3, y=13), 7: Coordenada(x=6, y=13), 8: Coordenada(x=9, y=13), 9: Coordenada(x=8, y=9), 10: Coordenada(x=5, y=1), 11: Coordenada(x=4, y=10)}
2025-05-15 19:12:24 [INFO] utils: Jugador mas cercano 10
2025-05-15 19:12:24 [INFO] client: Accion enviada. Mensaje: mensaje_id='MARCAR_ADVERSARIO' token='TOKEN-2913f659-71dc-46f5-9585-20e42ba3b50d' datos={'jugador_numero': 10, 'adversario_numero': 1}
2025-05-15 19:12:24 [INFO] client: Reaccionar
2025-05-15 19:12:24 [INFO] utils: Posiciones base inicializadas: {1: Coordenada(x=6, y=19), 2: Coordenada(x=1, y=16), 3: Coordenada(x=4, y=16), 4: Coordenada(x=8, y=16), 5: Coordenada(x=11, y=16), 6: Coordenada(x=3, y=13), 7: Coordenada(x=6, y=13), 8: Coordenada(x=9, y=13), 9: Coordenada(x=8, y=9), 10: Coordenada(x=5, y=1), 11: Coordenada(x=4, y=10)}
2025-05-15 19:12:24 [INFO] utils: Pelota en el aire.
2025-05-15 19:12:24 [INFO] utils: Jugador mas cercano 10
2025-05-15 19:12:24 [INFO] client: Accion enviada. Mensaje: mensaje_id='CORRER' token='TOKEN-2913f659-71dc-46f5-9585-20e42ba3b50d' datos={'movimientos': [{'jugador_numero': 10, 'x': 5, 'y': 1}]}
2025-05-15 19:12:24 [INFO] client: Tienes la pelota!
2025-05-15 19:12:24 [INFO] client: Accion enviada. Mensaje: mensaje_id='PATEAR' token='TOKEN-2913f659-71dc-46f5-9585-20e42ba3b50d' datos={'x': 6, 'y': 0}
2025-05-15 19:12:24 [ERROR] mensajes: msg_id no interpretado. Data: {'mensaje_id': 'OCUPADO', 'datos': {'descripcion': 'El Servidor está ocupado en este momento. Intente más tarde.'}}
2025-05-15 19:12:24 [WARNING] client: Otro mensaje recibido.
Mensaje Enviado: mensaje_id='PATEAR' token='TOKEN-2913f659-71dc-46f5-9585-20e42ba3b50d' datos={'x': 6, 'y': 0}

Mensaje recibido: None
2025-05-15 19:12:24 [INFO] client: Tienes la pelota!
2025-05-15 19:12:24 [INFO] client: Accion enviada. Mensaje: mensaje_id='PATEAR' token='TOKEN-2913f659-71dc-46f5-9585-20e42ba3b50d' datos={'x': 6, 'y': 0}
2025-05-15 19:12:24 [INFO] client: Tienes la pelota!
2025-05-15 19:12:24 [INFO] client: Accion enviada. Mensaje: mensaje_id='PATEAR' token='TOKEN-2913f659-71dc-46f5-9585-20e42ba3b50d' datos={'x': 6, 'y': 0}
2025-05-15 19:12:24 [ERROR] mensajes: msg_id no interpretado. Data: {'mensaje_id': 'GOL', 'destinatario': 'TOKEN-2913f659-71dc-46f5-9585-20e42ba3b50d', 'datos': [{'id': 'equipo:TOKEN-2913f659-71dc-46f5-9585-20e42ba3b50d', 'nombre': 'LANUS', 'formacion': '4-3-3', 'rol': 2, 'goles': 6, 'arco': [{'x': 5, 'y': 19}, {'x': 6, 'y': 19}, {'x': 7, 'y': 19}]}, {'tipo': 'cancha', 'id': 'cancha', 'equipo1': {'id': 'equipo:TOKEN-581c91bb-e060-4aaa-89eb-56f8d59e7482', 'nombre': 'BARCA', 'formacion': '5-3-2', 'rol': 1, 'goles': 0, 'arco': [{'x': 5, 'y': 0}, {'x': 6, 'y': 0}, {'x': 7, 'y': 0}]}, 'equipo2': {'id': 'equipo:TOKEN-2913f659-71dc-46f5-9585-20e42ba3b50d', 'nombre': 'LANUS', 'formacion': '4-3-3', 'rol': 2, 'goles': 6, 'arco': [{'x': 5, 'y': 19}, {'x': 6, 'y': 19}, {'x': 7, 'y': 19}]}, 'sectores': [{'id': 18, 'x': 5, 'y': 1, 'ocupantes': [{'numero': 1, 'nombre': 'Valdez', 'equipo_id': 'equipo:TOKEN-581c91bb-e060-4aaa-89eb-56f8d59e7482', 'sector_id': 18, 'tiene_la_pelota': False}, {'numero': 10, 'nombre': 'Merentiel', 'equipo_id': 'equipo:TOKEN-2913f659-71dc-46f5-9585-20e42ba3b50d', 'es_el_crack': True, 'sector_id': 18, 'tiene_la_pelota': True}]}, {'id': 64, 'x': 12, 'y': 4, 'ocupantes': [{'numero': 2, 'nombre': 'Pique', 'equipo_id': 'equipo:TOKEN-581c91bb-e060-4aaa-89eb-56f8d59e7482', 'sector_id': 64, 'tiene_la_pelota': False}]}, {'id': 48, 'x': 9, 'y': 3, 'ocupantes': [{'numero': 3, 'nombre': 'Puyol', 'equipo_id': 'equipo:TOKEN-581c91bb-e060-4aaa-89eb-56f8d59e7482', 'sector_id': 48, 'tiene_la_pelota': False}]}, {'id': 32, 'x': 6, 'y': 2, 'ocupantes': [{'numero': 4, 'nombre': 'Abidal', 'equipo_id': 'equipo:TOKEN-581c91bb-e060-4aaa-89eb-56f8d59e7482', 'sector_id': 32, 'tiene_la_pelota': False}]}, {'id': 42, 'x': 3, 'y': 3, 'ocupantes': [{'numero': 5, 'nombre': 'Dani Alves', 'equipo_id': 'equipo:TOKEN-581c91bb-e060-4aaa-89eb-56f8d59e7482', 'sector_id': 42, 'tiene_la_pelota': False}]}, {'id': 52, 'x': 0, 'y': 4, 'ocupantes': [{'numero': 6, 'nombre': 'Busquets', 'equipo_id': 'equipo:TOKEN-581c91bb-e060-4aaa-89eb-56f8d59e7482', 'sector_id': 52, 'tiene_la_pelota': False}]}, {'id': 93, 'x': 2, 'y': 7, 'ocupantes': [{'numero': 7, 'nombre': 'Xavi', 'equipo_id': 'equipo:TOKEN-581c91bb-e060-4aaa-89eb-56f8d59e7482', 'sector_id': 93, 'tiene_la_pelota': False}]}, {'id': 101, 'x': 10, 'y': 7, 'ocupantes': [{'numero': 8, 'nombre': 'Iniesta', 'equipo_id': 'equipo:TOKEN-581c91bb-e060-4aaa-89eb-56f8d59e7482', 'sector_id': 101, 'tiene_la_pelota': False}]}, {'id': 72, 'x': 7, 'y': 5, 'ocupantes': [{'numero': 9, 'nombre': 'Suarez', 'equipo_id': 'equipo:TOKEN-581c91bb-e060-4aaa-89eb-56f8d59e7482', 'sector_id': 72, 'tiene_la_pelota': False}]}, {'id': 253, 'x': 6, 'y': 19, 'ocupantes': [{'numero': 10, 'nombre': 'Messi', 'equipo_id': 'equipo:TOKEN-581c91bb-e060-4aaa-89eb-56f8d59e7482', 'es_el_crack': True, 'sector_id': 253, 'tiene_la_pelota': False}, {'numero': 1, 'nombre': 'Marchesin', 'equipo_id': 'equipo:TOKEN-2913f659-71dc-46f5-9585-20e42ba3b50d', 'sector_id': 253, 'tiene_la_pelota': False}]}, {'id': 125, 'x': 8, 'y': 9, 'ocupantes': [{'numero': 11, 'nombre': 'Neymar Jr', 'equipo_id': 'equipo:TOKEN-581c91bb-e060-4aaa-89eb-56f8d59e7482', 'tiene_la_pelota': False, 'sector_id': 125}, {'numero': 9, 'nombre': 'Zenón', 'equipo_id': 'equipo:TOKEN-2913f659-71dc-46f5-9585-20e42ba3b50d', 'sector_id': 125, 'tiene_la_pelota': False}]}, {'id': 209, 'x': 1, 'y': 16, 'ocupantes': [{'numero': 2, 'nombre': 'Rojo', 'equipo_id': 'equipo:TOKEN-2913f659-71dc-46f5-9585-20e42ba3b50d', 'sector_id': 209, 'tiene_la_pelota': False}]}, {'id': 212, 'x': 4, 'y': 16, 'ocupantes': [{'numero': 3, 'nombre': 'Blanco', 'equipo_id': 'equipo:TOKEN-2913f659-71dc-46f5-9585-20e42ba3b50d', 'sector_id': 212, 'tiene_la_pelota': False}]}, {'id': 216, 'x': 8, 'y': 16, 'ocupantes': [{'numero': 4, 'nombre': 'Advíncula', 'equipo_id': 'equipo:TOKEN-2913f659-71dc-46f5-9585-20e42ba3b50d', 'sector_id': 216, 'tiene_la_pelota': False}]}, {'id': 219, 'x': 11, 'y': 16, 'ocupantes': [{'numero': 5, 'nombre': 'Blondel', 'equipo_id': 'equipo:TOKEN-2913f659-71dc-46f5-9585-20e42ba3b50d', 'sector_id': 219, 'tiene_la_pelota': False}]}, {'id': 172, 'x': 3, 'y': 13, 'ocupantes': [{'numero': 6, 'nombre': 'Belmonte', 'equipo_id': 'equipo:TOKEN-2913f659-71dc-46f5-9585-20e42ba3b50d', 'sector_id': 172, 'tiene_la_pelota': False}]}, {'id': 175, 'x': 6, 'y': 13, 'ocupantes': [{'numero': 7, 'nombre': 'Palacios', 'equipo_id': 'equipo:TOKEN-2913f659-71dc-46f5-9585-20e42ba3b50d', 'sector_id': 175, 'tiene_la_pelota': False}]}, {'id': 178, 'x': 9, 'y': 13, 'ocupantes': [{'numero': 8, 'nombre': 'Delgado', 'equipo_id': 'equipo:TOKEN-2913f659-71dc-46f5-9585-20e42ba3b50d', 'sector_id': 178, 'tiene_la_pelota': False}]}, {'id': 134, 'x': 4, 'y': 10, 'ocupantes': [{'numero': 11, 'nombre': 'Cavani', 'equipo_id': 'equipo:TOKEN-2913f659-71dc-46f5-9585-20e42ba3b50d', 'tiene_la_pelota': False, 'sector_id': 134}]}], 'ubicacion_pelota': {'id': 6, 'x': 6, 'y': 0, 'esta_la_pelota': True}, 'time_stamp': '1747347144335'}, {'tipo': 'cancha', 'id': 'cancha_formada', 'equipo1': {'id': 'equipo:TOKEN-581c91bb-e060-4aaa-89eb-56f8d59e7482', 'nombre': 'BARCA', 'formacion': '5-3-2', 'rol': 1, 'goles': 0, 'arco': [{'x': 5, 'y': 0}, {'x': 6, 'y': 0}, {'x': 7, 'y': 0}]}, 'equipo2': {'id': 'equipo:TOKEN-2913f659-71dc-46f5-9585-20e42ba3b50d', 'nombre': 'LANUS', 'formacion': '4-3-3', 'rol': 2, 'goles': 6, 'arco': [{'x': 5, 'y': 19}, {'x': 6, 'y': 19}, {'x': 7, 'y': 19}]}, 'sectores': [{'id': 253, 'x': 6, 'y': 19, 'ocupantes': [{'numero': 1, 'nombre': 'Marchesin', 'equipo_id': 'equipo:TOKEN-2913f659-71dc-46f5-9585-20e42ba3b50d', 'sector_id': 253, 'tiene_la_pelota': False}]}, {'id': 209, 'x': 1, 'y': 16, 'ocupantes': [{'numero': 2, 'nombre': 'Rojo', 'equipo_id': 'equipo:TOKEN-2913f659-71dc-46f5-9585-20e42ba3b50d', 'sector_id': 209, 'tiene_la_pelota': False}]}, {'id': 212, 'x': 4, 'y': 16, 'ocupantes': [{'numero': 3, 'nombre': 'Blanco', 'equipo_id': 'equipo:TOKEN-2913f659-71dc-46f5-9585-20e42ba3b50d', 'sector_id': 212, 'tiene_la_pelota': False}]}, {'id': 216, 'x': 8, 'y': 16, 'ocupantes': [{'numero': 4, 'nombre': 'Advíncula', 'equipo_id': 'equipo:TOKEN-2913f659-71dc-46f5-9585-20e42ba3b50d', 'sector_id': 216, 'tiene_la_pelota': False}]}, {'id': 219, 'x': 11, 'y': 16, 'ocupantes': [{'numero': 5, 'nombre': 'Blondel', 'equipo_id': 'equipo:TOKEN-2913f659-71dc-46f5-9585-20e42ba3b50d', 'sector_id': 219, 'tiene_la_pelota': False}]}, {'id': 172, 'x': 3, 'y': 13, 'ocupantes': [{'numero': 6, 'nombre': 'Belmonte', 'equipo_id': 'equipo:TOKEN-2913f659-71dc-46f5-9585-20e42ba3b50d', 'sector_id': 172, 'tiene_la_pelota': False}]}, {'id': 175, 'x': 6, 'y': 13, 'ocupantes': [{'numero': 7, 'nombre': 'Palacios', 'equipo_id': 'equipo:TOKEN-2913f659-71dc-46f5-9585-20e42ba3b50d', 'sector_id': 175, 'tiene_la_pelota': False}]}, {'id': 178, 'x': 9, 'y': 13, 'ocupantes': [{'numero': 8, 'nombre': 'Delgado', 'equipo_id': 'equipo:TOKEN-2913f659-71dc-46f5-9585-20e42ba3b50d', 'sector_id': 178, 'tiene_la_pelota': False}]}, {'id': 136, 'x': 6, 'y': 10, 'ocupantes': [{'numero': 9, 'nombre': 'Zenón', 'equipo_id': 'equipo:TOKEN-2913f659-71dc-46f5-9585-20e42ba3b50d', 'sector_id': 136, 'tiene_la_pelota': False}]}, {'id': 138, 'x': 8, 'y': 10, 'ocupantes': [{'numero': 10, 'nombre': 'Merentiel', 'equipo_id': 'equipo:TOKEN-2913f659-71dc-46f5-9585-20e42ba3b50d', 'es_el_crack': True, 'sector_id': 138, 'tiene_la_pelota': False}]}, {'id': 134, 'x': 4, 'y': 10, 'ocupantes': [{'numero': 11, 'nombre': 'Cavani', 'equipo_id': 'equipo:TOKEN-2913f659-71dc-46f5-9585-20e42ba3b50d', 'tiene_la_pelota': False, 'sector_id': 134}]}, {'id': 6, 'x': 6, 'y': 0, 'ocupantes': [{'numero': 1, 'nombre': 'Valdez', 'equipo_id': 'equipo:TOKEN-581c91bb-e060-4aaa-89eb-56f8d59e7482', 'sector_id': 6}]}, {'id': 64, 'x': 12, 'y': 4, 'ocupantes': [{'numero': 2, 'nombre': 'Pique', 'equipo_id': 'equipo:TOKEN-581c91bb-e060-4aaa-89eb-56f8d59e7482', 'sector_id': 64}]}, {'id': 48, 'x': 9, 'y': 3, 'ocupantes': [{'numero': 3, 'nombre': 'Puyol', 'equipo_id': 'equipo:TOKEN-581c91bb-e060-4aaa-89eb-56f8d59e7482', 'sector_id': 48}]}, {'id': 45, 'x': 6, 'y': 3, 'ocupantes': [{'numero': 4, 'nombre': 'Abidal', 'equipo_id': 'equipo:TOKEN-581c91bb-e060-4aaa-89eb-56f8d59e7482', 'sector_id': 45}]}, {'id': 42, 'x': 3, 'y': 3, 'ocupantes': [{'numero': 5, 'nombre': 'Dani Alves', 'equipo_id': 'equipo:TOKEN-581c91bb-e060-4aaa-89eb-56f8d59e7482', 'sector_id': 42}]}, {'id': 52, 'x': 0, 'y': 4, 'ocupantes': [{'numero': 6, 'nombre': 'Busquets', 'equipo_id': 'equipo:TOKEN-581c91bb-e060-4aaa-89eb-56f8d59e7482', 'sector_id': 52}]}, {'id': 93, 'x': 2, 'y': 7, 'ocupantes': [{'numero': 7, 'nombre': 'Xavi', 'equipo_id': 'equipo:TOKEN-581c91bb-e060-4aaa-89eb-56f8d59e7482', 'sector_id': 93}]}, {'id': 101, 'x': 10, 'y': 7, 'ocupantes': [{'numero': 8, 'nombre': 'Iniesta', 'equipo_id': 'equipo:TOKEN-581c91bb-e060-4aaa-89eb-56f8d59e7482', 'sector_id': 101}]}, {'id': 84, 'x': 6, 'y': 6, 'ocupantes': [{'numero': 9, 'nombre': 'Suarez', 'equipo_id': 'equipo:TOKEN-581c91bb-e060-4aaa-89eb-56f8d59e7482', 'sector_id': 84}]}, {'id': 121, 'x': 4, 'y': 9, 'ocupantes': [{'numero': 10, 'nombre': 'Messi', 'equipo_id': 'equipo:TOKEN-581c91bb-e060-4aaa-89eb-56f8d59e7482', 'es_el_crack': True, 'sector_id': 121}]}, {'id': 125, 'x': 8, 'y': 9, 'ocupantes': [{'numero': 11, 'nombre': 'Neymar Jr', 'equipo_id': 'equipo:TOKEN-581c91bb-e060-4aaa-89eb-56f8d59e7482', 'tiene_la_pelota': True, 'sector_id': 125}]}], 'ubicacion_pelota': {'id': 121, 'x': 4, 'y': 9}, 'time_stamp': '1747346998161'}, {'tipo': 'reloj', 'reloj': 33815}]}
2025-05-15 19:12:24 [WARNING] client: Otro mensaje recibido.
Mensaje Enviado: mensaje_id='PATEAR' token='TOKEN-2913f659-71dc-46f5-9585-20e42ba3b50d' datos={'x': 6, 'y': 0}

Mensaje recibido: None
2025-05-15 19:12:24 [INFO] client: Reaccionar
2025-05-15 19:12:24 [INFO] utils: Posiciones base inicializadas: {1: Coordenada(x=6, y=19), 2: Coordenada(x=1, y=16), 3: Coordenada(x=4, y=16), 4: Coordenada(x=8, y=16), 5: Coordenada(x=11, y=16), 6: Coordenada(x=3, y=13), 7: Coordenada(x=6, y=13), 8: Coordenada(x=9, y=13), 9: Coordenada(x=8, y=9), 10: Coordenada(x=5, y=1), 11: Coordenada(x=4, y=10)}
2025-05-15 19:12:24 [INFO] utils: Jugador mas cercano 1
2025-05-15 19:12:24 [INFO] client: Accion enviada. Mensaje: mensaje_id='MARCAR_ADVERSARIO' token='TOKEN-2913f659-71dc-46f5-9585-20e42ba3b50d' datos={'jugador_numero': 1, 'adversario_numero': 10}
2025-05-15 19:12:25 [ERROR] client: Mensaje de error del servidor. Mensaje enviado: mensaje_id='MARCAR_ADVERSARIO' token='TOKEN-2913f659-71dc-46f5-9585-20e42ba3b50d' datos={'jugador_numero': 1, 'adversario_numero': 10}, Mensaje recibido: mensaje_id='ERROR' datos={'descripcion': 'PATEAR no se puede ejecturar por no poseer la pelota.'}
2025-05-15 19:12:25 [INFO] client: Reaccionar
2025-05-15 19:12:25 [INFO] utils: Posiciones base inicializadas: {1: Coordenada(x=6, y=19), 2: Coordenada(x=1, y=16), 3: Coordenada(x=4, y=16), 4: Coordenada(x=8, y=16), 5: Coordenada(x=11, y=16), 6: Coordenada(x=3, y=13), 7: Coordenada(x=6, y=13), 8: Coordenada(x=9, y=13), 9: Coordenada(x=6, y=10), 10: Coordenada(x=8, y=10), 11: Coordenada(x=4, y=10)}
2025-05-15 19:12:25 [INFO] utils: Jugador mas cercano 9
2025-05-15 19:12:25 [INFO] client: Accion enviada. Mensaje: mensaje_id='MARCAR_ADVERSARIO' token='TOKEN-2913f659-71dc-46f5-9585-20e42ba3b50d' datos={'jugador_numero': 9, 'adversario_numero': 1}
2025-05-15 19:12:25 [ERROR] client: Mensaje de error del servidor. Mensaje enviado: mensaje_id='MARCAR_ADVERSARIO' token='TOKEN-2913f659-71dc-46f5-9585-20e42ba3b50d' datos={'jugador_numero': 9, 'adversario_numero': 1}, Mensaje recibido: mensaje_id='ERROR' datos={'descripcion': 'PATEAR no se puede ejecturar por no poseer la pelota.'}
2025-05-15 19:12:25 [INFO] client: Reaccionar
2025-05-15 19:12:25 [INFO] utils: Posiciones base inicializadas: {1: Coordenada(x=6, y=19), 2: Coordenada(x=1, y=16), 3: Coordenada(x=4, y=16), 4: Coordenada(x=8, y=16), 5: Coordenada(x=11, y=16), 6: Coordenada(x=3, y=13), 7: Coordenada(x=6, y=13), 8: Coordenada(x=9, y=13), 9: Coordenada(x=6, y=10), 10: Coordenada(x=8, y=10), 11: Coordenada(x=4, y=10)}
2025-05-15 19:12:25 [INFO] utils: Jugador mas cercano 10
2025-05-15 19:12:25 [INFO] client: Accion enviada. Mensaje: mensaje_id='MARCAR_ADVERSARIO' token='TOKEN-2913f659-71dc-46f5-9585-20e42ba3b50d' datos={'jugador_numero': 10, 'adversario_numero': 1}
2025-05-15 19:12:26 [INFO] client: Reaccionar
2025-05-15 19:12:26 [INFO] utils: Posiciones base inicializadas: {1: Coordenada(x=6, y=19), 2: Coordenada(x=1, y=16), 3: Coordenada(x=4, y=16), 4: Coordenada(x=8, y=16), 5: Coordenada(x=11, y=16), 6: Coordenada(x=3, y=13), 7: Coordenada(x=6, y=13), 8: Coordenada(x=9, y=13), 9: Coordenada(x=6, y=10), 10: Coordenada(x=8, y=10), 11: Coordenada(x=4, y=10)}
2025-05-15 19:12:26 [INFO] utils: Jugador mas cercano 10
2025-05-15 19:12:26 [INFO] client: Accion enviada. Mensaje: mensaje_id='MARCAR_ADVERSARIO' token='TOKEN-2913f659-71dc-46f5-9585-20e42ba3b50d' datos={'jugador_numero': 10, 'adversario_numero': 1}
2025-05-15 19:12:26 [INFO] client: Reaccionar
2025-05-15 19:12:26 [INFO] utils: Posiciones base inicializadas: {1: Coordenada(x=6, y=19), 2: Coordenada(x=1, y=16), 3: Coordenada(x=4, y=16), 4: Coordenada(x=8, y=16), 5: Coordenada(x=11, y=16), 6: Coordenada(x=3, y=13), 7: Coordenada(x=6, y=13), 8: Coordenada(x=9, y=13), 9: Coordenada(x=6, y=10), 10: Coordenada(x=8, y=10), 11: Coordenada(x=4, y=10)}
2025-05-15 19:12:26 [INFO] utils: Jugador mas cercano 9
2025-05-15 19:12:26 [INFO] client: Accion enviada. Mensaje: mensaje_id='CORRER' token='TOKEN-2913f659-71dc-46f5-9585-20e42ba3b50d' datos={'movimientos': [{'jugador_numero': 9, 'x': 6, 'y': 4}]}
2025-05-15 19:12:26 [INFO] client: Reaccionar
2025-05-15 19:12:26 [INFO] utils: Posiciones base inicializadas: {1: Coordenada(x=6, y=19), 2: Coordenada(x=1, y=16), 3: Coordenada(x=4, y=16), 4: Coordenada(x=8, y=16), 5: Coordenada(x=11, y=16), 6: Coordenada(x=3, y=13), 7: Coordenada(x=6, y=13), 8: Coordenada(x=9, y=13), 9: Coordenada(x=8, y=8), 10: Coordenada(x=8, y=10), 11: Coordenada(x=4, y=10)}
2025-05-15 19:12:26 [INFO] utils: Jugador mas cercano 9
2025-05-15 19:12:26 [INFO] client: Accion enviada. Mensaje: mensaje_id='CORRER' token='TOKEN-2913f659-71dc-46f5-9585-20e42ba3b50d' datos={'movimientos': [{'jugador_numero': 9, 'x': 6, 'y': 4}]}
2025-05-15 19:12:26 [INFO] client: Reaccionar
2025-05-15 19:12:26 [INFO] utils: Posiciones base inicializadas: {1: Coordenada(x=6, y=19), 2: Coordenada(x=1, y=16), 3: Coordenada(x=4, y=16), 4: Coordenada(x=8, y=16), 5: Coordenada(x=11, y=16), 6: Coordenada(x=3, y=13), 7: Coordenada(x=6, y=13), 8: Coordenada(x=9, y=13), 9: Coordenada(x=8, y=8), 10: Coordenada(x=8, y=8), 11: Coordenada(x=4, y=10)}
2025-05-15 19:12:26 [INFO] utils: Jugador mas cercano 9
2025-05-15 19:12:26 [INFO] client: Accion enviada. Mensaje: mensaje_id='CORRER' token='TOKEN-2913f659-71dc-46f5-9585-20e42ba3b50d' datos={'movimientos': [{'jugador_numero': 9, 'x': 6, 'y': 4}]}
2025-05-15 19:12:26 [ERROR] mensajes: msg_id no interpretado. Data: {'mensaje_id': 'OCUPADO', 'datos': {'descripcion': 'El Servidor está ocupado en este momento. Intente más tarde.'}}
2025-05-15 19:12:26 [WARNING] client: Otro mensaje recibido.
Mensaje Enviado: mensaje_id='CORRER' token='TOKEN-2913f659-71dc-46f5-9585-20e42ba3b50d' datos={'movimientos': [{'jugador_numero': 9, 'x': 6, 'y': 4}]}

Mensaje recibido: None
2025-05-15 19:12:27 [INFO] client: Reaccionar
2025-05-15 19:12:27 [INFO] utils: Posiciones base inicializadas: {1: Coordenada(x=6, y=19), 2: Coordenada(x=1, y=16), 3: Coordenada(x=4, y=16), 4: Coordenada(x=8, y=16), 5: Coordenada(x=11, y=16), 6: Coordenada(x=3, y=13), 7: Coordenada(x=6, y=13), 8: Coordenada(x=9, y=13), 9: Coordenada(x=8, y=8), 10: Coordenada(x=8, y=8), 11: Coordenada(x=4, y=10)}
2025-05-15 19:12:27 [INFO] utils: Jugador mas cercano 9
2025-05-15 19:12:27 [INFO] client: Accion enviada. Mensaje: mensaje_id='CORRER' token='TOKEN-2913f659-71dc-46f5-9585-20e42ba3b50d' datos={'movimientos': [{'jugador_numero': 9, 'x': 6, 'y': 4}]}
2025-05-15 19:12:27 [INFO] client: Reaccionar
2025-05-15 19:12:27 [INFO] utils: Posiciones base inicializadas: {1: Coordenada(x=6, y=19), 2: Coordenada(x=1, y=16), 3: Coordenada(x=4, y=16), 4: Coordenada(x=8, y=16), 5: Coordenada(x=11, y=16), 6: Coordenada(x=3, y=13), 7: Coordenada(x=6, y=13), 8: Coordenada(x=9, y=13), 9: Coordenada(x=8, y=8), 10: Coordenada(x=8, y=8), 11: Coordenada(x=4, y=10)}
2025-05-15 19:12:27 [INFO] utils: Jugador mas cercano 9
2025-05-15 19:12:27 [INFO] client: Accion enviada. Mensaje: mensaje_id='CORRER' token='TOKEN-2913f659-71dc-46f5-9585-20e42ba3b50d' datos={'movimientos': [{'jugador_numero': 9, 'x': 6, 'y': 4}]}
2025-05-15 19:12:27 [INFO] client: Reaccionar
2025-05-15 19:12:27 [INFO] utils: Posiciones base inicializadas: {1: Coordenada(x=6, y=19), 2: Coordenada(x=1, y=16), 3: Coordenada(x=4, y=16), 4: Coordenada(x=8, y=16), 5: Coordenada(x=11, y=16), 6: Coordenada(x=3, y=13), 7: Coordenada(x=6, y=13), 8: Coordenada(x=9, y=13), 9: Coordenada(x=6, y=4), 10: Coordenada(x=8, y=8), 11: Coordenada(x=4, y=10)}
2025-05-15 19:12:27 [INFO] utils: Jugador mas cercano 9
2025-05-15 19:12:27 [INFO] client: Accion enviada. Mensaje: mensaje_id='MARCAR_ADVERSARIO' token='TOKEN-2913f659-71dc-46f5-9585-20e42ba3b50d' datos={'jugador_numero': 9, 'adversario_numero': 9}
2025-05-15 19:12:27 [INFO] client: Tienes la pelota!
2025-05-15 19:12:27 [INFO] client: Accion enviada. Mensaje: mensaje_id='PATEAR' token='TOKEN-2913f659-71dc-46f5-9585-20e42ba3b50d' datos={'x': 6, 'y': 0}
2025-05-15 19:12:27 [ERROR] mensajes: msg_id no interpretado. Data: {'mensaje_id': 'OCUPADO', 'datos': {'descripcion': 'El Servidor está ocupado en este momento. Intente más tarde.'}}
2025-05-15 19:12:27 [WARNING] client: Otro mensaje recibido.
Mensaje Enviado: mensaje_id='PATEAR' token='TOKEN-2913f659-71dc-46f5-9585-20e42ba3b50d' datos={'x': 6, 'y': 0}

Mensaje recibido: None
2025-05-15 19:12:28 [INFO] client: Reaccionar
2025-05-15 19:12:28 [INFO] utils: Posiciones base inicializadas: {1: Coordenada(x=6, y=19), 2: Coordenada(x=1, y=16), 3: Coordenada(x=4, y=16), 4: Coordenada(x=8, y=16), 5: Coordenada(x=11, y=16), 6: Coordenada(x=3, y=13), 7: Coordenada(x=6, y=13), 8: Coordenada(x=9, y=13), 9: Coordenada(x=6, y=4), 10: Coordenada(x=8, y=8), 11: Coordenada(x=4, y=10)}
2025-05-15 19:12:28 [INFO] utils: Jugador mas cercano 9
2025-05-15 19:12:28 [INFO] client: Accion enviada. Mensaje: mensaje_id='MARCAR_ADVERSARIO' token='TOKEN-2913f659-71dc-46f5-9585-20e42ba3b50d' datos={'jugador_numero': 9, 'adversario_numero': 4}
2025-05-15 19:12:28 [INFO] client: Reaccionar
2025-05-15 19:12:28 [INFO] utils: Posiciones base inicializadas: {1: Coordenada(x=6, y=19), 2: Coordenada(x=1, y=16), 3: Coordenada(x=4, y=16), 4: Coordenada(x=8, y=16), 5: Coordenada(x=11, y=16), 6: Coordenada(x=3, y=13), 7: Coordenada(x=6, y=13), 8: Coordenada(x=9, y=13), 9: Coordenada(x=6, y=4), 10: Coordenada(x=8, y=8), 11: Coordenada(x=4, y=10)}
2025-05-15 19:12:28 [INFO] utils: Pelota en el aire.
2025-05-15 19:12:28 [INFO] utils: Jugador mas cercano 9
2025-05-15 19:12:28 [INFO] client: Accion enviada. Mensaje: mensaje_id='CORRER' token='TOKEN-2913f659-71dc-46f5-9585-20e42ba3b50d' datos={'movimientos': [{'jugador_numero': 9, 'x': 6, 'y': 4}]}
2025-05-15 19:12:28 [INFO] client: Reaccionar
2025-05-15 19:12:28 [INFO] utils: Posiciones base inicializadas: {1: Coordenada(x=6, y=19), 2: Coordenada(x=1, y=16), 3: Coordenada(x=4, y=16), 4: Coordenada(x=8, y=16), 5: Coordenada(x=11, y=16), 6: Coordenada(x=3, y=13), 7: Coordenada(x=6, y=13), 8: Coordenada(x=9, y=13), 9: Coordenada(x=6, y=4), 10: Coordenada(x=8, y=8), 11: Coordenada(x=4, y=10)}
2025-05-15 19:12:28 [INFO] utils: Jugador mas cercano 9
2025-05-15 19:12:28 [INFO] client: Accion enviada. Mensaje: mensaje_id='CORRER' token='TOKEN-2913f659-71dc-46f5-9585-20e42ba3b50d' datos={'movimientos': [{'jugador_numero': 9, 'x': 6, 'y': 4}]}
2025-05-15 19:12:28 [INFO] client: Tienes la pelota!
2025-05-15 19:12:28 [INFO] client: Accion enviada. Mensaje: mensaje_id='PATEAR' token='TOKEN-2913f659-71dc-46f5-9585-20e42ba3b50d' datos={'x': 6, 'y': 0}
2025-05-15 19:12:28 [ERROR] mensajes: msg_id no interpretado. Data: {'mensaje_id': 'OCUPADO', 'datos': {'descripcion': 'El Servidor está ocupado en este momento. Intente más tarde.'}}
2025-05-15 19:12:28 [WARNING] client: Otro mensaje recibido.
Mensaje Enviado: mensaje_id='PATEAR' token='TOKEN-2913f659-71dc-46f5-9585-20e42ba3b50d' datos={'x': 6, 'y': 0}

Mensaje recibido: None
2025-05-15 19:12:29 [INFO] client: Reaccionar
2025-05-15 19:12:29 [INFO] utils: Posiciones base inicializadas: {1: Coordenada(x=6, y=19), 2: Coordenada(x=1, y=16), 3: Coordenada(x=4, y=16), 4: Coordenada(x=8, y=16), 5: Coordenada(x=11, y=16), 6: Coordenada(x=3, y=13), 7: Coordenada(x=6, y=13), 8: Coordenada(x=9, y=13), 9: Coordenada(x=6, y=4), 10: Coordenada(x=8, y=8), 11: Coordenada(x=4, y=10)}
2025-05-15 19:12:29 [INFO] utils: Jugador mas cercano 9
2025-05-15 19:12:29 [INFO] client: Accion enviada. Mensaje: mensaje_id='MARCAR_ADVERSARIO' token='TOKEN-2913f659-71dc-46f5-9585-20e42ba3b50d' datos={'jugador_numero': 9, 'adversario_numero': 4}
2025-05-15 19:12:29 [INFO] client: Reaccionar
2025-05-15 19:12:29 [INFO] utils: Posiciones base inicializadas: {1: Coordenada(x=6, y=19), 2: Coordenada(x=1, y=16), 3: Coordenada(x=4, y=16), 4: Coordenada(x=8, y=16), 5: Coordenada(x=11, y=16), 6: Coordenada(x=3, y=13), 7: Coordenada(x=6, y=13), 8: Coordenada(x=9, y=13), 9: Coordenada(x=6, y=4), 10: Coordenada(x=8, y=8), 11: Coordenada(x=4, y=10)}
2025-05-15 19:12:29 [INFO] utils: Pelota en el aire.
2025-05-15 19:12:29 [INFO] utils: Jugador mas cercano 9
2025-05-15 19:12:29 [INFO] client: Accion enviada. Mensaje: mensaje_id='CORRER' token='TOKEN-2913f659-71dc-46f5-9585-20e42ba3b50d' datos={'movimientos': [{'jugador_numero': 9, 'x': 6, 'y': 4}]}
2025-05-15 19:12:29 [INFO] client: Reaccionar
2025-05-15 19:12:29 [INFO] utils: Posiciones base inicializadas: {1: Coordenada(x=6, y=19), 2: Coordenada(x=1, y=16), 3: Coordenada(x=4, y=16), 4: Coordenada(x=8, y=16), 5: Coordenada(x=11, y=16), 6: Coordenada(x=3, y=13), 7: Coordenada(x=6, y=13), 8: Coordenada(x=9, y=13), 9: Coordenada(x=6, y=4), 10: Coordenada(x=8, y=8), 11: Coordenada(x=4, y=10)}
2025-05-15 19:12:29 [INFO] utils: Jugador mas cercano 9
2025-05-15 19:12:29 [INFO] client: Accion enviada. Mensaje: mensaje_id='CORRER' token='TOKEN-2913f659-71dc-46f5-9585-20e42ba3b50d' datos={'movimientos': [{'jugador_numero': 9, 'x': 6, 'y': 6}]}
2025-05-15 19:12:29 [INFO] client: Tienes la pelota!
2025-05-15 19:12:29 [INFO] client: Accion enviada. Mensaje: mensaje_id='PATEAR' token='TOKEN-2913f659-71dc-46f5-9585-20e42ba3b50d' datos={'x': 6, 'y': 0}
2025-05-15 19:12:29 [ERROR] mensajes: msg_id no interpretado. Data: {'mensaje_id': 'OCUPADO', 'datos': {'descripcion': 'El Servidor está ocupado en este momento. Intente más tarde.'}}
2025-05-15 19:12:29 [WARNING] client: Otro mensaje recibido.
Mensaje Enviado: mensaje_id='PATEAR' token='TOKEN-2913f659-71dc-46f5-9585-20e42ba3b50d' datos={'x': 6, 'y': 0}

Mensaje recibido: None
2025-05-15 19:12:29 [INFO] client: Tienes la pelota!
2025-05-15 19:12:29 [INFO] client: Accion enviada. Mensaje: mensaje_id='PATEAR' token='TOKEN-2913f659-71dc-46f5-9585-20e42ba3b50d' datos={'x': 6, 'y': 0}
2025-05-15 19:12:29 [INFO] client: Tienes la pelota!
2025-05-15 19:12:29 [INFO] client: Accion enviada. Mensaje: mensaje_id='PATEAR' token='TOKEN-2913f659-71dc-46f5-9585-20e42ba3b50d' datos={'x': 6, 'y': 0}
2025-05-15 19:12:30 [ERROR] mensajes: msg_id no interpretado. Data: {'mensaje_id': 'GOL', 'destinatario': 'TOKEN-2913f659-71dc-46f5-9585-20e42ba3b50d', 'datos': [{'id': 'equipo:TOKEN-2913f659-71dc-46f5-9585-20e42ba3b50d', 'nombre': 'LANUS', 'formacion': '4-3-3', 'rol': 2, 'goles': 6, 'arco': [{'x': 5, 'y': 19}, {'x': 6, 'y': 19}, {'x': 7, 'y': 19}]}, {'tipo': 'cancha', 'id': 'cancha', 'equipo1': {'id': 'equipo:TOKEN-581c91bb-e060-4aaa-89eb-56f8d59e7482', 'nombre': 'BARCA', 'formacion': '5-3-2', 'rol': 1, 'goles': 0, 'arco': [{'x': 5, 'y': 0}, {'x': 6, 'y': 0}, {'x': 7, 'y': 0}]}, 'equipo2': {'id': 'equipo:TOKEN-2913f659-71dc-46f5-9585-20e42ba3b50d', 'nombre': 'LANUS', 'formacion': '4-3-3', 'rol': 2, 'goles': 6, 'arco': [{'x': 5, 'y': 19}, {'x': 6, 'y': 19}, {'x': 7, 'y': 19}]}, 'sectores': [{'id': 112, 'x': 8, 'y': 8, 'ocupantes': [{'numero': 1, 'nombre': 'Valdez', 'equipo_id': 'equipo:TOKEN-581c91bb-e060-4aaa-89eb-56f8d59e7482', 'sector_id': 112, 'tiene_la_pelota': False}, {'numero': 10, 'nombre': 'Merentiel', 'equipo_id': 'equipo:TOKEN-2913f659-71dc-46f5-9585-20e42ba3b50d', 'es_el_crack': True, 'sector_id': 112, 'tiene_la_pelota': False}]}, {'id': 64, 'x': 12, 'y': 4, 'ocupantes': [{'numero': 2, 'nombre': 'Pique', 'equipo_id': 'equipo:TOKEN-581c91bb-e060-4aaa-89eb-56f8d59e7482', 'sector_id': 64, 'tiene_la_pelota': False}]}, {'id': 48, 'x': 9, 'y': 3, 'ocupantes': [{'numero': 3, 'nombre': 'Puyol', 'equipo_id': 'equipo:TOKEN-581c91bb-e060-4aaa-89eb-56f8d59e7482', 'sector_id': 48, 'tiene_la_pelota': False}]}, {'id': 58, 'x': 6, 'y': 4, 'ocupantes': [{'numero': 4, 'nombre': 'Abidal', 'equipo_id': 'equipo:TOKEN-581c91bb-e060-4aaa-89eb-56f8d59e7482', 'sector_id': 58, 'tiene_la_pelota': False}, {'numero': 9, 'nombre': 'Zenón', 'equipo_id': 'equipo:TOKEN-2913f659-71dc-46f5-9585-20e42ba3b50d', 'sector_id': 58, 'tiene_la_pelota': True}]}, {'id': 42, 'x': 3, 'y': 3, 'ocupantes': [{'numero': 5, 'nombre': 'Dani Alves', 'equipo_id': 'equipo:TOKEN-581c91bb-e060-4aaa-89eb-56f8d59e7482', 'sector_id': 42, 'tiene_la_pelota': False}]}, {'id': 52, 'x': 0, 'y': 4, 'ocupantes': [{'numero': 6, 'nombre': 'Busquets', 'equipo_id': 'equipo:TOKEN-581c91bb-e060-4aaa-89eb-56f8d59e7482', 'sector_id': 52, 'tiene_la_pelota': False}]}, {'id': 93, 'x': 2, 'y': 7, 'ocupantes': [{'numero': 7, 'nombre': 'Xavi', 'equipo_id': 'equipo:TOKEN-581c91bb-e060-4aaa-89eb-56f8d59e7482', 'sector_id': 93, 'tiene_la_pelota': False}]}, {'id': 101, 'x': 10, 'y': 7, 'ocupantes': [{'numero': 8, 'nombre': 'Iniesta', 'equipo_id': 'equipo:TOKEN-581c91bb-e060-4aaa-89eb-56f8d59e7482', 'sector_id': 101, 'tiene_la_pelota': False}]}, {'id': 84, 'x': 6, 'y': 6, 'ocupantes': [{'numero': 9, 'nombre': 'Suarez', 'equipo_id': 'equipo:TOKEN-581c91bb-e060-4aaa-89eb-56f8d59e7482', 'sector_id': 84, 'tiene_la_pelota': False}]}, {'id': 121, 'x': 4, 'y': 9, 'ocupantes': [{'numero': 10, 'nombre': 'Messi', 'equipo_id': 'equipo:TOKEN-581c91bb-e060-4aaa-89eb-56f8d59e7482', 'es_el_crack': True, 'sector_id': 121, 'tiene_la_pelota': False}]}, {'id': 125, 'x': 8, 'y': 9, 'ocupantes': [{'numero': 11, 'nombre': 'Neymar Jr', 'equipo_id': 'equipo:TOKEN-581c91bb-e060-4aaa-89eb-56f8d59e7482', 'tiene_la_pelota': False, 'sector_id': 125}]}, {'id': 253, 'x': 6, 'y': 19, 'ocupantes': [{'numero': 1, 'nombre': 'Marchesin', 'equipo_id': 'equipo:TOKEN-2913f659-71dc-46f5-9585-20e42ba3b50d', 'sector_id': 253, 'tiene_la_pelota': False}]}, {'id': 209, 'x': 1, 'y': 16, 'ocupantes': [{'numero': 2, 'nombre': 'Rojo', 'equipo_id': 'equipo:TOKEN-2913f659-71dc-46f5-9585-20e42ba3b50d', 'sector_id': 209, 'tiene_la_pelota': False}]}, {'id': 212, 'x': 4, 'y': 16, 'ocupantes': [{'numero': 3, 'nombre': 'Blanco', 'equipo_id': 'equipo:TOKEN-2913f659-71dc-46f5-9585-20e42ba3b50d', 'sector_id': 212, 'tiene_la_pelota': False}]}, {'id': 216, 'x': 8, 'y': 16, 'ocupantes': [{'numero': 4, 'nombre': 'Advíncula', 'equipo_id': 'equipo:TOKEN-2913f659-71dc-46f5-9585-20e42ba3b50d', 'sector_id': 216, 'tiene_la_pelota': False}]}, {'id': 219, 'x': 11, 'y': 16, 'ocupantes': [{'numero': 5, 'nombre': 'Blondel', 'equipo_id': 'equipo:TOKEN-2913f659-71dc-46f5-9585-20e42ba3b50d', 'sector_id': 219, 'tiene_la_pelota': False}]}, {'id': 172, 'x': 3, 'y': 13, 'ocupantes': [{'numero': 6, 'nombre': 'Belmonte', 'equipo_id': 'equipo:TOKEN-2913f659-71dc-46f5-9585-20e42ba3b50d', 'sector_id': 172, 'tiene_la_pelota': False}]}, {'id': 175, 'x': 6, 'y': 13, 'ocupantes': [{'numero': 7, 'nombre': 'Palacios', 'equipo_id': 'equipo:TOKEN-2913f659-71dc-46f5-9585-20e42ba3b50d', 'sector_id': 175, 'tiene_la_pelota': False}]}, {'id': 178, 'x': 9, 'y': 13, 'ocupantes': [{'numero': 8, 'nombre': 'Delgado', 'equipo_id': 'equipo:TOKEN-2913f659-71dc-46f5-9585-20e42ba3b50d', 'sector_id': 178, 'tiene_la_pelota': False}]}, {'id': 134, 'x': 4, 'y': 10, 'ocupantes': [{'numero': 11, 'nombre': 'Cavani', 'equipo_id': 'equipo:TOKEN-2913f659-71dc-46f5-9585-20e42ba3b50d', 'tiene_la_pelota': False, 'sector_id': 134}]}], 'ubicacion_pelota': {'id': 7, 'x': 6, 'y': 0, 'esta_la_pelota': True}, 'time_stamp': '1747347149643'}, {'tipo': 'cancha', 'id': 'cancha_formada', 'equipo1': {'id': 'equipo:TOKEN-581c91bb-e060-4aaa-89eb-56f8d59e7482', 'nombre': 'BARCA', 'formacion': '5-3-2', 'rol': 1, 'goles': 0, 'arco': [{'x': 5, 'y': 0}, {'x': 6, 'y': 0}, {'x': 7, 'y': 0}]}, 'equipo2': {'id': 'equipo:TOKEN-2913f659-71dc-46f5-9585-20e42ba3b50d', 'nombre': 'LANUS', 'formacion': '4-3-3', 'rol': 2, 'goles': 6, 'arco': [{'x': 5, 'y': 19}, {'x': 6, 'y': 19}, {'x': 7, 'y': 19}]}, 'sectores': [{'id': 253, 'x': 6, 'y': 19, 'ocupantes': [{'numero': 1, 'nombre': 'Marchesin', 'equipo_id': 'equipo:TOKEN-2913f659-71dc-46f5-9585-20e42ba3b50d', 'sector_id': 253, 'tiene_la_pelota': False}]}, {'id': 209, 'x': 1, 'y': 16, 'ocupantes': [{'numero': 2, 'nombre': 'Rojo', 'equipo_id': 'equipo:TOKEN-2913f659-71dc-46f5-9585-20e42ba3b50d', 'sector_id': 209, 'tiene_la_pelota': False}]}, {'id': 212, 'x': 4, 'y': 16, 'ocupantes': [{'numero': 3, 'nombre': 'Blanco', 'equipo_id': 'equipo:TOKEN-2913f659-71dc-46f5-9585-20e42ba3b50d', 'sector_id': 212, 'tiene_la_pelota': False}]}, {'id': 216, 'x': 8, 'y': 16, 'ocupantes': [{'numero': 4, 'nombre': 'Advíncula', 'equipo_id': 'equipo:TOKEN-2913f659-71dc-46f5-9585-20e42ba3b50d', 'sector_id': 216, 'tiene_la_pelota': False}]}, {'id': 219, 'x': 11, 'y': 16, 'ocupantes': [{'numero': 5, 'nombre': 'Blondel', 'equipo_id': 'equipo:TOKEN-2913f659-71dc-46f5-9585-20e42ba3b50d', 'sector_id': 219, 'tiene_la_pelota': False}]}, {'id': 172, 'x': 3, 'y': 13, 'ocupantes': [{'numero': 6, 'nombre': 'Belmonte', 'equipo_id': 'equipo:TOKEN-2913f659-71dc-46f5-9585-20e42ba3b50d', 'sector_id': 172, 'tiene_la_pelota': False}]}, {'id': 175, 'x': 6, 'y': 13, 'ocupantes': [{'numero': 7, 'nombre': 'Palacios', 'equipo_id': 'equipo:TOKEN-2913f659-71dc-46f5-9585-20e42ba3b50d', 'sector_id': 175, 'tiene_la_pelota': False}]}, {'id': 178, 'x': 9, 'y': 13, 'ocupantes': [{'numero': 8, 'nombre': 'Delgado', 'equipo_id': 'equipo:TOKEN-2913f659-71dc-46f5-9585-20e42ba3b50d', 'sector_id': 178, 'tiene_la_pelota': False}]}, {'id': 136, 'x': 6, 'y': 10, 'ocupantes': [{'numero': 9, 'nombre': 'Zenón', 'equipo_id': 'equipo:TOKEN-2913f659-71dc-46f5-9585-20e42ba3b50d', 'sector_id': 136, 'tiene_la_pelota': False}]}, {'id': 138, 'x': 8, 'y': 10, 'ocupantes': [{'numero': 10, 'nombre': 'Merentiel', 'equipo_id': 'equipo:TOKEN-2913f659-71dc-46f5-9585-20e42ba3b50d', 'es_el_crack': True, 'sector_id': 138, 'tiene_la_pelota': False}]}, {'id': 134, 'x': 4, 'y': 10, 'ocupantes': [{'numero': 11, 'nombre': 'Cavani', 'equipo_id': 'equipo:TOKEN-2913f659-71dc-46f5-9585-20e42ba3b50d', 'tiene_la_pelota': False, 'sector_id': 134}]}, {'id': 6, 'x': 6, 'y': 0, 'ocupantes': [{'numero': 1, 'nombre': 'Valdez', 'equipo_id': 'equipo:TOKEN-581c91bb-e060-4aaa-89eb-56f8d59e7482', 'sector_id': 6}]}, {'id': 64, 'x': 12, 'y': 4, 'ocupantes': [{'numero': 2, 'nombre': 'Pique', 'equipo_id': 'equipo:TOKEN-581c91bb-e060-4aaa-89eb-56f8d59e7482', 'sector_id': 64}]}, {'id': 48, 'x': 9, 'y': 3, 'ocupantes': [{'numero': 3, 'nombre': 'Puyol', 'equipo_id': 'equipo:TOKEN-581c91bb-e060-4aaa-89eb-56f8d59e7482', 'sector_id': 48}]}, {'id': 45, 'x': 6, 'y': 3, 'ocupantes': [{'numero': 4, 'nombre': 'Abidal', 'equipo_id': 'equipo:TOKEN-581c91bb-e060-4aaa-89eb-56f8d59e7482', 'sector_id': 45}]}, {'id': 42, 'x': 3, 'y': 3, 'ocupantes': [{'numero': 5, 'nombre': 'Dani Alves', 'equipo_id': 'equipo:TOKEN-581c91bb-e060-4aaa-89eb-56f8d59e7482', 'sector_id': 42}]}, {'id': 52, 'x': 0, 'y': 4, 'ocupantes': [{'numero': 6, 'nombre': 'Busquets', 'equipo_id': 'equipo:TOKEN-581c91bb-e060-4aaa-89eb-56f8d59e7482', 'sector_id': 52}]}, {'id': 93, 'x': 2, 'y': 7, 'ocupantes': [{'numero': 7, 'nombre': 'Xavi', 'equipo_id': 'equipo:TOKEN-581c91bb-e060-4aaa-89eb-56f8d59e7482', 'sector_id': 93}]}, {'id': 101, 'x': 10, 'y': 7, 'ocupantes': [{'numero': 8, 'nombre': 'Iniesta', 'equipo_id': 'equipo:TOKEN-581c91bb-e060-4aaa-89eb-56f8d59e7482', 'sector_id': 101}]}, {'id': 84, 'x': 6, 'y': 6, 'ocupantes': [{'numero': 9, 'nombre': 'Suarez', 'equipo_id': 'equipo:TOKEN-581c91bb-e060-4aaa-89eb-56f8d59e7482', 'sector_id': 84}]}, {'id': 121, 'x': 4, 'y': 9, 'ocupantes': [{'numero': 10, 'nombre': 'Messi', 'equipo_id': 'equipo:TOKEN-581c91bb-e060-4aaa-89eb-56f8d59e7482', 'es_el_crack': True, 'sector_id': 121}]}, {'id': 125, 'x': 8, 'y': 9, 'ocupantes': [{'numero': 11, 'nombre': 'Neymar Jr', 'equipo_id': 'equipo:TOKEN-581c91bb-e060-4aaa-89eb-56f8d59e7482', 'tiene_la_pelota': True, 'sector_id': 125}]}], 'ubicacion_pelota': {'id': 121, 'x': 4, 'y': 9}, 'time_stamp': '1747346998161'}, {'tipo': 'reloj', 'reloj': 28511}]}
2025-05-15 19:12:30 [WARNING] client: Otro mensaje recibido.
Mensaje Enviado: mensaje_id='PATEAR' token='TOKEN-2913f659-71dc-46f5-9585-20e42ba3b50d' datos={'x': 6, 'y': 0}

Mensaje recibido: None
2025-05-15 19:12:30 [INFO] client: Reaccionar
2025-05-15 19:12:30 [INFO] utils: Posiciones base inicializadas: {1: Coordenada(x=6, y=19), 2: Coordenada(x=1, y=16), 3: Coordenada(x=4, y=16), 4: Coordenada(x=8, y=16), 5: Coordenada(x=11, y=16), 6: Coordenada(x=3, y=13), 7: Coordenada(x=6, y=13), 8: Coordenada(x=9, y=13), 9: Coordenada(x=6, y=10), 10: Coordenada(x=8, y=10), 11: Coordenada(x=4, y=10)}
2025-05-15 19:12:30 [INFO] utils: Jugador mas cercano 10
2025-05-15 19:12:30 [INFO] client: Accion enviada. Mensaje: mensaje_id='MARCAR_ADVERSARIO' token='TOKEN-2913f659-71dc-46f5-9585-20e42ba3b50d' datos={'jugador_numero': 10, 'adversario_numero': 11}
2025-05-15 19:12:31 [INFO] client: Reaccionar
2025-05-15 19:12:31 [INFO] utils: Posiciones base inicializadas: {1: Coordenada(x=6, y=19), 2: Coordenada(x=1, y=16), 3: Coordenada(x=4, y=16), 4: Coordenada(x=8, y=16), 5: Coordenada(x=11, y=16), 6: Coordenada(x=3, y=13), 7: Coordenada(x=6, y=13), 8: Coordenada(x=9, y=13), 9: Coordenada(x=6, y=10), 10: Coordenada(x=8, y=10), 11: Coordenada(x=4, y=10)}
2025-05-15 19:12:31 [INFO] utils: Jugador mas cercano 10
2025-05-15 19:12:31 [INFO] client: Accion enviada. Mensaje: mensaje_id='MARCAR_ADVERSARIO' token='TOKEN-2913f659-71dc-46f5-9585-20e42ba3b50d' datos={'jugador_numero': 10, 'adversario_numero': 11}
2025-05-15 19:12:31 [INFO] client: Tienes la pelota!
2025-05-15 19:12:31 [INFO] client: Accion enviada. Mensaje: mensaje_id='PATEAR' token='TOKEN-2913f659-71dc-46f5-9585-20e42ba3b50d' datos={'x': 6, 'y': 0}
2025-05-15 19:12:32 [INFO] client: Tienes la pelota!
2025-05-15 19:12:32 [INFO] client: Accion enviada. Mensaje: mensaje_id='PATEAR' token='TOKEN-2913f659-71dc-46f5-9585-20e42ba3b50d' datos={'x': 6, 'y': 0}
2025-05-15 19:12:32 [INFO] client: Tienes la pelota!
2025-05-15 19:12:32 [INFO] client: Accion enviada. Mensaje: mensaje_id='PATEAR' token='TOKEN-2913f659-71dc-46f5-9585-20e42ba3b50d' datos={'x': 6, 'y': 0}
2025-05-15 19:12:32 [INFO] client: Reaccionar
2025-05-15 19:12:32 [INFO] utils: Posiciones base inicializadas: {1: Coordenada(x=6, y=19), 2: Coordenada(x=1, y=16), 3: Coordenada(x=4, y=16), 4: Coordenada(x=8, y=16), 5: Coordenada(x=11, y=16), 6: Coordenada(x=3, y=13), 7: Coordenada(x=6, y=13), 8: Coordenada(x=9, y=13), 9: Coordenada(x=6, y=10), 10: Coordenada(x=8, y=9), 11: Coordenada(x=4, y=10)}
2025-05-15 19:12:32 [INFO] utils: Jugador mas cercano 10
2025-05-15 19:12:32 [INFO] client: Accion enviada. Mensaje: mensaje_id='CORRER' token='TOKEN-2913f659-71dc-46f5-9585-20e42ba3b50d' datos={'movimientos': [{'jugador_numero': 10, 'x': 7, 'y': 5}]}
2025-05-15 19:12:32 [ERROR] mensajes: msg_id no interpretado. Data: {'mensaje_id': 'OCUPADO', 'datos': {'descripcion': 'El Servidor está ocupado en este momento. Intente más tarde.'}}
2025-05-15 19:12:32 [WARNING] client: Otro mensaje recibido.
Mensaje Enviado: mensaje_id='CORRER' token='TOKEN-2913f659-71dc-46f5-9585-20e42ba3b50d' datos={'movimientos': [{'jugador_numero': 10, 'x': 7, 'y': 5}]}

Mensaje recibido: None
2025-05-15 19:12:33 [ERROR] client: Mensaje de error del servidor. Mensaje enviado: mensaje_id='CORRER' token='TOKEN-2913f659-71dc-46f5-9585-20e42ba3b50d' datos={'movimientos': [{'jugador_numero': 10, 'x': 7, 'y': 5}]}, Mensaje recibido: mensaje_id='ERROR' datos={'descripcion': 'PATEAR no se puede ejecturar por no poseer la pelota.'}
2025-05-15 19:12:33 [INFO] client: Reaccionar
2025-05-15 19:12:33 [INFO] utils: Posiciones base inicializadas: {1: Coordenada(x=6, y=19), 2: Coordenada(x=1, y=16), 3: Coordenada(x=4, y=16), 4: Coordenada(x=8, y=16), 5: Coordenada(x=11, y=16), 6: Coordenada(x=3, y=13), 7: Coordenada(x=6, y=13), 8: Coordenada(x=9, y=13), 9: Coordenada(x=6, y=10), 10: Coordenada(x=8, y=9), 11: Coordenada(x=4, y=10)}
2025-05-15 19:12:33 [INFO] utils: Jugador mas cercano 10
2025-05-15 19:12:33 [INFO] client: Accion enviada. Mensaje: mensaje_id='CORRER' token='TOKEN-2913f659-71dc-46f5-9585-20e42ba3b50d' datos={'movimientos': [{'jugador_numero': 10, 'x': 7, 'y': 5}]}
2025-05-15 19:12:33 [ERROR] client: Mensaje de error del servidor. Mensaje enviado: mensaje_id='CORRER' token='TOKEN-2913f659-71dc-46f5-9585-20e42ba3b50d' datos={'movimientos': [{'jugador_numero': 10, 'x': 7, 'y': 5}]}, Mensaje recibido: mensaje_id='ERROR' datos={'descripcion': 'PATEAR no se puede ejecturar por no poseer la pelota.'}
2025-05-15 19:12:33 [INFO] client: Reaccionar
2025-05-15 19:12:33 [INFO] utils: Posiciones base inicializadas: {1: Coordenada(x=6, y=19), 2: Coordenada(x=1, y=16), 3: Coordenada(x=4, y=16), 4: Coordenada(x=8, y=16), 5: Coordenada(x=11, y=16), 6: Coordenada(x=3, y=13), 7: Coordenada(x=6, y=13), 8: Coordenada(x=9, y=13), 9: Coordenada(x=6, y=10), 10: Coordenada(x=8, y=9), 11: Coordenada(x=4, y=10)}
2025-05-15 19:12:33 [INFO] utils: Jugador mas cercano 10
2025-05-15 19:12:33 [INFO] client: Accion enviada. Mensaje: mensaje_id='CORRER' token='TOKEN-2913f659-71dc-46f5-9585-20e42ba3b50d' datos={'movimientos': [{'jugador_numero': 10, 'x': 7, 'y': 5}]}
2025-05-15 19:12:34 [INFO] client: Reaccionar
2025-05-15 19:12:34 [INFO] utils: Posiciones base inicializadas: {1: Coordenada(x=6, y=19), 2: Coordenada(x=1, y=16), 3: Coordenada(x=4, y=16), 4: Coordenada(x=8, y=16), 5: Coordenada(x=11, y=16), 6: Coordenada(x=3, y=13), 7: Coordenada(x=6, y=13), 8: Coordenada(x=9, y=13), 9: Coordenada(x=6, y=10), 10: Coordenada(x=8, y=9), 11: Coordenada(x=4, y=10)}
2025-05-15 19:12:34 [INFO] utils: Jugador mas cercano 10
2025-05-15 19:12:34 [INFO] client: Accion enviada. Mensaje: mensaje_id='CORRER' token='TOKEN-2913f659-71dc-46f5-9585-20e42ba3b50d' datos={'movimientos': [{'jugador_numero': 10, 'x': 7, 'y': 5}]}
2025-05-15 19:12:34 [INFO] client: Reaccionar
2025-05-15 19:12:34 [INFO] utils: Posiciones base inicializadas: {1: Coordenada(x=6, y=19), 2: Coordenada(x=1, y=16), 3: Coordenada(x=4, y=16), 4: Coordenada(x=8, y=16), 5: Coordenada(x=11, y=16), 6: Coordenada(x=3, y=13), 7: Coordenada(x=6, y=13), 8: Coordenada(x=9, y=13), 9: Coordenada(x=6, y=10), 10: Coordenada(x=8, y=9), 11: Coordenada(x=4, y=10)}
2025-05-15 19:12:34 [INFO] utils: Jugador mas cercano 10
2025-05-15 19:12:34 [INFO] client: Accion enviada. Mensaje: mensaje_id='CORRER' token='TOKEN-2913f659-71dc-46f5-9585-20e42ba3b50d' datos={'movimientos': [{'jugador_numero': 10, 'x': 7, 'y': 5}]}
2025-05-15 19:12:34 [INFO] client: Reaccionar
2025-05-15 19:12:34 [INFO] utils: Posiciones base inicializadas: {1: Coordenada(x=6, y=19), 2: Coordenada(x=1, y=16), 3: Coordenada(x=4, y=16), 4: Coordenada(x=8, y=16), 5: Coordenada(x=11, y=16), 6: Coordenada(x=3, y=13), 7: Coordenada(x=6, y=13), 8: Coordenada(x=9, y=13), 9: Coordenada(x=6, y=10), 10: Coordenada(x=7, y=5), 11: Coordenada(x=4, y=10)}
2025-05-15 19:12:34 [INFO] utils: Jugador mas cercano 11
2025-05-15 19:12:34 [INFO] client: Accion enviada. Mensaje: mensaje_id='MARCAR_ADVERSARIO' token='TOKEN-2913f659-71dc-46f5-9585-20e42ba3b50d' datos={'jugador_numero': 11, 'adversario_numero': 10}
2025-05-15 19:12:34 [INFO] client: Reaccionar
2025-05-15 19:12:34 [INFO] utils: Posiciones base inicializadas: {1: Coordenada(x=6, y=19), 2: Coordenada(x=1, y=16), 3: Coordenada(x=4, y=16), 4: Coordenada(x=8, y=16), 5: Coordenada(x=11, y=16), 6: Coordenada(x=3, y=13), 7: Coordenada(x=6, y=13), 8: Coordenada(x=9, y=13), 9: Coordenada(x=6, y=10), 10: Coordenada(x=7, y=5), 11: Coordenada(x=4, y=10)}
2025-05-15 19:12:34 [INFO] utils: Jugador mas cercano 10
2025-05-15 19:12:34 [INFO] client: Accion enviada. Mensaje: mensaje_id='MARCAR_ADVERSARIO' token='TOKEN-2913f659-71dc-46f5-9585-20e42ba3b50d' datos={'jugador_numero': 10, 'adversario_numero': 9}
2025-05-15 19:12:34 [ERROR] mensajes: msg_id no interpretado. Data: {'mensaje_id': 'OCUPADO', 'datos': {'descripcion': 'El Servidor está ocupado en este momento. Intente más tarde.'}}
2025-05-15 19:12:34 [WARNING] client: Otro mensaje recibido.
Mensaje Enviado: mensaje_id='MARCAR_ADVERSARIO' token='TOKEN-2913f659-71dc-46f5-9585-20e42ba3b50d' datos={'jugador_numero': 10, 'adversario_numero': 9}

Mensaje recibido: None
2025-05-15 19:12:35 [INFO] client: Reaccionar
2025-05-15 19:12:35 [INFO] utils: Posiciones base inicializadas: {1: Coordenada(x=6, y=19), 2: Coordenada(x=1, y=16), 3: Coordenada(x=4, y=16), 4: Coordenada(x=8, y=16), 5: Coordenada(x=11, y=16), 6: Coordenada(x=3, y=13), 7: Coordenada(x=6, y=13), 8: Coordenada(x=9, y=13), 9: Coordenada(x=6, y=10), 10: Coordenada(x=7, y=5), 11: Coordenada(x=4, y=10)}
2025-05-15 19:12:35 [INFO] utils: Jugador mas cercano 10
2025-05-15 19:12:35 [INFO] client: Accion enviada. Mensaje: mensaje_id='MARCAR_ADVERSARIO' token='TOKEN-2913f659-71dc-46f5-9585-20e42ba3b50d' datos={'jugador_numero': 10, 'adversario_numero': 9}
2025-05-15 19:12:35 [INFO] client: Tienes la pelota!
2025-05-15 19:12:35 [INFO] client: Accion enviada. Mensaje: mensaje_id='PATEAR' token='TOKEN-2913f659-71dc-46f5-9585-20e42ba3b50d' datos={'x': 6, 'y': 0}
2025-05-15 19:12:35 [INFO] client: Tienes la pelota!
2025-05-15 19:12:35 [INFO] client: Accion enviada. Mensaje: mensaje_id='PATEAR' token='TOKEN-2913f659-71dc-46f5-9585-20e42ba3b50d' datos={'x': 6, 'y': 0}
2025-05-15 19:12:35 [INFO] client: Tienes la pelota!
2025-05-15 19:12:35 [INFO] client: Accion enviada. Mensaje: mensaje_id='PATEAR' token='TOKEN-2913f659-71dc-46f5-9585-20e42ba3b50d' datos={'x': 6, 'y': 0}
2025-05-15 19:12:35 [ERROR] mensajes: msg_id no interpretado. Data: {'mensaje_id': 'OCUPADO', 'datos': {'descripcion': 'El Servidor está ocupado en este momento. Intente más tarde.'}}
2025-05-15 19:12:35 [WARNING] client: Otro mensaje recibido.
Mensaje Enviado: mensaje_id='PATEAR' token='TOKEN-2913f659-71dc-46f5-9585-20e42ba3b50d' datos={'x': 6, 'y': 0}

Mensaje recibido: None
2025-05-15 19:12:35 [INFO] client: Reaccionar
2025-05-15 19:12:35 [INFO] utils: Posiciones base inicializadas: {1: Coordenada(x=6, y=19), 2: Coordenada(x=1, y=16), 3: Coordenada(x=4, y=16), 4: Coordenada(x=8, y=16), 5: Coordenada(x=11, y=16), 6: Coordenada(x=3, y=13), 7: Coordenada(x=6, y=13), 8: Coordenada(x=9, y=13), 9: Coordenada(x=6, y=10), 10: Coordenada(x=7, y=5), 11: Coordenada(x=4, y=10)}
2025-05-15 19:12:35 [INFO] utils: Jugador mas cercano 10
2025-05-15 19:12:35 [INFO] client: Accion enviada. Mensaje: mensaje_id='MARCAR_ADVERSARIO' token='TOKEN-2913f659-71dc-46f5-9585-20e42ba3b50d' datos={'jugador_numero': 10, 'adversario_numero': 9}
2025-05-15 19:12:35 [INFO] client: Reaccionar
2025-05-15 19:12:35 [INFO] utils: Posiciones base inicializadas: {1: Coordenada(x=6, y=19), 2: Coordenada(x=1, y=16), 3: Coordenada(x=4, y=16), 4: Coordenada(x=8, y=16), 5: Coordenada(x=11, y=16), 6: Coordenada(x=3, y=13), 7: Coordenada(x=6, y=13), 8: Coordenada(x=9, y=13), 9: Coordenada(x=6, y=10), 10: Coordenada(x=7, y=5), 11: Coordenada(x=4, y=10)}
2025-05-15 19:12:35 [INFO] utils: Jugador mas cercano 10
2025-05-15 19:12:35 [INFO] client: Accion enviada. Mensaje: mensaje_id='MARCAR_ADVERSARIO' token='TOKEN-2913f659-71dc-46f5-9585-20e42ba3b50d' datos={'jugador_numero': 10, 'adversario_numero': 9}
2025-05-15 19:12:35 [ERROR] client: Mensaje de error del servidor. Mensaje enviado: mensaje_id='MARCAR_ADVERSARIO' token='TOKEN-2913f659-71dc-46f5-9585-20e42ba3b50d' datos={'jugador_numero': 10, 'adversario_numero': 9}, Mensaje recibido: mensaje_id='ERROR' datos={'descripcion': 'PATEAR no se puede ejecturar por no poseer la pelota.'}
2025-05-15 19:12:35 [INFO] client: Tienes la pelota!
2025-05-15 19:12:35 [INFO] client: Accion enviada. Mensaje: mensaje_id='PATEAR' token='TOKEN-2913f659-71dc-46f5-9585-20e42ba3b50d' datos={'x': 6, 'y': 0}
2025-05-15 19:12:36 [INFO] client: Reaccionar
2025-05-15 19:12:36 [INFO] utils: Posiciones base inicializadas: {1: Coordenada(x=6, y=19), 2: Coordenada(x=1, y=16), 3: Coordenada(x=4, y=16), 4: Coordenada(x=8, y=16), 5: Coordenada(x=11, y=16), 6: Coordenada(x=3, y=13), 7: Coordenada(x=6, y=13), 8: Coordenada(x=9, y=13), 9: Coordenada(x=6, y=10), 10: Coordenada(x=7, y=5), 11: Coordenada(x=4, y=10)}
2025-05-15 19:12:36 [INFO] utils: Jugador mas cercano 10
2025-05-15 19:12:36 [INFO] client: Accion enviada. Mensaje: mensaje_id='MARCAR_ADVERSARIO' token='TOKEN-2913f659-71dc-46f5-9585-20e42ba3b50d' datos={'jugador_numero': 10, 'adversario_numero': 9}
2025-05-15 19:12:36 [INFO] client: Reaccionar
2025-05-15 19:12:36 [INFO] utils: Posiciones base inicializadas: {1: Coordenada(x=6, y=19), 2: Coordenada(x=1, y=16), 3: Coordenada(x=4, y=16), 4: Coordenada(x=8, y=16), 5: Coordenada(x=11, y=16), 6: Coordenada(x=3, y=13), 7: Coordenada(x=6, y=13), 8: Coordenada(x=9, y=13), 9: Coordenada(x=6, y=10), 10: Coordenada(x=7, y=5), 11: Coordenada(x=4, y=10)}
2025-05-15 19:12:36 [INFO] utils: Jugador mas cercano 11
2025-05-15 19:12:36 [INFO] client: Accion enviada. Mensaje: mensaje_id='MARCAR_ADVERSARIO' token='TOKEN-2913f659-71dc-46f5-9585-20e42ba3b50d' datos={'jugador_numero': 11, 'adversario_numero': 10}
2025-05-15 19:12:36 [INFO] client: Reaccionar
2025-05-15 19:12:36 [INFO] utils: Posiciones base inicializadas: {1: Coordenada(x=6, y=19), 2: Coordenada(x=1, y=16), 3: Coordenada(x=4, y=16), 4: Coordenada(x=8, y=16), 5: Coordenada(x=11, y=16), 6: Coordenada(x=3, y=13), 7: Coordenada(x=6, y=13), 8: Coordenada(x=9, y=13), 9: Coordenada(x=6, y=10), 10: Coordenada(x=7, y=5), 11: Coordenada(x=4, y=10)}
2025-05-15 19:12:36 [INFO] utils: Jugador mas cercano 10
2025-05-15 19:12:36 [INFO] client: Accion enviada. Mensaje: mensaje_id='CORRER' token='TOKEN-2913f659-71dc-46f5-9585-20e42ba3b50d' datos={'movimientos': [{'jugador_numero': 10, 'x': 9, 'y': 3}]}
2025-05-15 19:12:36 [INFO] client: Reaccionar
2025-05-15 19:12:36 [INFO] utils: Posiciones base inicializadas: {1: Coordenada(x=6, y=19), 2: Coordenada(x=1, y=16), 3: Coordenada(x=4, y=16), 4: Coordenada(x=8, y=16), 5: Coordenada(x=11, y=16), 6: Coordenada(x=3, y=13), 7: Coordenada(x=6, y=13), 8: Coordenada(x=9, y=13), 9: Coordenada(x=6, y=10), 10: Coordenada(x=7, y=5), 11: Coordenada(x=4, y=10)}
2025-05-15 19:12:36 [INFO] utils: Jugador mas cercano 10
2025-05-15 19:12:36 [INFO] client: Accion enviada. Mensaje: mensaje_id='MARCAR_ADVERSARIO' token='TOKEN-2913f659-71dc-46f5-9585-20e42ba3b50d' datos={'jugador_numero': 10, 'adversario_numero': 9}
2025-05-15 19:12:36 [ERROR] mensajes: msg_id no interpretado. Data: {'mensaje_id': 'OCUPADO', 'datos': {'descripcion': 'El Servidor está ocupado en este momento. Intente más tarde.'}}
2025-05-15 19:12:36 [WARNING] client: Otro mensaje recibido.
Mensaje Enviado: mensaje_id='MARCAR_ADVERSARIO' token='TOKEN-2913f659-71dc-46f5-9585-20e42ba3b50d' datos={'jugador_numero': 10, 'adversario_numero': 9}

Mensaje recibido: None
2025-05-15 19:12:36 [INFO] client: Tienes la pelota!
2025-05-15 19:12:36 [INFO] client: Accion enviada. Mensaje: mensaje_id='PATEAR' token='TOKEN-2913f659-71dc-46f5-9585-20e42ba3b50d' datos={'x': 6, 'y': 0}
2025-05-15 19:12:36 [INFO] client: Tienes la pelota!
2025-05-15 19:12:36 [INFO] client: Accion enviada. Mensaje: mensaje_id='PATEAR' token='TOKEN-2913f659-71dc-46f5-9585-20e42ba3b50d' datos={'x': 6, 'y': 0}
2025-05-15 19:12:37 [INFO] client: Reaccionar
2025-05-15 19:12:37 [INFO] utils: Posiciones base inicializadas: {1: Coordenada(x=6, y=19), 2: Coordenada(x=1, y=16), 3: Coordenada(x=4, y=16), 4: Coordenada(x=8, y=16), 5: Coordenada(x=11, y=16), 6: Coordenada(x=3, y=13), 7: Coordenada(x=6, y=13), 8: Coordenada(x=9, y=13), 9: Coordenada(x=6, y=10), 10: Coordenada(x=7, y=5), 11: Coordenada(x=4, y=10)}
2025-05-15 19:12:37 [INFO] utils: Jugador mas cercano 10
2025-05-15 19:12:37 [INFO] client: Accion enviada. Mensaje: mensaje_id='CORRER' token='TOKEN-2913f659-71dc-46f5-9585-20e42ba3b50d' datos={'movimientos': [{'jugador_numero': 10, 'x': 6, 'y': 1}]}
2025-05-15 19:12:37 [ERROR] client: Mensaje de error del servidor. Mensaje enviado: mensaje_id='CORRER' token='TOKEN-2913f659-71dc-46f5-9585-20e42ba3b50d' datos={'movimientos': [{'jugador_numero': 10, 'x': 6, 'y': 1}]}, Mensaje recibido: mensaje_id='ERROR' datos={'descripcion': 'PATEAR no se puede ejecturar por no poseer la pelota.'}
2025-05-15 19:12:37 [INFO] client: Reaccionar
2025-05-15 19:12:37 [INFO] utils: Posiciones base inicializadas: {1: Coordenada(x=6, y=19), 2: Coordenada(x=1, y=16), 3: Coordenada(x=4, y=16), 4: Coordenada(x=8, y=16), 5: Coordenada(x=11, y=16), 6: Coordenada(x=3, y=13), 7: Coordenada(x=6, y=13), 8: Coordenada(x=9, y=13), 9: Coordenada(x=6, y=10), 10: Coordenada(x=7, y=5), 11: Coordenada(x=4, y=10)}
2025-05-15 19:12:37 [INFO] utils: Jugador mas cercano 10
2025-05-15 19:12:37 [INFO] client: Accion enviada. Mensaje: mensaje_id='CORRER' token='TOKEN-2913f659-71dc-46f5-9585-20e42ba3b50d' datos={'movimientos': [{'jugador_numero': 10, 'x': 6, 'y': 1}]}
2025-05-15 19:12:37 [INFO] client: Reaccionar
2025-05-15 19:12:37 [INFO] utils: Posiciones base inicializadas: {1: Coordenada(x=6, y=19), 2: Coordenada(x=1, y=16), 3: Coordenada(x=4, y=16), 4: Coordenada(x=8, y=16), 5: Coordenada(x=11, y=16), 6: Coordenada(x=3, y=13), 7: Coordenada(x=6, y=13), 8: Coordenada(x=9, y=13), 9: Coordenada(x=6, y=10), 10: Coordenada(x=7, y=5), 11: Coordenada(x=4, y=10)}
2025-05-15 19:12:37 [INFO] utils: Jugador mas cercano 10
2025-05-15 19:12:37 [INFO] client: Accion enviada. Mensaje: mensaje_id='CORRER' token='TOKEN-2913f659-71dc-46f5-9585-20e42ba3b50d' datos={'movimientos': [{'jugador_numero': 10, 'x': 6, 'y': 1}]}
2025-05-15 19:12:37 [ERROR] mensajes: msg_id no interpretado. Data: {'mensaje_id': 'OCUPADO', 'datos': {'descripcion': 'El Servidor está ocupado en este momento. Intente más tarde.'}}
2025-05-15 19:12:37 [WARNING] client: Otro mensaje recibido.
Mensaje Enviado: mensaje_id='CORRER' token='TOKEN-2913f659-71dc-46f5-9585-20e42ba3b50d' datos={'movimientos': [{'jugador_numero': 10, 'x': 6, 'y': 1}]}

Mensaje recibido: None
2025-05-15 19:12:38 [INFO] client: Tienes la pelota!
2025-05-15 19:12:38 [INFO] client: Accion enviada. Mensaje: mensaje_id='PATEAR' token='TOKEN-2913f659-71dc-46f5-9585-20e42ba3b50d' datos={'x': 6, 'y': 0}
2025-05-15 19:12:38 [INFO] client: Tienes la pelota!
2025-05-15 19:12:38 [INFO] client: Accion enviada. Mensaje: mensaje_id='PATEAR' token='TOKEN-2913f659-71dc-46f5-9585-20e42ba3b50d' datos={'x': 6, 'y': 0}
2025-05-15 19:12:38 [INFO] client: Reaccionar
2025-05-15 19:12:38 [INFO] utils: Posiciones base inicializadas: {1: Coordenada(x=6, y=19), 2: Coordenada(x=1, y=16), 3: Coordenada(x=4, y=16), 4: Coordenada(x=8, y=16), 5: Coordenada(x=11, y=16), 6: Coordenada(x=3, y=13), 7: Coordenada(x=6, y=13), 8: Coordenada(x=9, y=13), 9: Coordenada(x=6, y=10), 10: Coordenada(x=6, y=1), 11: Coordenada(x=4, y=10)}
2025-05-15 19:12:38 [INFO] utils: Jugador mas cercano 10
2025-05-15 19:12:38 [INFO] client: Accion enviada. Mensaje: mensaje_id='CORRER' token='TOKEN-2913f659-71dc-46f5-9585-20e42ba3b50d' datos={'movimientos': [{'jugador_numero': 10, 'x': 6, 'y': 1}]}
2025-05-15 19:12:38 [INFO] client: Reaccionar
2025-05-15 19:12:38 [INFO] utils: Posiciones base inicializadas: {1: Coordenada(x=6, y=19), 2: Coordenada(x=1, y=16), 3: Coordenada(x=4, y=16), 4: Coordenada(x=8, y=16), 5: Coordenada(x=11, y=16), 6: Coordenada(x=3, y=13), 7: Coordenada(x=6, y=13), 8: Coordenada(x=9, y=13), 9: Coordenada(x=6, y=10), 10: Coordenada(x=6, y=1), 11: Coordenada(x=4, y=10)}
2025-05-15 19:12:38 [INFO] utils: Jugador mas cercano 10
2025-05-15 19:12:38 [INFO] client: Accion enviada. Mensaje: mensaje_id='CORRER' token='TOKEN-2913f659-71dc-46f5-9585-20e42ba3b50d' datos={'movimientos': [{'jugador_numero': 10, 'x': 6, 'y': 1}]}
2025-05-15 19:12:38 [ERROR] mensajes: msg_id no interpretado. Data: {'mensaje_id': 'OCUPADO', 'datos': {'descripcion': 'El Servidor está ocupado en este momento. Intente más tarde.'}}
2025-05-15 19:12:38 [WARNING] client: Otro mensaje recibido.
Mensaje Enviado: mensaje_id='CORRER' token='TOKEN-2913f659-71dc-46f5-9585-20e42ba3b50d' datos={'movimientos': [{'jugador_numero': 10, 'x': 6, 'y': 1}]}

Mensaje recibido: None
2025-05-15 19:12:44 [ERROR] client: Mensaje de error del servidor. Mensaje enviado: mensaje_id='CORRER' token='TOKEN-2913f659-71dc-46f5-9585-20e42ba3b50d' datos={'movimientos': [{'jugador_numero': 10, 'x': 6, 'y': 1}]}, Mensaje recibido: mensaje_id='ERROR' datos={'descripcion': 'PATEAR no se puede ejecturar por no poseer la pelota.'}
2025-05-15 19:12:44 [INFO] client: Tienes la pelota!
2025-05-15 19:12:44 [INFO] client: Accion enviada. Mensaje: mensaje_id='PATEAR' token='TOKEN-2913f659-71dc-46f5-9585-20e42ba3b50d' datos={'x': 6, 'y': 0}
2025-05-15 19:12:44 [ERROR] mensajes: msg_id no interpretado. Data: {'mensaje_id': 'GOL', 'destinatario': 'TOKEN-2913f659-71dc-46f5-9585-20e42ba3b50d', 'datos': [{'id': 'equipo:TOKEN-2913f659-71dc-46f5-9585-20e42ba3b50d', 'nombre': 'LANUS', 'formacion': '4-3-3', 'rol': 2, 'goles': 7, 'arco': [{'x': 5, 'y': 19}, {'x': 6, 'y': 19}, {'x': 7, 'y': 19}]}, {'tipo': 'cancha', 'id': 'cancha', 'equipo1': {'id': 'equipo:TOKEN-581c91bb-e060-4aaa-89eb-56f8d59e7482', 'nombre': 'BARCA', 'formacion': '5-3-2', 'rol': 1, 'goles': 0, 'arco': [{'x': 5, 'y': 0}, {'x': 6, 'y': 0}, {'x': 7, 'y': 0}]}, 'equipo2': {'id': 'equipo:TOKEN-2913f659-71dc-46f5-9585-20e42ba3b50d', 'nombre': 'LANUS', 'formacion': '4-3-3', 'rol': 2, 'goles': 7, 'arco': [{'x': 5, 'y': 19}, {'x': 6, 'y': 19}, {'x': 7, 'y': 19}]}, 'sectores': [{'id': 19, 'x': 6, 'y': 1, 'ocupantes': [{'numero': 1, 'nombre': 'Valdez', 'equipo_id': 'equipo:TOKEN-581c91bb-e060-4aaa-89eb-56f8d59e7482', 'sector_id': 19, 'tiene_la_pelota': False}, {'numero': 10, 'nombre': 'Merentiel', 'equipo_id': 'equipo:TOKEN-2913f659-71dc-46f5-9585-20e42ba3b50d', 'es_el_crack': True, 'sector_id': 19, 'tiene_la_pelota': False}]}, {'id': 64, 'x': 12, 'y': 4, 'ocupantes': [{'numero': 2, 'nombre': 'Pique', 'equipo_id': 'equipo:TOKEN-581c91bb-e060-4aaa-89eb-56f8d59e7482', 'sector_id': 64, 'tiene_la_pelota': False}]}, {'id': 48, 'x': 9, 'y': 3, 'ocupantes': [{'numero': 3, 'nombre': 'Puyol', 'equipo_id': 'equipo:TOKEN-581c91bb-e060-4aaa-89eb-56f8d59e7482', 'sector_id': 48, 'tiene_la_pelota': False}]}, {'id': 136, 'x': 6, 'y': 10, 'ocupantes': [{'numero': 4, 'nombre': 'Abidal', 'equipo_id': 'equipo:TOKEN-581c91bb-e060-4aaa-89eb-56f8d59e7482', 'sector_id': 136, 'tiene_la_pelota': False}, {'numero': 9, 'nombre': 'Zenón', 'equipo_id': 'equipo:TOKEN-2913f659-71dc-46f5-9585-20e42ba3b50d', 'sector_id': 136, 'tiene_la_pelota': False}]}, {'id': 42, 'x': 3, 'y': 3, 'ocupantes': [{'numero': 5, 'nombre': 'Dani Alves', 'equipo_id': 'equipo:TOKEN-581c91bb-e060-4aaa-89eb-56f8d59e7482', 'sector_id': 42, 'tiene_la_pelota': False}]}, {'id': 52, 'x': 0, 'y': 4, 'ocupantes': [{'numero': 6, 'nombre': 'Busquets', 'equipo_id': 'equipo:TOKEN-581c91bb-e060-4aaa-89eb-56f8d59e7482', 'sector_id': 52, 'tiene_la_pelota': False}]}, {'id': 93, 'x': 2, 'y': 7, 'ocupantes': [{'numero': 7, 'nombre': 'Xavi', 'equipo_id': 'equipo:TOKEN-581c91bb-e060-4aaa-89eb-56f8d59e7482', 'sector_id': 93, 'tiene_la_pelota': False}]}, {'id': 101, 'x': 10, 'y': 7, 'ocupantes': [{'numero': 8, 'nombre': 'Iniesta', 'equipo_id': 'equipo:TOKEN-581c91bb-e060-4aaa-89eb-56f8d59e7482', 'sector_id': 101, 'tiene_la_pelota': False}]}, {'id': 72, 'x': 7, 'y': 5, 'ocupantes': [{'numero': 9, 'nombre': 'Suarez', 'equipo_id': 'equipo:TOKEN-581c91bb-e060-4aaa-89eb-56f8d59e7482', 'sector_id': 72, 'tiene_la_pelota': False}]}, {'id': 134, 'x': 4, 'y': 10, 'ocupantes': [{'numero': 10, 'nombre': 'Messi', 'equipo_id': 'equipo:TOKEN-581c91bb-e060-4aaa-89eb-56f8d59e7482', 'es_el_crack': True, 'sector_id': 134, 'tiene_la_pelota': False}, {'numero': 11, 'nombre': 'Cavani', 'equipo_id': 'equipo:TOKEN-2913f659-71dc-46f5-9585-20e42ba3b50d', 'tiene_la_pelota': False, 'sector_id': 134}]}, {'id': 125, 'x': 8, 'y': 9, 'ocupantes': [{'numero': 11, 'nombre': 'Neymar Jr', 'equipo_id': 'equipo:TOKEN-581c91bb-e060-4aaa-89eb-56f8d59e7482', 'tiene_la_pelota': False, 'sector_id': 125}]}, {'id': 253, 'x': 6, 'y': 19, 'ocupantes': [{'numero': 1, 'nombre': 'Marchesin', 'equipo_id': 'equipo:TOKEN-2913f659-71dc-46f5-9585-20e42ba3b50d', 'sector_id': 253, 'tiene_la_pelota': False}]}, {'id': 209, 'x': 1, 'y': 16, 'ocupantes': [{'numero': 2, 'nombre': 'Rojo', 'equipo_id': 'equipo:TOKEN-2913f659-71dc-46f5-9585-20e42ba3b50d', 'sector_id': 209, 'tiene_la_pelota': False}]}, {'id': 212, 'x': 4, 'y': 16, 'ocupantes': [{'numero': 3, 'nombre': 'Blanco', 'equipo_id': 'equipo:TOKEN-2913f659-71dc-46f5-9585-20e42ba3b50d', 'sector_id': 212, 'tiene_la_pelota': False}]}, {'id': 216, 'x': 8, 'y': 16, 'ocupantes': [{'numero': 4, 'nombre': 'Advíncula', 'equipo_id': 'equipo:TOKEN-2913f659-71dc-46f5-9585-20e42ba3b50d', 'sector_id': 216, 'tiene_la_pelota': False}]}, {'id': 219, 'x': 11, 'y': 16, 'ocupantes': [{'numero': 5, 'nombre': 'Blondel', 'equipo_id': 'equipo:TOKEN-2913f659-71dc-46f5-9585-20e42ba3b50d', 'sector_id': 219, 'tiene_la_pelota': False}]}, {'id': 172, 'x': 3, 'y': 13, 'ocupantes': [{'numero': 6, 'nombre': 'Belmonte', 'equipo_id': 'equipo:TOKEN-2913f659-71dc-46f5-9585-20e42ba3b50d', 'sector_id': 172, 'tiene_la_pelota': False}]}, {'id': 175, 'x': 6, 'y': 13, 'ocupantes': [{'numero': 7, 'nombre': 'Palacios', 'equipo_id': 'equipo:TOKEN-2913f659-71dc-46f5-9585-20e42ba3b50d', 'sector_id': 175, 'tiene_la_pelota': False}]}, {'id': 178, 'x': 9, 'y': 13, 'ocupantes': [{'numero': 8, 'nombre': 'Delgado', 'equipo_id': 'equipo:TOKEN-2913f659-71dc-46f5-9585-20e42ba3b50d', 'sector_id': 178, 'tiene_la_pelota': False}]}], 'ubicacion_pelota': {'id': 6, 'x': 6, 'y': 0, 'esta_la_pelota': True}, 'time_stamp': '1747347158506'}, {'tipo': 'cancha', 'id': 'cancha_formada', 'equipo1': {'id': 'equipo:TOKEN-581c91bb-e060-4aaa-89eb-56f8d59e7482', 'nombre': 'BARCA', 'formacion': '5-3-2', 'rol': 1, 'goles': 0, 'arco': [{'x': 5, 'y': 0}, {'x': 6, 'y': 0}, {'x': 7, 'y': 0}]}, 'equipo2': {'id': 'equipo:TOKEN-2913f659-71dc-46f5-9585-20e42ba3b50d', 'nombre': 'LANUS', 'formacion': '4-3-3', 'rol': 2, 'goles': 7, 'arco': [{'x': 5, 'y': 19}, {'x': 6, 'y': 19}, {'x': 7, 'y': 19}]}, 'sectores': [{'id': 253, 'x': 6, 'y': 19, 'ocupantes': [{'numero': 1, 'nombre': 'Marchesin', 'equipo_id': 'equipo:TOKEN-2913f659-71dc-46f5-9585-20e42ba3b50d', 'sector_id': 253, 'tiene_la_pelota': False}]}, {'id': 209, 'x': 1, 'y': 16, 'ocupantes': [{'numero': 2, 'nombre': 'Rojo', 'equipo_id': 'equipo:TOKEN-2913f659-71dc-46f5-9585-20e42ba3b50d', 'sector_id': 209, 'tiene_la_pelota': False}]}, {'id': 212, 'x': 4, 'y': 16, 'ocupantes': [{'numero': 3, 'nombre': 'Blanco', 'equipo_id': 'equipo:TOKEN-2913f659-71dc-46f5-9585-20e42ba3b50d', 'sector_id': 212, 'tiene_la_pelota': False}]}, {'id': 216, 'x': 8, 'y': 16, 'ocupantes': [{'numero': 4, 'nombre': 'Advíncula', 'equipo_id': 'equipo:TOKEN-2913f659-71dc-46f5-9585-20e42ba3b50d', 'sector_id': 216, 'tiene_la_pelota': False}]}, {'id': 219, 'x': 11, 'y': 16, 'ocupantes': [{'numero': 5, 'nombre': 'Blondel', 'equipo_id': 'equipo:TOKEN-2913f659-71dc-46f5-9585-20e42ba3b50d', 'sector_id': 219, 'tiene_la_pelota': False}]}, {'id': 172, 'x': 3, 'y': 13, 'ocupantes': [{'numero': 6, 'nombre': 'Belmonte', 'equipo_id': 'equipo:TOKEN-2913f659-71dc-46f5-9585-20e42ba3b50d', 'sector_id': 172, 'tiene_la_pelota': False}]}, {'id': 175, 'x': 6, 'y': 13, 'ocupantes': [{'numero': 7, 'nombre': 'Palacios', 'equipo_id': 'equipo:TOKEN-2913f659-71dc-46f5-9585-20e42ba3b50d', 'sector_id': 175, 'tiene_la_pelota': False}]}, {'id': 178, 'x': 9, 'y': 13, 'ocupantes': [{'numero': 8, 'nombre': 'Delgado', 'equipo_id': 'equipo:TOKEN-2913f659-71dc-46f5-9585-20e42ba3b50d', 'sector_id': 178, 'tiene_la_pelota': False}]}, {'id': 136, 'x': 6, 'y': 10, 'ocupantes': [{'numero': 9, 'nombre': 'Zenón', 'equipo_id': 'equipo:TOKEN-2913f659-71dc-46f5-9585-20e42ba3b50d', 'sector_id': 136, 'tiene_la_pelota': False}]}, {'id': 138, 'x': 8, 'y': 10, 'ocupantes': [{'numero': 10, 'nombre': 'Merentiel', 'equipo_id': 'equipo:TOKEN-2913f659-71dc-46f5-9585-20e42ba3b50d', 'es_el_crack': True, 'sector_id': 138, 'tiene_la_pelota': False}]}, {'id': 134, 'x': 4, 'y': 10, 'ocupantes': [{'numero': 11, 'nombre': 'Cavani', 'equipo_id': 'equipo:TOKEN-2913f659-71dc-46f5-9585-20e42ba3b50d', 'tiene_la_pelota': False, 'sector_id': 134}]}, {'id': 6, 'x': 6, 'y': 0, 'ocupantes': [{'numero': 1, 'nombre': 'Valdez', 'equipo_id': 'equipo:TOKEN-581c91bb-e060-4aaa-89eb-56f8d59e7482', 'sector_id': 6}]}, {'id': 64, 'x': 12, 'y': 4, 'ocupantes': [{'numero': 2, 'nombre': 'Pique', 'equipo_id': 'equipo:TOKEN-581c91bb-e060-4aaa-89eb-56f8d59e7482', 'sector_id': 64}]}, {'id': 48, 'x': 9, 'y': 3, 'ocupantes': [{'numero': 3, 'nombre': 'Puyol', 'equipo_id': 'equipo:TOKEN-581c91bb-e060-4aaa-89eb-56f8d59e7482', 'sector_id': 48}]}, {'id': 45, 'x': 6, 'y': 3, 'ocupantes': [{'numero': 4, 'nombre': 'Abidal', 'equipo_id': 'equipo:TOKEN-581c91bb-e060-4aaa-89eb-56f8d59e7482', 'sector_id': 45}]}, {'id': 42, 'x': 3, 'y': 3, 'ocupantes': [{'numero': 5, 'nombre': 'Dani Alves', 'equipo_id': 'equipo:TOKEN-581c91bb-e060-4aaa-89eb-56f8d59e7482', 'sector_id': 42}]}, {'id': 52, 'x': 0, 'y': 4, 'ocupantes': [{'numero': 6, 'nombre': 'Busquets', 'equipo_id': 'equipo:TOKEN-581c91bb-e060-4aaa-89eb-56f8d59e7482', 'sector_id': 52}]}, {'id': 93, 'x': 2, 'y': 7, 'ocupantes': [{'numero': 7, 'nombre': 'Xavi', 'equipo_id': 'equipo:TOKEN-581c91bb-e060-4aaa-89eb-56f8d59e7482', 'sector_id': 93}]}, {'id': 101, 'x': 10, 'y': 7, 'ocupantes': [{'numero': 8, 'nombre': 'Iniesta', 'equipo_id': 'equipo:TOKEN-581c91bb-e060-4aaa-89eb-56f8d59e7482', 'sector_id': 101}]}, {'id': 84, 'x': 6, 'y': 6, 'ocupantes': [{'numero': 9, 'nombre': 'Suarez', 'equipo_id': 'equipo:TOKEN-581c91bb-e060-4aaa-89eb-56f8d59e7482', 'sector_id': 84}]}, {'id': 121, 'x': 4, 'y': 9, 'ocupantes': [{'numero': 10, 'nombre': 'Messi', 'equipo_id': 'equipo:TOKEN-581c91bb-e060-4aaa-89eb-56f8d59e7482', 'es_el_crack': True, 'sector_id': 121}]}, {'id': 125, 'x': 8, 'y': 9, 'ocupantes': [{'numero': 11, 'nombre': 'Neymar Jr', 'equipo_id': 'equipo:TOKEN-581c91bb-e060-4aaa-89eb-56f8d59e7482', 'tiene_la_pelota': True, 'sector_id': 125}]}], 'ubicacion_pelota': {'id': 121, 'x': 4, 'y': 9}, 'time_stamp': '1747346998161'}, {'tipo': 'reloj', 'reloj': 19647}]}
2025-05-15 19:12:44 [WARNING] client: Otro mensaje recibido.
Mensaje Enviado: mensaje_id='PATEAR' token='TOKEN-2913f659-71dc-46f5-9585-20e42ba3b50d' datos={'x': 6, 'y': 0}

Mensaje recibido: None
2025-05-15 19:12:44 [INFO] client: Reaccionar
2025-05-15 19:12:44 [INFO] utils: Posiciones base inicializadas: {1: Coordenada(x=6, y=19), 2: Coordenada(x=1, y=16), 3: Coordenada(x=4, y=16), 4: Coordenada(x=8, y=16), 5: Coordenada(x=11, y=16), 6: Coordenada(x=3, y=13), 7: Coordenada(x=6, y=13), 8: Coordenada(x=9, y=13), 9: Coordenada(x=6, y=10), 10: Coordenada(x=6, y=1), 11: Coordenada(x=4, y=10)}
2025-05-15 19:12:44 [INFO] utils: Pelota en el aire.
2025-05-15 19:12:44 [INFO] utils: Jugador mas cercano 11
2025-05-15 19:12:44 [INFO] client: Accion enviada. Mensaje: mensaje_id='CORRER' token='TOKEN-2913f659-71dc-46f5-9585-20e42ba3b50d' datos={'movimientos': [{'jugador_numero': 11, 'x': 4, 'y': 9}]}
2025-05-15 19:12:45 [INFO] client: Reaccionar
2025-05-15 19:12:45 [INFO] utils: Posiciones base inicializadas: {1: Coordenada(x=6, y=19), 2: Coordenada(x=1, y=16), 3: Coordenada(x=4, y=16), 4: Coordenada(x=8, y=16), 5: Coordenada(x=11, y=16), 6: Coordenada(x=3, y=13), 7: Coordenada(x=6, y=13), 8: Coordenada(x=9, y=13), 9: Coordenada(x=6, y=10), 10: Coordenada(x=6, y=1), 11: Coordenada(x=4, y=10)}
2025-05-15 19:12:45 [INFO] utils: Pelota en el aire.
2025-05-15 19:12:45 [INFO] utils: Jugador mas cercano 11
2025-05-15 19:12:45 [INFO] client: Accion enviada. Mensaje: mensaje_id='CORRER' token='TOKEN-2913f659-71dc-46f5-9585-20e42ba3b50d' datos={'movimientos': [{'jugador_numero': 11, 'x': 4, 'y': 9}]}
2025-05-15 19:12:45 [ERROR] client: Mensaje de error del servidor. Mensaje enviado: mensaje_id='CORRER' token='TOKEN-2913f659-71dc-46f5-9585-20e42ba3b50d' datos={'movimientos': [{'jugador_numero': 11, 'x': 4, 'y': 9}]}, Mensaje recibido: mensaje_id='ERROR' datos={'descripcion': 'PATEAR no se puede ejecturar por no poseer la pelota.'}
2025-05-15 19:12:45 [INFO] client: Reaccionar
2025-05-15 19:12:45 [INFO] utils: Posiciones base inicializadas: {1: Coordenada(x=6, y=19), 2: Coordenada(x=1, y=16), 3: Coordenada(x=4, y=16), 4: Coordenada(x=8, y=16), 5: Coordenada(x=11, y=16), 6: Coordenada(x=3, y=13), 7: Coordenada(x=6, y=13), 8: Coordenada(x=9, y=13), 9: Coordenada(x=6, y=10), 10: Coordenada(x=6, y=1), 11: Coordenada(x=4, y=10)}
2025-05-15 19:12:45 [INFO] utils: Pelota en el aire.
2025-05-15 19:12:45 [INFO] utils: Jugador mas cercano 11
2025-05-15 19:12:45 [INFO] client: Accion enviada. Mensaje: mensaje_id='CORRER' token='TOKEN-2913f659-71dc-46f5-9585-20e42ba3b50d' datos={'movimientos': [{'jugador_numero': 11, 'x': 4, 'y': 9}]}
2025-05-15 19:12:45 [INFO] client: Tienes la pelota!
2025-05-15 19:12:45 [INFO] client: Accion enviada. Mensaje: mensaje_id='PATEAR' token='TOKEN-2913f659-71dc-46f5-9585-20e42ba3b50d' datos={'x': 6, 'y': 0}
2025-05-15 19:12:45 [ERROR] mensajes: msg_id no interpretado. Data: {'mensaje_id': 'OCUPADO', 'datos': {'descripcion': 'El Servidor está ocupado en este momento. Intente más tarde.'}}
2025-05-15 19:12:45 [WARNING] client: Otro mensaje recibido.
Mensaje Enviado: mensaje_id='PATEAR' token='TOKEN-2913f659-71dc-46f5-9585-20e42ba3b50d' datos={'x': 6, 'y': 0}

Mensaje recibido: None
2025-05-15 19:12:47 [INFO] client: Tienes la pelota!
2025-05-15 19:12:47 [INFO] client: Accion enviada. Mensaje: mensaje_id='PATEAR' token='TOKEN-2913f659-71dc-46f5-9585-20e42ba3b50d' datos={'x': 6, 'y': 0}
2025-05-15 19:12:47 [INFO] client: Tienes la pelota!
2025-05-15 19:12:47 [INFO] client: Accion enviada. Mensaje: mensaje_id='PATEAR' token='TOKEN-2913f659-71dc-46f5-9585-20e42ba3b50d' datos={'x': 6, 'y': 0}
2025-05-15 19:12:47 [INFO] client: Reaccionar
2025-05-15 19:12:47 [INFO] utils: Posiciones base inicializadas: {1: Coordenada(x=6, y=19), 2: Coordenada(x=1, y=16), 3: Coordenada(x=4, y=16), 4: Coordenada(x=8, y=16), 5: Coordenada(x=11, y=16), 6: Coordenada(x=3, y=13), 7: Coordenada(x=6, y=13), 8: Coordenada(x=9, y=13), 9: Coordenada(x=6, y=10), 10: Coordenada(x=6, y=1), 11: Coordenada(x=4, y=9)}
2025-05-15 19:12:47 [INFO] utils: Jugador mas cercano 11
2025-05-15 19:12:47 [INFO] client: Accion enviada. Mensaje: mensaje_id='MARCAR_ADVERSARIO' token='TOKEN-2913f659-71dc-46f5-9585-20e42ba3b50d' datos={'jugador_numero': 11, 'adversario_numero': 10}
2025-05-15 19:12:47 [INFO] client: Tienes la pelota!
2025-05-15 19:12:47 [INFO] client: Accion enviada. Mensaje: mensaje_id='PATEAR' token='TOKEN-2913f659-71dc-46f5-9585-20e42ba3b50d' datos={'x': 6, 'y': 0}
2025-05-15 19:12:47 [ERROR] mensajes: msg_id no interpretado. Data: {'mensaje_id': 'OCUPADO', 'datos': {'descripcion': 'El Servidor está ocupado en este momento. Intente más tarde.'}}
2025-05-15 19:12:47 [WARNING] client: Otro mensaje recibido.
Mensaje Enviado: mensaje_id='PATEAR' token='TOKEN-2913f659-71dc-46f5-9585-20e42ba3b50d' datos={'x': 6, 'y': 0}

Mensaje recibido: None
2025-05-15 19:12:48 [INFO] client: Reaccionar
2025-05-15 19:12:48 [INFO] utils: Posiciones base inicializadas: {1: Coordenada(x=6, y=19), 2: Coordenada(x=1, y=16), 3: Coordenada(x=4, y=16), 4: Coordenada(x=8, y=16), 5: Coordenada(x=11, y=16), 6: Coordenada(x=3, y=13), 7: Coordenada(x=6, y=13), 8: Coordenada(x=9, y=13), 9: Coordenada(x=6, y=10), 10: Coordenada(x=6, y=1), 11: Coordenada(x=4, y=9)}
2025-05-15 19:12:48 [INFO] utils: Jugador mas cercano 11
2025-05-15 19:12:48 [INFO] client: Accion enviada. Mensaje: mensaje_id='CORRER' token='TOKEN-2913f659-71dc-46f5-9585-20e42ba3b50d' datos={'movimientos': [{'jugador_numero': 11, 'x': 4, 'y': 6}]}
2025-05-15 19:12:48 [ERROR] client: Mensaje de error del servidor. Mensaje enviado: mensaje_id='CORRER' token='TOKEN-2913f659-71dc-46f5-9585-20e42ba3b50d' datos={'movimientos': [{'jugador_numero': 11, 'x': 4, 'y': 6}]}, Mensaje recibido: mensaje_id='ERROR' datos={'descripcion': 'PATEAR no se puede ejecturar por no poseer la pelota.'}
2025-05-15 19:12:48 [INFO] client: Reaccionar
2025-05-15 19:12:48 [INFO] utils: Posiciones base inicializadas: {1: Coordenada(x=6, y=19), 2: Coordenada(x=1, y=16), 3: Coordenada(x=4, y=16), 4: Coordenada(x=8, y=16), 5: Coordenada(x=11, y=16), 6: Coordenada(x=3, y=13), 7: Coordenada(x=6, y=13), 8: Coordenada(x=9, y=13), 9: Coordenada(x=6, y=10), 10: Coordenada(x=6, y=1), 11: Coordenada(x=4, y=9)}
2025-05-15 19:12:48 [INFO] utils: Jugador mas cercano 11
2025-05-15 19:12:48 [INFO] client: Accion enviada. Mensaje: mensaje_id='CORRER' token='TOKEN-2913f659-71dc-46f5-9585-20e42ba3b50d' datos={'movimientos': [{'jugador_numero': 11, 'x': 4, 'y': 6}]}
2025-05-15 19:12:48 [INFO] client: Reaccionar
2025-05-15 19:12:48 [INFO] utils: Posiciones base inicializadas: {1: Coordenada(x=6, y=19), 2: Coordenada(x=1, y=16), 3: Coordenada(x=4, y=16), 4: Coordenada(x=8, y=16), 5: Coordenada(x=11, y=16), 6: Coordenada(x=3, y=13), 7: Coordenada(x=6, y=13), 8: Coordenada(x=9, y=13), 9: Coordenada(x=6, y=10), 10: Coordenada(x=6, y=1), 11: Coordenada(x=4, y=9)}
2025-05-15 19:12:48 [INFO] utils: Jugador mas cercano 11
2025-05-15 19:12:48 [INFO] client: Accion enviada. Mensaje: mensaje_id='CORRER' token='TOKEN-2913f659-71dc-46f5-9585-20e42ba3b50d' datos={'movimientos': [{'jugador_numero': 11, 'x': 4, 'y': 6}]}
2025-05-15 19:12:48 [ERROR] mensajes: msg_id no interpretado. Data: {'mensaje_id': 'OCUPADO', 'datos': {'descripcion': 'El Servidor está ocupado en este momento. Intente más tarde.'}}
2025-05-15 19:12:48 [WARNING] client: Otro mensaje recibido.
Mensaje Enviado: mensaje_id='CORRER' token='TOKEN-2913f659-71dc-46f5-9585-20e42ba3b50d' datos={'movimientos': [{'jugador_numero': 11, 'x': 4, 'y': 6}]}

Mensaje recibido: None
2025-05-15 19:12:49 [INFO] client: Reaccionar
2025-05-15 19:12:49 [INFO] utils: Posiciones base inicializadas: {1: Coordenada(x=6, y=19), 2: Coordenada(x=1, y=16), 3: Coordenada(x=4, y=16), 4: Coordenada(x=8, y=16), 5: Coordenada(x=11, y=16), 6: Coordenada(x=3, y=13), 7: Coordenada(x=6, y=13), 8: Coordenada(x=9, y=13), 9: Coordenada(x=6, y=10), 10: Coordenada(x=6, y=1), 11: Coordenada(x=4, y=6)}
2025-05-15 19:12:49 [INFO] utils: Jugador mas cercano 11
2025-05-15 19:12:49 [INFO] client: Accion enviada. Mensaje: mensaje_id='CORRER' token='TOKEN-2913f659-71dc-46f5-9585-20e42ba3b50d' datos={'movimientos': [{'jugador_numero': 11, 'x': 4, 'y': 6}]}
2025-05-15 19:12:49 [INFO] client: Reaccionar
2025-05-15 19:12:49 [INFO] utils: Posiciones base inicializadas: {1: Coordenada(x=6, y=19), 2: Coordenada(x=1, y=16), 3: Coordenada(x=4, y=16), 4: Coordenada(x=8, y=16), 5: Coordenada(x=11, y=16), 6: Coordenada(x=3, y=13), 7: Coordenada(x=6, y=13), 8: Coordenada(x=9, y=13), 9: Coordenada(x=6, y=10), 10: Coordenada(x=6, y=1), 11: Coordenada(x=4, y=6)}
2025-05-15 19:12:49 [INFO] utils: Jugador mas cercano 11
2025-05-15 19:12:49 [INFO] client: Accion enviada. Mensaje: mensaje_id='CORRER' token='TOKEN-2913f659-71dc-46f5-9585-20e42ba3b50d' datos={'movimientos': [{'jugador_numero': 11, 'x': 4, 'y': 6}]}
2025-05-15 19:12:49 [INFO] client: Tienes la pelota!
2025-05-15 19:12:49 [INFO] client: Accion enviada. Mensaje: mensaje_id='PATEAR' token='TOKEN-2913f659-71dc-46f5-9585-20e42ba3b50d' datos={'x': 6, 'y': 0}
2025-05-15 19:12:49 [INFO] client: Tienes la pelota!
2025-05-15 19:12:49 [INFO] client: Accion enviada. Mensaje: mensaje_id='PATEAR' token='TOKEN-2913f659-71dc-46f5-9585-20e42ba3b50d' datos={'x': 6, 'y': 0}
2025-05-15 19:12:49 [ERROR] mensajes: msg_id no interpretado. Data: {'mensaje_id': 'OCUPADO', 'datos': {'descripcion': 'El Servidor está ocupado en este momento. Intente más tarde.'}}
2025-05-15 19:12:49 [WARNING] client: Otro mensaje recibido.
Mensaje Enviado: mensaje_id='PATEAR' token='TOKEN-2913f659-71dc-46f5-9585-20e42ba3b50d' datos={'x': 6, 'y': 0}

Mensaje recibido: None
2025-05-15 19:12:50 [INFO] client: Reaccionar
2025-05-15 19:12:50 [INFO] utils: Posiciones base inicializadas: {1: Coordenada(x=6, y=19), 2: Coordenada(x=1, y=16), 3: Coordenada(x=4, y=16), 4: Coordenada(x=8, y=16), 5: Coordenada(x=11, y=16), 6: Coordenada(x=3, y=13), 7: Coordenada(x=6, y=13), 8: Coordenada(x=9, y=13), 9: Coordenada(x=6, y=10), 10: Coordenada(x=6, y=1), 11: Coordenada(x=4, y=6)}
2025-05-15 19:12:50 [INFO] utils: Jugador mas cercano 11
2025-05-15 19:12:50 [INFO] client: Accion enviada. Mensaje: mensaje_id='MARCAR_ADVERSARIO' token='TOKEN-2913f659-71dc-46f5-9585-20e42ba3b50d' datos={'jugador_numero': 11, 'adversario_numero': 7}
2025-05-15 19:12:50 [INFO] client: Reaccionar
2025-05-15 19:12:50 [INFO] utils: Posiciones base inicializadas: {1: Coordenada(x=6, y=19), 2: Coordenada(x=1, y=16), 3: Coordenada(x=4, y=16), 4: Coordenada(x=8, y=16), 5: Coordenada(x=11, y=16), 6: Coordenada(x=3, y=13), 7: Coordenada(x=6, y=13), 8: Coordenada(x=9, y=13), 9: Coordenada(x=6, y=10), 10: Coordenada(x=6, y=1), 11: Coordenada(x=4, y=6)}
2025-05-15 19:12:50 [INFO] utils: Pelota en el aire.
2025-05-15 19:12:50 [INFO] utils: Jugador mas cercano 11
2025-05-15 19:12:50 [INFO] client: Accion enviada. Mensaje: mensaje_id='CORRER' token='TOKEN-2913f659-71dc-46f5-9585-20e42ba3b50d' datos={'movimientos': [{'jugador_numero': 11, 'x': 4, 'y': 6}]}
2025-05-15 19:12:50 [INFO] client: Reaccionar
2025-05-15 19:12:50 [INFO] utils: Posiciones base inicializadas: {1: Coordenada(x=6, y=19), 2: Coordenada(x=1, y=16), 3: Coordenada(x=4, y=16), 4: Coordenada(x=8, y=16), 5: Coordenada(x=11, y=16), 6: Coordenada(x=3, y=13), 7: Coordenada(x=6, y=13), 8: Coordenada(x=9, y=13), 9: Coordenada(x=6, y=10), 10: Coordenada(x=6, y=1), 11: Coordenada(x=4, y=6)}
2025-05-15 19:12:50 [INFO] utils: Jugador mas cercano 9
2025-05-15 19:12:50 [INFO] client: Accion enviada. Mensaje: mensaje_id='CORRER' token='TOKEN-2913f659-71dc-46f5-9585-20e42ba3b50d' datos={'movimientos': [{'jugador_numero': 9, 'x': 4, 'y': 9}]}
2025-05-15 19:12:50 [INFO] client: Reaccionar
2025-05-15 19:12:50 [INFO] utils: Posiciones base inicializadas: {1: Coordenada(x=6, y=19), 2: Coordenada(x=1, y=16), 3: Coordenada(x=4, y=16), 4: Coordenada(x=8, y=16), 5: Coordenada(x=11, y=16), 6: Coordenada(x=3, y=13), 7: Coordenada(x=6, y=13), 8: Coordenada(x=9, y=13), 9: Coordenada(x=6, y=10), 10: Coordenada(x=6, y=1), 11: Coordenada(x=4, y=6)}
2025-05-15 19:12:50 [INFO] utils: Jugador mas cercano 9
2025-05-15 19:12:50 [INFO] client: Accion enviada. Mensaje: mensaje_id='CORRER' token='TOKEN-2913f659-71dc-46f5-9585-20e42ba3b50d' datos={'movimientos': [{'jugador_numero': 9, 'x': 4, 'y': 9}]}
2025-05-15 19:12:50 [ERROR] mensajes: msg_id no interpretado. Data: {'mensaje_id': 'OCUPADO', 'datos': {'descripcion': 'El Servidor está ocupado en este momento. Intente más tarde.'}}
2025-05-15 19:12:50 [WARNING] client: Otro mensaje recibido.
Mensaje Enviado: mensaje_id='CORRER' token='TOKEN-2913f659-71dc-46f5-9585-20e42ba3b50d' datos={'movimientos': [{'jugador_numero': 9, 'x': 4, 'y': 9}]}

Mensaje recibido: None
2025-05-15 19:12:51 [INFO] client: Reaccionar
2025-05-15 19:12:51 [INFO] utils: Posiciones base inicializadas: {1: Coordenada(x=6, y=19), 2: Coordenada(x=1, y=16), 3: Coordenada(x=4, y=16), 4: Coordenada(x=8, y=16), 5: Coordenada(x=11, y=16), 6: Coordenada(x=3, y=13), 7: Coordenada(x=6, y=13), 8: Coordenada(x=9, y=13), 9: Coordenada(x=6, y=10), 10: Coordenada(x=6, y=1), 11: Coordenada(x=4, y=6)}
2025-05-15 19:12:51 [INFO] utils: Jugador mas cercano 9
2025-05-15 19:12:51 [INFO] client: Accion enviada. Mensaje: mensaje_id='CORRER' token='TOKEN-2913f659-71dc-46f5-9585-20e42ba3b50d' datos={'movimientos': [{'jugador_numero': 9, 'x': 4, 'y': 9}]}
2025-05-15 19:12:51 [INFO] client: Reaccionar
2025-05-15 19:12:51 [INFO] utils: Posiciones base inicializadas: {1: Coordenada(x=6, y=19), 2: Coordenada(x=1, y=16), 3: Coordenada(x=4, y=16), 4: Coordenada(x=8, y=16), 5: Coordenada(x=11, y=16), 6: Coordenada(x=3, y=13), 7: Coordenada(x=6, y=13), 8: Coordenada(x=9, y=13), 9: Coordenada(x=6, y=10), 10: Coordenada(x=6, y=1), 11: Coordenada(x=4, y=6)}
2025-05-15 19:12:51 [INFO] utils: Jugador mas cercano 9
2025-05-15 19:12:51 [INFO] client: Accion enviada. Mensaje: mensaje_id='CORRER' token='TOKEN-2913f659-71dc-46f5-9585-20e42ba3b50d' datos={'movimientos': [{'jugador_numero': 9, 'x': 4, 'y': 9}]}
2025-05-15 19:12:51 [INFO] client: Reaccionar
2025-05-15 19:12:51 [INFO] utils: Posiciones base inicializadas: {1: Coordenada(x=6, y=19), 2: Coordenada(x=1, y=16), 3: Coordenada(x=4, y=16), 4: Coordenada(x=8, y=16), 5: Coordenada(x=11, y=16), 6: Coordenada(x=3, y=13), 7: Coordenada(x=6, y=13), 8: Coordenada(x=9, y=13), 9: Coordenada(x=6, y=10), 10: Coordenada(x=6, y=1), 11: Coordenada(x=4, y=6)}
2025-05-15 19:12:51 [INFO] utils: Jugador mas cercano 9
2025-05-15 19:12:51 [INFO] client: Accion enviada. Mensaje: mensaje_id='CORRER' token='TOKEN-2913f659-71dc-46f5-9585-20e42ba3b50d' datos={'movimientos': [{'jugador_numero': 9, 'x': 4, 'y': 9}]}
2025-05-15 19:12:51 [INFO] client: Reaccionar
2025-05-15 19:12:51 [INFO] utils: Posiciones base inicializadas: {1: Coordenada(x=6, y=19), 2: Coordenada(x=1, y=16), 3: Coordenada(x=4, y=16), 4: Coordenada(x=8, y=16), 5: Coordenada(x=11, y=16), 6: Coordenada(x=3, y=13), 7: Coordenada(x=6, y=13), 8: Coordenada(x=9, y=13), 9: Coordenada(x=6, y=10), 10: Coordenada(x=6, y=1), 11: Coordenada(x=4, y=6)}
2025-05-15 19:12:51 [INFO] utils: Jugador mas cercano 9
2025-05-15 19:12:51 [INFO] client: Accion enviada. Mensaje: mensaje_id='CORRER' token='TOKEN-2913f659-71dc-46f5-9585-20e42ba3b50d' datos={'movimientos': [{'jugador_numero': 9, 'x': 4, 'y': 9}]}
2025-05-15 19:12:51 [INFO] client: Reaccionar
2025-05-15 19:12:51 [INFO] utils: Posiciones base inicializadas: {1: Coordenada(x=6, y=19), 2: Coordenada(x=1, y=16), 3: Coordenada(x=4, y=16), 4: Coordenada(x=8, y=16), 5: Coordenada(x=11, y=16), 6: Coordenada(x=3, y=13), 7: Coordenada(x=6, y=13), 8: Coordenada(x=9, y=13), 9: Coordenada(x=6, y=10), 10: Coordenada(x=6, y=1), 11: Coordenada(x=4, y=6)}
2025-05-15 19:12:51 [INFO] utils: Jugador mas cercano 9
2025-05-15 19:12:51 [INFO] client: Accion enviada. Mensaje: mensaje_id='CORRER' token='TOKEN-2913f659-71dc-46f5-9585-20e42ba3b50d' datos={'movimientos': [{'jugador_numero': 9, 'x': 4, 'y': 9}]}
2025-05-15 19:12:51 [INFO] client: Reaccionar
2025-05-15 19:12:51 [INFO] utils: Posiciones base inicializadas: {1: Coordenada(x=6, y=19), 2: Coordenada(x=1, y=16), 3: Coordenada(x=4, y=16), 4: Coordenada(x=8, y=16), 5: Coordenada(x=11, y=16), 6: Coordenada(x=3, y=13), 7: Coordenada(x=6, y=13), 8: Coordenada(x=9, y=13), 9: Coordenada(x=6, y=10), 10: Coordenada(x=6, y=1), 11: Coordenada(x=4, y=6)}
2025-05-15 19:12:51 [INFO] utils: Jugador mas cercano 9
2025-05-15 19:12:51 [INFO] client: Accion enviada. Mensaje: mensaje_id='CORRER' token='TOKEN-2913f659-71dc-46f5-9585-20e42ba3b50d' datos={'movimientos': [{'jugador_numero': 9, 'x': 4, 'y': 9}]}
2025-05-15 19:12:51 [ERROR] mensajes: msg_id no interpretado. Data: {'mensaje_id': 'OCUPADO', 'datos': {'descripcion': 'El Servidor está ocupado en este momento. Intente más tarde.'}}
2025-05-15 19:12:51 [WARNING] client: Otro mensaje recibido.
Mensaje Enviado: mensaje_id='CORRER' token='TOKEN-2913f659-71dc-46f5-9585-20e42ba3b50d' datos={'movimientos': [{'jugador_numero': 9, 'x': 4, 'y': 9}]}

Mensaje recibido: None
2025-05-15 19:12:52 [INFO] client: Reaccionar
2025-05-15 19:12:52 [INFO] utils: Posiciones base inicializadas: {1: Coordenada(x=6, y=19), 2: Coordenada(x=1, y=16), 3: Coordenada(x=4, y=16), 4: Coordenada(x=8, y=16), 5: Coordenada(x=11, y=16), 6: Coordenada(x=3, y=13), 7: Coordenada(x=6, y=13), 8: Coordenada(x=9, y=13), 9: Coordenada(x=6, y=10), 10: Coordenada(x=6, y=1), 11: Coordenada(x=4, y=6)}
2025-05-15 19:12:52 [INFO] utils: Jugador mas cercano 9
2025-05-15 19:12:52 [INFO] client: Accion enviada. Mensaje: mensaje_id='CORRER' token='TOKEN-2913f659-71dc-46f5-9585-20e42ba3b50d' datos={'movimientos': [{'jugador_numero': 9, 'x': 4, 'y': 9}]}
2025-05-15 19:12:52 [INFO] client: Reaccionar
2025-05-15 19:12:52 [INFO] utils: Posiciones base inicializadas: {1: Coordenada(x=6, y=19), 2: Coordenada(x=1, y=16), 3: Coordenada(x=4, y=16), 4: Coordenada(x=8, y=16), 5: Coordenada(x=11, y=16), 6: Coordenada(x=3, y=13), 7: Coordenada(x=6, y=13), 8: Coordenada(x=9, y=13), 9: Coordenada(x=6, y=10), 10: Coordenada(x=6, y=1), 11: Coordenada(x=4, y=6)}
2025-05-15 19:12:52 [INFO] utils: Jugador mas cercano 9
2025-05-15 19:12:52 [INFO] client: Accion enviada. Mensaje: mensaje_id='CORRER' token='TOKEN-2913f659-71dc-46f5-9585-20e42ba3b50d' datos={'movimientos': [{'jugador_numero': 9, 'x': 4, 'y': 9}]}
2025-05-15 19:12:52 [INFO] client: Reaccionar
2025-05-15 19:12:52 [INFO] utils: Posiciones base inicializadas: {1: Coordenada(x=6, y=19), 2: Coordenada(x=1, y=16), 3: Coordenada(x=4, y=16), 4: Coordenada(x=8, y=16), 5: Coordenada(x=11, y=16), 6: Coordenada(x=3, y=13), 7: Coordenada(x=6, y=13), 8: Coordenada(x=9, y=13), 9: Coordenada(x=4, y=9), 10: Coordenada(x=6, y=1), 11: Coordenada(x=4, y=6)}
2025-05-15 19:12:52 [INFO] utils: Jugador mas cercano 9
2025-05-15 19:12:52 [INFO] client: Accion enviada. Mensaje: mensaje_id='CORRER' token='TOKEN-2913f659-71dc-46f5-9585-20e42ba3b50d' datos={'movimientos': [{'jugador_numero': 9, 'x': 4, 'y': 9}]}
2025-05-15 19:12:52 [INFO] client: Reaccionar
2025-05-15 19:12:52 [INFO] utils: Posiciones base inicializadas: {1: Coordenada(x=6, y=19), 2: Coordenada(x=1, y=16), 3: Coordenada(x=4, y=16), 4: Coordenada(x=8, y=16), 5: Coordenada(x=11, y=16), 6: Coordenada(x=3, y=13), 7: Coordenada(x=6, y=13), 8: Coordenada(x=9, y=13), 9: Coordenada(x=4, y=9), 10: Coordenada(x=6, y=1), 11: Coordenada(x=4, y=6)}
2025-05-15 19:12:52 [INFO] utils: Jugador mas cercano 9
2025-05-15 19:12:52 [INFO] client: Accion enviada. Mensaje: mensaje_id='MARCAR_ADVERSARIO' token='TOKEN-2913f659-71dc-46f5-9585-20e42ba3b50d' datos={'jugador_numero': 9, 'adversario_numero': 10}
2025-05-15 19:12:52 [INFO] client: Reaccionar
2025-05-15 19:12:52 [INFO] utils: Posiciones base inicializadas: {1: Coordenada(x=6, y=19), 2: Coordenada(x=1, y=16), 3: Coordenada(x=4, y=16), 4: Coordenada(x=8, y=16), 5: Coordenada(x=11, y=16), 6: Coordenada(x=3, y=13), 7: Coordenada(x=6, y=13), 8: Coordenada(x=9, y=13), 9: Coordenada(x=4, y=9), 10: Coordenada(x=6, y=1), 11: Coordenada(x=4, y=6)}
2025-05-15 19:12:52 [INFO] utils: Pelota en el aire.
2025-05-15 19:12:52 [INFO] utils: Jugador mas cercano 9
2025-05-15 19:12:52 [INFO] client: Accion enviada. Mensaje: mensaje_id='CORRER' token='TOKEN-2913f659-71dc-46f5-9585-20e42ba3b50d' datos={'movimientos': [{'jugador_numero': 9, 'x': 4, 'y': 9}]}
2025-05-15 19:12:52 [INFO] client: Reaccionar
2025-05-15 19:12:52 [INFO] utils: Posiciones base inicializadas: {1: Coordenada(x=6, y=19), 2: Coordenada(x=1, y=16), 3: Coordenada(x=4, y=16), 4: Coordenada(x=8, y=16), 5: Coordenada(x=11, y=16), 6: Coordenada(x=3, y=13), 7: Coordenada(x=6, y=13), 8: Coordenada(x=9, y=13), 9: Coordenada(x=4, y=9), 10: Coordenada(x=6, y=1), 11: Coordenada(x=4, y=6)}
2025-05-15 19:12:52 [INFO] utils: Jugador mas cercano 9
2025-05-15 19:12:52 [INFO] client: Accion enviada. Mensaje: mensaje_id='CORRER' token='TOKEN-2913f659-71dc-46f5-9585-20e42ba3b50d' datos={'movimientos': [{'jugador_numero': 9, 'x': 4, 'y': 9}]}
2025-05-15 19:12:52 [ERROR] mensajes: msg_id no interpretado. Data: {'mensaje_id': 'OCUPADO', 'datos': {'descripcion': 'El Servidor está ocupado en este momento. Intente más tarde.'}}
2025-05-15 19:12:52 [WARNING] client: Otro mensaje recibido.
Mensaje Enviado: mensaje_id='CORRER' token='TOKEN-2913f659-71dc-46f5-9585-20e42ba3b50d' datos={'movimientos': [{'jugador_numero': 9, 'x': 4, 'y': 9}]}

Mensaje recibido: None
2025-05-15 19:12:53 [INFO] client: Reaccionar
2025-05-15 19:12:53 [INFO] utils: Posiciones base inicializadas: {1: Coordenada(x=6, y=19), 2: Coordenada(x=1, y=16), 3: Coordenada(x=4, y=16), 4: Coordenada(x=8, y=16), 5: Coordenada(x=11, y=16), 6: Coordenada(x=3, y=13), 7: Coordenada(x=6, y=13), 8: Coordenada(x=9, y=13), 9: Coordenada(x=4, y=9), 10: Coordenada(x=6, y=1), 11: Coordenada(x=4, y=6)}
2025-05-15 19:12:53 [INFO] utils: Jugador mas cercano 9
2025-05-15 19:12:53 [INFO] client: Accion enviada. Mensaje: mensaje_id='CORRER' token='TOKEN-2913f659-71dc-46f5-9585-20e42ba3b50d' datos={'movimientos': [{'jugador_numero': 9, 'x': 4, 'y': 9}]}
2025-05-15 19:12:53 [INFO] client: Reaccionar
2025-05-15 19:12:53 [INFO] utils: Posiciones base inicializadas: {1: Coordenada(x=6, y=19), 2: Coordenada(x=1, y=16), 3: Coordenada(x=4, y=16), 4: Coordenada(x=8, y=16), 5: Coordenada(x=11, y=16), 6: Coordenada(x=3, y=13), 7: Coordenada(x=6, y=13), 8: Coordenada(x=9, y=13), 9: Coordenada(x=4, y=9), 10: Coordenada(x=6, y=1), 11: Coordenada(x=4, y=6)}
2025-05-15 19:12:53 [INFO] utils: Jugador mas cercano 9
2025-05-15 19:12:53 [INFO] client: Accion enviada. Mensaje: mensaje_id='CORRER' token='TOKEN-2913f659-71dc-46f5-9585-20e42ba3b50d' datos={'movimientos': [{'jugador_numero': 9, 'x': 4, 'y': 9}]}
2025-05-15 19:12:53 [INFO] client: Reaccionar
2025-05-15 19:12:53 [INFO] utils: Posiciones base inicializadas: {1: Coordenada(x=6, y=19), 2: Coordenada(x=1, y=16), 3: Coordenada(x=4, y=16), 4: Coordenada(x=8, y=16), 5: Coordenada(x=11, y=16), 6: Coordenada(x=3, y=13), 7: Coordenada(x=6, y=13), 8: Coordenada(x=9, y=13), 9: Coordenada(x=4, y=9), 10: Coordenada(x=6, y=1), 11: Coordenada(x=4, y=6)}
2025-05-15 19:12:53 [INFO] utils: Jugador mas cercano 9
2025-05-15 19:12:53 [INFO] client: Accion enviada. Mensaje: mensaje_id='MARCAR_ADVERSARIO' token='TOKEN-2913f659-71dc-46f5-9585-20e42ba3b50d' datos={'jugador_numero': 9, 'adversario_numero': 10}
2025-05-15 19:12:53 [INFO] client: Reaccionar
2025-05-15 19:12:53 [INFO] utils: Posiciones base inicializadas: {1: Coordenada(x=6, y=19), 2: Coordenada(x=1, y=16), 3: Coordenada(x=4, y=16), 4: Coordenada(x=8, y=16), 5: Coordenada(x=11, y=16), 6: Coordenada(x=3, y=13), 7: Coordenada(x=6, y=13), 8: Coordenada(x=9, y=13), 9: Coordenada(x=4, y=9), 10: Coordenada(x=6, y=1), 11: Coordenada(x=4, y=6)}
2025-05-15 19:12:53 [INFO] utils: Jugador mas cercano 10
2025-05-15 19:12:53 [INFO] client: Accion enviada. Mensaje: mensaje_id='MARCAR_ADVERSARIO' token='TOKEN-2913f659-71dc-46f5-9585-20e42ba3b50d' datos={'jugador_numero': 10, 'adversario_numero': 9}
2025-05-15 19:12:53 [INFO] client: Tienes la pelota!
2025-05-15 19:12:53 [INFO] client: Accion enviada. Mensaje: mensaje_id='PATEAR' token='TOKEN-2913f659-71dc-46f5-9585-20e42ba3b50d' datos={'x': 6, 'y': 0}
2025-05-15 19:12:53 [INFO] client: Tienes la pelota!
2025-05-15 19:12:53 [INFO] client: Accion enviada. Mensaje: mensaje_id='PATEAR' token='TOKEN-2913f659-71dc-46f5-9585-20e42ba3b50d' datos={'x': 6, 'y': 0}
2025-05-15 19:12:53 [ERROR] mensajes: msg_id no interpretado. Data: {'mensaje_id': 'OCUPADO', 'datos': {'descripcion': 'El Servidor está ocupado en este momento. Intente más tarde.'}}
2025-05-15 19:12:53 [WARNING] client: Otro mensaje recibido.
Mensaje Enviado: mensaje_id='PATEAR' token='TOKEN-2913f659-71dc-46f5-9585-20e42ba3b50d' datos={'x': 6, 'y': 0}

Mensaje recibido: None
2025-05-15 19:12:54 [INFO] client: Tienes la pelota!
2025-05-15 19:12:54 [INFO] client: Accion enviada. Mensaje: mensaje_id='PATEAR' token='TOKEN-2913f659-71dc-46f5-9585-20e42ba3b50d' datos={'x': 6, 'y': 0}
2025-05-15 19:12:54 [INFO] client: Tienes la pelota!
2025-05-15 19:12:54 [INFO] client: Accion enviada. Mensaje: mensaje_id='PATEAR' token='TOKEN-2913f659-71dc-46f5-9585-20e42ba3b50d' datos={'x': 6, 'y': 0}
2025-05-15 19:12:54 [ERROR] mensajes: msg_id no interpretado. Data: {'mensaje_id': 'OCUPADO', 'datos': {'descripcion': 'El Servidor está ocupado en este momento. Intente más tarde.'}}
2025-05-15 19:12:54 [WARNING] client: Otro mensaje recibido.
Mensaje Enviado: mensaje_id='PATEAR' token='TOKEN-2913f659-71dc-46f5-9585-20e42ba3b50d' datos={'x': 6, 'y': 0}

Mensaje recibido: None
2025-05-15 19:12:55 [INFO] client: Reaccionar
2025-05-15 19:12:55 [INFO] utils: Posiciones base inicializadas: {1: Coordenada(x=6, y=19), 2: Coordenada(x=1, y=16), 3: Coordenada(x=4, y=16), 4: Coordenada(x=8, y=16), 5: Coordenada(x=11, y=16), 6: Coordenada(x=3, y=13), 7: Coordenada(x=6, y=13), 8: Coordenada(x=9, y=13), 9: Coordenada(x=4, y=9), 10: Coordenada(x=6, y=1), 11: Coordenada(x=4, y=6)}
2025-05-15 19:12:55 [INFO] utils: Jugador mas cercano 11
2025-05-15 19:12:55 [INFO] client: Accion enviada. Mensaje: mensaje_id='CORRER' token='TOKEN-2913f659-71dc-46f5-9585-20e42ba3b50d' datos={'movimientos': [{'jugador_numero': 11, 'x': 5, 'y': 5}]}
2025-05-15 19:12:55 [INFO] client: Reaccionar
2025-05-15 19:12:55 [INFO] utils: Posiciones base inicializadas: {1: Coordenada(x=6, y=19), 2: Coordenada(x=1, y=16), 3: Coordenada(x=4, y=16), 4: Coordenada(x=8, y=16), 5: Coordenada(x=11, y=16), 6: Coordenada(x=3, y=13), 7: Coordenada(x=6, y=13), 8: Coordenada(x=9, y=13), 9: Coordenada(x=4, y=9), 10: Coordenada(x=6, y=1), 11: Coordenada(x=4, y=6)}
2025-05-15 19:12:55 [INFO] utils: Jugador mas cercano 11
2025-05-15 19:12:55 [INFO] client: Accion enviada. Mensaje: mensaje_id='CORRER' token='TOKEN-2913f659-71dc-46f5-9585-20e42ba3b50d' datos={'movimientos': [{'jugador_numero': 11, 'x': 5, 'y': 5}]}
2025-05-15 19:12:55 [INFO] client: Reaccionar
2025-05-15 19:12:55 [INFO] utils: Posiciones base inicializadas: {1: Coordenada(x=6, y=19), 2: Coordenada(x=1, y=16), 3: Coordenada(x=4, y=16), 4: Coordenada(x=8, y=16), 5: Coordenada(x=11, y=16), 6: Coordenada(x=3, y=13), 7: Coordenada(x=6, y=13), 8: Coordenada(x=9, y=13), 9: Coordenada(x=4, y=9), 10: Coordenada(x=6, y=1), 11: Coordenada(x=4, y=6)}
2025-05-15 19:12:55 [INFO] utils: Jugador mas cercano 11
2025-05-15 19:12:55 [INFO] client: Accion enviada. Mensaje: mensaje_id='CORRER' token='TOKEN-2913f659-71dc-46f5-9585-20e42ba3b50d' datos={'movimientos': [{'jugador_numero': 11, 'x': 5, 'y': 5}]}
2025-05-15 19:12:55 [ERROR] mensajes: msg_id no interpretado. Data: {'mensaje_id': 'OCUPADO', 'datos': {'descripcion': 'El Servidor está ocupado en este momento. Intente más tarde.'}}
2025-05-15 19:12:55 [WARNING] client: Otro mensaje recibido.
Mensaje Enviado: mensaje_id='CORRER' token='TOKEN-2913f659-71dc-46f5-9585-20e42ba3b50d' datos={'movimientos': [{'jugador_numero': 11, 'x': 5, 'y': 5}]}

Mensaje recibido: None
2025-05-15 19:12:56 [INFO] client: Tienes la pelota!
2025-05-15 19:12:56 [INFO] client: Accion enviada. Mensaje: mensaje_id='PATEAR' token='TOKEN-2913f659-71dc-46f5-9585-20e42ba3b50d' datos={'x': 6, 'y': 0}
2025-05-15 19:12:56 [INFO] client: Tienes la pelota!
2025-05-15 19:12:56 [INFO] client: Accion enviada. Mensaje: mensaje_id='PATEAR' token='TOKEN-2913f659-71dc-46f5-9585-20e42ba3b50d' datos={'x': 6, 'y': 0}
2025-05-15 19:12:56 [INFO] client: Tienes la pelota!
2025-05-15 19:12:56 [INFO] client: Accion enviada. Mensaje: mensaje_id='PATEAR' token='TOKEN-2913f659-71dc-46f5-9585-20e42ba3b50d' datos={'x': 6, 'y': 0}
2025-05-15 19:12:56 [ERROR] mensajes: msg_id no interpretado. Data: {'mensaje_id': 'OCUPADO', 'datos': {'descripcion': 'El Servidor está ocupado en este momento. Intente más tarde.'}}
2025-05-15 19:12:56 [WARNING] client: Otro mensaje recibido.
Mensaje Enviado: mensaje_id='PATEAR' token='TOKEN-2913f659-71dc-46f5-9585-20e42ba3b50d' datos={'x': 6, 'y': 0}

Mensaje recibido: None
2025-05-15 19:12:57 [INFO] client: Tienes la pelota!
2025-05-15 19:12:57 [INFO] client: Accion enviada. Mensaje: mensaje_id='PATEAR' token='TOKEN-2913f659-71dc-46f5-9585-20e42ba3b50d' datos={'x': 6, 'y': 0}
2025-05-15 19:12:57 [ERROR] client: Mensaje de error del servidor. Mensaje enviado: mensaje_id='PATEAR' token='TOKEN-2913f659-71dc-46f5-9585-20e42ba3b50d' datos={'x': 6, 'y': 0}, Mensaje recibido: mensaje_id='ERROR' datos={'descripcion': 'PATEAR no se puede ejecturar por no poseer la pelota.'}
2025-05-15 19:12:57 [INFO] client: Reaccionar
2025-05-15 19:12:57 [INFO] utils: Posiciones base inicializadas: {1: Coordenada(x=6, y=19), 2: Coordenada(x=1, y=16), 3: Coordenada(x=4, y=16), 4: Coordenada(x=8, y=16), 5: Coordenada(x=11, y=16), 6: Coordenada(x=3, y=13), 7: Coordenada(x=6, y=13), 8: Coordenada(x=9, y=13), 9: Coordenada(x=4, y=9), 10: Coordenada(x=6, y=1), 11: Coordenada(x=5, y=5)}
2025-05-15 19:12:57 [INFO] utils: Jugador mas cercano 11
2025-05-15 19:12:57 [INFO] client: Accion enviada. Mensaje: mensaje_id='MARCAR_ADVERSARIO' token='TOKEN-2913f659-71dc-46f5-9585-20e42ba3b50d' datos={'jugador_numero': 11, 'adversario_numero': 7}
2025-05-15 19:12:57 [INFO] client: Reaccionar
2025-05-15 19:12:57 [INFO] utils: Posiciones base inicializadas: {1: Coordenada(x=6, y=19), 2: Coordenada(x=1, y=16), 3: Coordenada(x=4, y=16), 4: Coordenada(x=8, y=16), 5: Coordenada(x=11, y=16), 6: Coordenada(x=3, y=13), 7: Coordenada(x=6, y=13), 8: Coordenada(x=9, y=13), 9: Coordenada(x=4, y=9), 10: Coordenada(x=6, y=1), 11: Coordenada(x=5, y=5)}
2025-05-15 19:12:57 [INFO] utils: Jugador mas cercano 11
2025-05-15 19:12:57 [INFO] client: Accion enviada. Mensaje: mensaje_id='MARCAR_ADVERSARIO' token='TOKEN-2913f659-71dc-46f5-9585-20e42ba3b50d' datos={'jugador_numero': 11, 'adversario_numero': 7}
2025-05-15 19:12:57 [ERROR] mensajes: msg_id no interpretado. Data: {'mensaje_id': 'OCUPADO', 'datos': {'descripcion': 'El Servidor está ocupado en este momento. Intente más tarde.'}}
2025-05-15 19:12:57 [WARNING] client: Otro mensaje recibido.
Mensaje Enviado: mensaje_id='MARCAR_ADVERSARIO' token='TOKEN-2913f659-71dc-46f5-9585-20e42ba3b50d' datos={'jugador_numero': 11, 'adversario_numero': 7}

Mensaje recibido: None
2025-05-15 19:12:58 [ERROR] client: Mensaje de error del servidor. Mensaje enviado: mensaje_id='MARCAR_ADVERSARIO' token='TOKEN-2913f659-71dc-46f5-9585-20e42ba3b50d' datos={'jugador_numero': 11, 'adversario_numero': 7}, Mensaje recibido: mensaje_id='ERROR' datos={'descripcion': 'PATEAR no se puede ejecturar por no poseer la pelota.'}
2025-05-15 19:12:58 [INFO] client: Reaccionar
2025-05-15 19:12:58 [INFO] utils: Posiciones base inicializadas: {1: Coordenada(x=6, y=19), 2: Coordenada(x=1, y=16), 3: Coordenada(x=4, y=16), 4: Coordenada(x=8, y=16), 5: Coordenada(x=11, y=16), 6: Coordenada(x=3, y=13), 7: Coordenada(x=6, y=13), 8: Coordenada(x=9, y=13), 9: Coordenada(x=4, y=9), 10: Coordenada(x=6, y=1), 11: Coordenada(x=5, y=5)}
2025-05-15 19:12:58 [INFO] utils: Jugador mas cercano 11
2025-05-15 19:12:58 [INFO] client: Accion enviada. Mensaje: mensaje_id='MARCAR_ADVERSARIO' token='TOKEN-2913f659-71dc-46f5-9585-20e42ba3b50d' datos={'jugador_numero': 11, 'adversario_numero': 7}
2025-05-15 19:12:58 [INFO] client: Reaccionar
2025-05-15 19:12:58 [INFO] utils: Posiciones base inicializadas: {1: Coordenada(x=6, y=19), 2: Coordenada(x=1, y=16), 3: Coordenada(x=4, y=16), 4: Coordenada(x=8, y=16), 5: Coordenada(x=11, y=16), 6: Coordenada(x=3, y=13), 7: Coordenada(x=6, y=13), 8: Coordenada(x=9, y=13), 9: Coordenada(x=4, y=9), 10: Coordenada(x=6, y=1), 11: Coordenada(x=5, y=5)}
2025-05-15 19:12:58 [INFO] utils: Jugador mas cercano 11
2025-05-15 19:12:58 [INFO] client: Accion enviada. Mensaje: mensaje_id='MARCAR_ADVERSARIO' token='TOKEN-2913f659-71dc-46f5-9585-20e42ba3b50d' datos={'jugador_numero': 11, 'adversario_numero': 7}
2025-05-15 19:12:58 [INFO] client: Reaccionar
2025-05-15 19:12:58 [INFO] utils: Posiciones base inicializadas: {1: Coordenada(x=6, y=19), 2: Coordenada(x=1, y=16), 3: Coordenada(x=4, y=16), 4: Coordenada(x=8, y=16), 5: Coordenada(x=11, y=16), 6: Coordenada(x=3, y=13), 7: Coordenada(x=6, y=13), 8: Coordenada(x=9, y=13), 9: Coordenada(x=4, y=9), 10: Coordenada(x=6, y=1), 11: Coordenada(x=5, y=5)}
2025-05-15 19:12:58 [INFO] utils: Jugador mas cercano 11
2025-05-15 19:12:58 [INFO] client: Accion enviada. Mensaje: mensaje_id='MARCAR_ADVERSARIO' token='TOKEN-2913f659-71dc-46f5-9585-20e42ba3b50d' datos={'jugador_numero': 11, 'adversario_numero': 7}
2025-05-15 19:12:58 [ERROR] mensajes: msg_id no interpretado. Data: {'mensaje_id': 'OCUPADO', 'datos': {'descripcion': 'El Servidor está ocupado en este momento. Intente más tarde.'}}
2025-05-15 19:12:58 [WARNING] client: Otro mensaje recibido.
Mensaje Enviado: mensaje_id='MARCAR_ADVERSARIO' token='TOKEN-2913f659-71dc-46f5-9585-20e42ba3b50d' datos={'jugador_numero': 11, 'adversario_numero': 7}

Mensaje recibido: None
